CASE_ID,ACHA,AIU_CHILD,AIU_PARENT,CYF_KPL,CYF_PL_O,DA,DPW_FS,DPW_GA,DPW_SSI,DPW_TANF,EI,FSC,HACP,HH,IL_CHILD,JPO,JPO_CHILD,JPO_KPL,JPO_PL_O,MH,ID,nClose,Duration,place_Y
28892,0,0,0,0,-1,0,0,0,0,0,-1,0,0,0,0,0,0,0,0,-1,0,3,0,F
28994,1,0,0,1,0,0,1,-1,-1,1,1,-1,0,-1,0,0,0,0,0,-1,0,2,92,T
29003,-1,0,0,0,-1,1,1,-1,0,-1,0,-1,0,1,1,0,0,0,0,1,0,3,184,F
29057,0,0,0,-1,0,-1,-1,0,1,-1,-1,0,0,-1,0,0,0,0,0,-1,0,3,92,F
29128,0,0,0,0,-1,0,1,-1,-1,0,0,0,0,0,0,0,0,0,0,1,0,2,397,F
29164,0,0,0,0,0,0,-1,-1,-1,-1,0,0,1,0,0,0,0,0,0,-1,0,3,62,F
29206,0,0,0,0,0,1,1,0,-1,0,0,-1,0,-1,1,0,0,0,0,-1,0,6,184,F
29350,-1,0,0,0,-1,-1,1,0,-1,1,-1,0,0,-1,-1,1,-1,-1,0,-1,0,3,62,F
29521,1,0,0,0,-1,-1,1,0,1,1,-1,0,1,-1,0,0,0,0,0,1,0,2,245,F
29540,-1,0,0,-1,-1,1,-1,-1,0,-1,-1,-1,0,0,0,0,0,0,0,1,0,4,306,F
29578,0,0,0,0,0,0,-1,0,-1,-1,0,0,-1,0,1,0,-1,0,0,-1,0,1,123,F
29589,0,0,0,-1,-1,-1,-1,0,-1,-1,0,0,0,0,0,1,-1,-1,-1,-1,0,2,92,F
29594,1,0,0,0,-1,-1,-1,0,-1,-1,0,-1,0,0,0,1,-1,0,0,-1,0,2,62,F
29646,-1,0,0,0,-1,-1,1,-1,1,-1,-1,0,1,0,0,0,1,0,0,1,0,2,337,F
29666,1,-1,-1,0,-1,1,-1,-1,-1,-1,-1,-1,0,0,0,0,0,0,0,-1,0,2,30,F
29668,-1,0,-1,0,-1,-1,-1,0,-1,-1,0,-1,0,-1,0,1,-1,1,0,-1,0,3,123,F
29671,0,0,0,0,0,0,-1,0,-1,-1,-1,0,0,0,0,0,0,0,0,-1,0,2,62,F
29679,0,0,0,0,0,-1,-1,0,1,-1,0,0,0,0,0,0,0,0,0,1,0,2,122,F
29710,-1,0,-1,0,-1,-1,-1,-1,-1,-1,-1,-1,1,-1,0,-1,-1,0,-1,-1,-1,2,31,F
29734,0,0,0,-1,-1,1,-1,-1,0,-1,0,-1,-1,-1,0,0,0,0,0,-1,0,3,62,F
29901,0,0,0,0,1,1,1,0,1,0,0,-1,0,-1,0,0,0,0,0,1,0,3,123,F
29913,-1,0,0,0,0,0,-1,0,-1,-1,0,0,0,0,0,0,0,0,0,-1,0,1,92,F
29935,0,0,0,0,0,0,1,0,1,-1,-1,0,0,-1,0,0,0,0,0,-1,-1,2,31,F
29968,-1,-1,0,0,-1,0,-1,-1,-1,-1,-1,-1,0,-1,0,-1,0,0,-1,-1,0,3,397,F
29980,0,0,0,0,0,1,-1,0,0,1,0,0,0,-1,0,0,0,0,0,0,0,3,213,F
30096,-1,0,0,0,0,0,1,0,1,1,-1,-1,0,1,0,0,0,0,0,1,0,3,245,F
30100,0,0,0,1,-1,1,-1,-1,-1,-1,-1,-1,0,-1,0,0,0,0,0,-1,0,3,62,T
30102,-1,0,0,0,1,0,-1,0,-1,-1,-1,0,0,0,0,0,1,-1,0,-1,0,4,153,F
30151,1,0,-1,-1,-1,-1,-1,-1,1,-1,-1,0,0,-1,1,0,0,0,0,-1,0,4,306,F
30163,-1,-1,0,0,-1,-1,1,0,-1,-1,0,-1,0,-1,1,0,0,0,0,-1,0,3,337,F
30171,0,0,0,0,0,-1,1,0,-1,-1,0,0,-1,-1,1,-1,-1,0,0,-1,0,5,153,F
30249,0,0,-1,-1,-1,0,-1,0,1,-1,-1,-1,0,0,1,0,0,0,0,-1,0,2,337,F
30290,0,0,0,0,-1,0,0,0,0,0,0,0,0,0,0,0,0,0,0,-1,0,2,337,F
30342,0,0,0,0,-1,-1,-1,0,-1,-1,0,0,-1,-1,1,-1,1,0,0,-1,0,2,123,F
30346,0,0,0,1,0,1,-1,0,0,0,-1,0,0,0,0,0,0,0,0,-1,0,3,245,T
30368,-1,0,0,-1,-1,1,-1,0,1,1,-1,-1,0,-1,1,0,1,0,0,-1,-1,3,276,F
30383,0,0,0,0,0,-1,-1,0,-1,0,0,0,1,0,0,0,0,0,0,-1,0,3,92,F
30442,-1,0,0,1,-1,-1,1,0,0,1,0,-1,0,0,1,-1,0,0,0,-1,0,2,215,T
30444,-1,0,0,-1,1,-1,-1,0,-1,-1,-1,0,-1,0,1,-1,1,-1,-1,-1,0,3,276,F
30452,-1,0,-1,-1,-1,-1,-1,-1,1,-1,-1,-1,1,-1,0,0,0,0,0,-1,0,3,366,F
30495,-1,0,0,1,-1,1,-1,-1,-1,-1,0,-1,0,0,1,0,0,0,0,-1,0,2,215,T
30516,0,0,0,1,1,0,-1,0,1,-1,1,-1,1,-1,0,0,0,0,0,1,-1,3,276,T
30572,0,0,0,0,-1,-1,-1,0,1,-1,-1,0,-1,0,0,0,0,0,0,-1,0,3,276,F
30643,0,0,0,0,-1,-1,-1,-1,0,1,0,0,0,-1,0,0,0,0,0,-1,0,2,182,F
30645,1,1,-1,1,-1,1,-1,0,0,-1,-1,-1,0,-1,0,0,0,0,0,-1,0,3,92,T
30648,0,0,0,0,-1,0,-1,0,-1,-1,-1,-1,-1,0,0,0,0,0,0,-1,0,2,153,F
30670,0,-1,-1,1,0,-1,1,0,1,-1,0,0,0,-1,0,0,0,0,0,1,0,2,244,T
30701,-1,0,0,0,0,-1,-1,-1,0,-1,-1,-1,0,-1,0,0,0,0,0,1,0,2,30,F
30737,-1,0,0,-1,-1,-1,-1,0,-1,-1,0,0,1,-1,1,-1,0,0,0,-1,0,4,215,F
30743,0,0,0,0,0,0,-1,-1,-1,1,-1,-1,-1,0,0,0,1,-1,0,-1,0,3,123,F
30747,0,-1,-1,0,0,-1,-1,-1,-1,-1,-1,-1,0,-1,0,0,0,0,0,-1,0,6,92,F
30772,1,0,0,0,0,-1,-1,0,0,-1,0,0,0,0,0,0,0,0,0,-1,0,3,31,F
30779,-1,0,-1,-1,-1,-1,-1,-1,0,-1,-1,-1,0,-1,1,0,0,0,0,-1,0,3,92,F
30788,0,0,0,0,1,1,1,0,0,-1,0,-1,0,0,0,0,0,0,0,1,0,3,62,F
30869,0,0,0,-1,-1,-1,-1,-1,1,0,-1,0,0,0,1,0,0,0,0,-1,-1,5,62,F
30901,1,0,0,0,-1,0,-1,0,-1,-1,-1,1,0,-1,0,0,0,0,0,-1,0,2,30,F
30902,-1,0,0,0,-1,1,-1,-1,0,1,0,0,0,0,0,0,0,0,0,-1,0,2,245,F
30905,0,0,0,0,0,-1,-1,0,0,-1,0,0,0,0,0,0,0,0,0,-1,0,2,0,F
30943,-1,0,0,0,-1,-1,1,-1,-1,-1,0,-1,0,1,0,0,0,0,0,-1,0,6,0,F
30990,-1,0,0,-1,0,-1,1,0,-1,-1,0,-1,0,1,0,0,1,0,0,1,-1,6,245,F
31041,-1,0,0,0,0,-1,-1,0,-1,-1,0,-1,-1,-1,0,0,0,0,0,-1,0,2,92,F
31052,0,0,0,0,-1,1,1,0,0,0,-1,0,1,0,0,-1,0,0,-1,1,0,2,31,F
31053,0,0,0,0,-1,1,-1,0,0,-1,-1,0,0,0,0,0,0,0,0,-1,0,6,397,F
31119,0,-1,0,1,-1,-1,-1,0,-1,-1,0,-1,-1,-1,0,0,0,0,0,-1,0,3,92,T
31188,0,0,0,0,0,1,1,-1,1,1,0,1,1,-1,0,0,0,0,-1,1,0,3,397,F
31197,0,0,0,0,-1,-1,1,-1,1,-1,-1,0,-1,-1,0,0,0,0,0,-1,0,2,245,F
31209,-1,0,0,1,0,-1,-1,0,1,-1,1,-1,1,0,0,0,0,0,0,1,0,4,276,T
31219,0,0,0,0,0,1,-1,0,0,-1,0,-1,0,0,0,0,0,0,0,1,0,2,62,F
31258,-1,0,0,0,0,-1,1,0,-1,-1,0,-1,0,0,0,-1,0,0,0,1,0,4,276,F
31285,0,0,0,-1,-1,-1,1,-1,-1,-1,-1,0,0,0,0,0,0,0,0,-1,-1,3,243,F
31314,0,0,0,0,-1,1,-1,-1,0,-1,0,-1,0,1,0,-1,0,0,-1,-1,0,3,153,F
31316,-1,0,0,0,-1,-1,-1,0,0,-1,0,0,0,0,0,-1,0,0,-1,-1,0,2,91,F
31339,0,0,0,0,-1,-1,1,0,-1,-1,0,0,1,0,0,-1,0,0,-1,-1,0,3,31,F
31341,0,0,0,0,-1,1,-1,-1,0,-1,0,-1,1,0,0,0,0,0,0,1,0,4,153,F
31368,-1,-1,-1,-1,-1,-1,-1,-1,-1,1,-1,-1,-1,-1,0,-1,0,0,-1,-1,0,4,245,F
31520,0,0,0,1,-1,1,-1,0,-1,-1,0,-1,0,0,0,0,0,0,0,-1,0,2,397,T
31523,-1,-1,-1,0,0,-1,-1,-1,0,-1,0,0,0,-1,0,-1,0,0,0,-1,0,3,153,F
31524,0,0,0,1,-1,1,-1,0,-1,-1,0,-1,0,0,0,-1,0,0,-1,1,0,3,62,T
31540,-1,0,0,0,-1,0,-1,0,-1,-1,-1,-1,1,-1,0,-1,0,0,0,-1,-1,4,30,F
31600,1,-1,-1,0,0,1,1,0,-1,-1,-1,-1,0,-1,0,0,0,0,0,-1,0,5,276,F
31610,1,-1,-1,-1,-1,-1,-1,-1,-1,1,-1,-1,-1,-1,0,0,0,0,0,-1,0,6,123,F
31652,1,-1,0,0,-1,-1,-1,-1,0,1,0,-1,0,1,-1,-1,0,0,-1,-1,0,3,276,F
31659,-1,1,-1,0,0,-1,-1,0,0,-1,0,0,0,0,0,0,0,0,0,-1,0,2,31,F
31661,1,-1,0,1,-1,1,-1,0,-1,-1,0,0,0,0,0,0,0,0,0,1,0,2,153,T
31683,0,0,0,-1,-1,-1,-1,-1,-1,-1,-1,0,0,-1,-1,-1,-1,1,-1,-1,0,3,153,F
31707,0,0,0,0,0,0,-1,0,1,0,0,-1,0,-1,0,0,0,0,0,1,0,3,60,F
31712,0,0,0,0,-1,-1,-1,-1,0,-1,-1,0,0,-1,0,0,0,0,0,-1,0,5,92,F
31718,-1,-1,0,0,-1,-1,-1,0,1,-1,-1,-1,1,-1,0,-1,0,0,0,-1,0,5,153,F
31734,1,0,0,-1,0,-1,-1,-1,0,-1,-1,1,0,-1,0,-1,0,0,-1,-1,0,5,153,F
31772,0,-1,-1,-1,-1,-1,1,-1,-1,1,-1,-1,-1,-1,0,0,0,0,0,-1,-1,2,366,F
31779,1,0,0,0,-1,-1,-1,0,0,-1,1,1,-1,-1,-1,-1,0,0,-1,-1,0,2,397,F
31782,-1,0,0,1,-1,-1,1,0,0,-1,0,0,0,-1,0,-1,0,0,-1,-1,0,3,62,T
31795,0,0,0,0,-1,0,1,0,0,1,0,0,0,0,-1,0,0,0,0,-1,0,2,31,F
31796,-1,0,0,0,0,-1,-1,0,-1,-1,0,-1,-1,-1,0,-1,0,0,-1,-1,0,5,62,F
31812,-1,0,0,0,-1,1,-1,0,0,1,0,-1,0,0,1,-1,0,0,0,1,0,3,276,F
31826,-1,0,0,0,-1,-1,-1,0,-1,-1,-1,0,0,-1,-1,-1,0,0,-1,-1,0,4,397,F
31835,-1,0,0,0,-1,1,-1,-1,-1,-1,0,1,1,-1,0,-1,0,0,0,1,0,3,245,F
31837,0,0,0,0,-1,1,-1,-1,-1,1,-1,-1,0,-1,0,0,0,0,0,1,0,4,61,F
31853,0,0,0,1,-1,1,-1,-1,0,-1,0,0,0,0,0,-1,0,0,0,-1,0,2,306,T
31856,0,0,0,0,-1,0,-1,0,-1,1,-1,-1,0,0,0,0,0,0,0,-1,0,2,306,F
31869,0,0,0,0,-1,-1,1,0,-1,1,0,1,1,1,0,0,0,0,0,1,-1,3,183,F
31884,-1,0,0,1,-1,-1,1,-1,-1,1,-1,0,1,1,0,-1,0,0,-1,1,0,3,215,T
31942,1,0,0,0,-1,-1,1,0,-1,1,0,-1,0,-1,0,0,0,0,0,1,-1,3,122,F
31962,0,0,0,1,-1,1,-1,0,-1,-1,-1,0,0,1,0,0,0,0,0,1,0,4,245,T
31978,0,0,0,0,0,1,-1,-1,0,0,0,0,0,0,0,-1,0,0,0,-1,0,2,306,F
31991,-1,0,0,0,0,-1,-1,0,-1,-1,1,-1,0,1,0,0,0,0,0,-1,0,4,184,F
31999,-1,0,0,0,-1,-1,-1,0,1,-1,0,-1,-1,-1,0,-1,0,0,-1,-1,0,2,274,F
32007,-1,0,0,0,-1,0,-1,-1,-1,-1,-1,-1,-1,-1,0,0,0,0,0,-1,0,4,184,F
32048,1,-1,-1,0,0,-1,-1,0,-1,1,-1,1,0,-1,0,0,0,0,0,-1,-1,2,92,F
32055,0,0,0,0,0,-1,1,-1,0,-1,-1,0,0,-1,0,0,0,0,0,-1,0,2,92,F
32078,1,1,0,0,-1,-1,1,-1,0,1,-1,1,1,-1,0,-1,0,0,0,-1,0,3,0,F
32086,-1,0,-1,-1,-1,-1,-1,0,-1,-1,0,-1,0,0,1,-1,0,0,-1,1,0,4,215,F
32091,0,0,0,-1,1,-1,-1,0,-1,-1,0,-1,0,1,0,-1,0,0,-1,-1,0,3,123,F
32095,-1,0,0,-1,-1,-1,-1,-1,-1,-1,-1,-1,0,0,0,-1,0,0,-1,-1,0,3,153,F
32124,0,0,0,0,-1,-1,-1,-1,0,1,-1,0,0,-1,0,0,0,0,0,1,0,2,306,F
32169,-1,0,0,0,0,-1,1,0,1,0,0,-1,0,-1,0,0,0,0,0,-1,0,3,92,F
32209,0,0,-1,0,0,0,1,0,0,0,0,0,0,0,0,0,0,0,0,-1,0,2,92,F
32274,0,0,0,0,-1,-1,-1,0,0,-1,-1,-1,-1,0,-1,-1,-1,0,-1,-1,0,2,92,F
32301,0,0,0,1,0,1,1,-1,0,1,1,0,0,1,0,-1,0,0,0,1,0,2,245,T
32324,-1,-1,-1,0,-1,0,-1,0,1,-1,-1,-1,0,0,0,-1,0,0,0,-1,0,5,62,F
32334,0,-1,-1,0,-1,-1,-1,-1,-1,-1,-1,-1,0,0,1,-1,0,0,0,-1,0,5,245,F
32397,0,-1,0,1,-1,-1,-1,0,-1,-1,1,0,0,-1,0,-1,0,0,-1,-1,0,2,366,T
32418,0,0,0,0,0,1,-1,0,-1,-1,0,0,-1,-1,0,0,0,0,0,-1,-1,3,90,F
32428,0,0,0,0,0,-1,-1,0,1,-1,-1,-1,0,-1,0,0,0,0,0,-1,0,2,123,F
32478,-1,0,0,1,0,-1,-1,0,0,-1,0,0,0,0,0,0,0,0,0,-1,0,2,276,T
32542,-1,0,0,-1,-1,-1,-1,0,-1,-1,-1,0,-1,0,0,-1,1,0,-1,-1,0,5,214,F
32604,0,0,0,0,-1,-1,-1,0,-1,-1,-1,0,0,0,0,1,1,-1,0,-1,0,2,215,F
32613,-1,0,0,1,-1,-1,1,0,-1,1,-1,0,0,-1,-1,1,1,-1,0,-1,0,3,337,T
32615,0,0,0,0,1,-1,-1,-1,1,1,-1,1,0,1,0,0,0,0,0,-1,0,4,60,F
32659,-1,0,0,-1,-1,1,1,0,1,-1,-1,-1,1,-1,0,0,0,0,0,1,0,4,276,F
32668,0,0,0,0,0,0,1,0,0,1,0,0,1,0,0,0,0,0,0,-1,0,5,91,F
32680,0,0,0,0,-1,-1,-1,-1,1,1,-1,0,0,-1,0,-1,0,0,0,-1,0,4,92,F
32716,1,0,0,0,1,1,-1,0,1,-1,-1,-1,0,-1,0,0,0,0,0,1,0,3,122,F
32731,0,0,0,-1,-1,1,1,0,1,1,-1,-1,-1,-1,0,0,1,0,0,-1,-1,4,122,F
32754,0,-1,-1,0,0,0,-1,0,-1,0,-1,0,0,0,0,0,0,0,0,-1,-1,3,92,F
32790,0,-1,-1,-1,-1,-1,-1,0,1,-1,0,0,0,-1,0,0,-1,-1,0,-1,0,3,62,F
32801,0,-1,0,0,1,0,0,0,-1,0,0,0,0,0,0,0,0,0,0,-1,0,3,62,F
32809,-1,0,0,0,0,-1,-1,0,-1,-1,0,-1,-1,0,0,0,0,0,0,-1,0,2,214,F
32839,0,-1,0,0,-1,0,-1,0,1,-1,-1,0,0,0,0,0,0,0,0,1,0,3,61,F
32902,-1,0,0,0,1,-1,-1,-1,0,-1,0,0,0,-1,0,-1,0,0,-1,-1,0,6,92,F
32945,1,-1,-1,0,0,-1,1,0,0,1,-1,-1,0,0,0,0,0,0,0,-1,0,4,123,F
32961,0,0,-1,0,-1,-1,1,0,-1,1,-1,-1,1,-1,0,0,0,0,0,-1,0,2,0,F
32980,0,-1,0,0,0,-1,1,0,0,-1,0,0,0,0,0,0,0,0,0,1,0,2,62,F
32993,0,0,0,1,-1,-1,0,0,0,0,0,0,0,0,0,-1,0,0,0,-1,0,2,397,T
33098,0,0,0,0,-1,-1,-1,0,-1,1,-1,-1,0,0,0,-1,0,0,-1,-1,-1,2,276,F
33101,0,0,0,1,0,-1,-1,0,0,-1,0,0,-1,0,1,0,0,0,0,-1,0,2,276,T
33102,0,-1,-1,0,1,-1,1,0,1,-1,-1,0,0,-1,0,-1,0,0,-1,-1,0,3,123,F
33135,0,-1,-1,1,-1,-1,1,0,-1,1,-1,-1,0,0,0,0,0,0,0,-1,-1,6,366,T
33138,0,0,-1,0,0,-1,1,-1,-1,-1,0,-1,0,-1,0,0,0,0,0,-1,0,2,184,F
33139,1,0,0,0,-1,-1,-1,0,-1,0,0,-1,-1,0,1,1,1,-1,-1,-1,0,4,62,F
33170,0,0,0,0,0,-1,-1,-1,1,-1,0,0,0,0,0,0,0,0,0,-1,0,3,61,F
33197,0,0,0,0,0,1,1,0,0,1,0,0,1,0,0,0,0,0,0,1,0,2,304,F
33255,0,-1,-1,0,-1,-1,-1,0,0,-1,-1,0,0,0,0,0,0,0,0,-1,0,2,153,F
33268,-1,-1,0,1,0,-1,-1,0,-1,-1,-1,-1,0,-1,0,0,0,0,0,-1,0,2,245,T
33274,0,0,0,1,0,-1,1,0,0,-1,0,0,0,-1,1,0,0,0,0,1,0,2,276,T
33289,0,0,0,0,0,-1,1,0,1,-1,0,-1,1,-1,0,0,0,0,0,-1,0,3,0,F
33301,-1,0,0,0,-1,-1,1,0,-1,-1,0,-1,0,0,0,-1,0,0,-1,-1,0,3,123,F
33339,0,0,0,0,1,-1,-1,0,1,-1,-1,-1,1,0,0,-1,1,1,0,-1,0,3,123,F
33342,-1,0,0,0,1,-1,-1,-1,-1,-1,0,-1,-1,-1,0,-1,0,0,-1,-1,0,2,62,F
33349,0,0,0,0,-1,0,-1,0,0,1,-1,-1,0,0,0,0,0,0,0,1,0,4,276,F
33366,0,0,0,1,-1,-1,-1,-1,-1,-1,1,0,0,0,0,0,0,0,0,-1,0,2,306,T
33405,-1,0,0,0,0,-1,-1,0,-1,-1,0,0,0,-1,0,0,1,1,0,-1,0,2,123,F
33410,0,0,0,0,1,0,-1,0,0,0,0,0,0,0,0,0,0,0,0,0,0,5,123,F
33413,-1,0,-1,-1,-1,1,-1,-1,0,-1,-1,0,-1,-1,0,-1,0,0,-1,1,0,3,122,F
33453,1,0,0,0,-1,-1,-1,-1,0,-1,0,-1,1,1,0,-1,0,0,0,-1,0,3,276,F
33472,1,0,0,0,-1,0,-1,0,0,0,0,-1,0,-1,0,0,0,0,0,-1,0,3,92,F
33514,0,0,0,0,0,-1,-1,0,-1,-1,-1,0,1,0,0,0,0,0,0,1,0,3,123,F
33598,1,0,0,0,-1,-1,-1,-1,1,1,-1,-1,0,-1,0,-1,0,0,-1,-1,0,4,90,F
33624,0,0,0,0,-1,-1,1,-1,0,-1,0,0,0,-1,0,0,0,0,0,-1,0,2,306,F
33648,0,0,0,0,0,-1,-1,-1,-1,-1,0,0,-1,-1,0,0,-1,0,0,-1,0,4,92,F
33651,0,0,0,0,0,-1,-1,0,0,1,0,0,0,0,0,0,0,0,0,-1,0,4,30,F
33671,0,-1,-1,1,0,1,1,0,0,1,0,0,0,0,0,0,0,0,0,1,0,5,215,T
33673,0,0,0,-1,-1,-1,1,-1,-1,-1,-1,0,-1,-1,0,0,0,0,0,-1,0,5,215,F
33692,0,-1,0,1,-1,-1,-1,0,0,-1,1,-1,0,-1,0,-1,0,0,-1,1,0,3,306,T
33693,0,-1,0,0,-1,0,0,0,0,0,0,0,0,0,0,0,0,0,0,0,0,2,121,F
33700,0,0,0,0,0,0,-1,-1,1,-1,0,0,-1,-1,0,0,1,0,0,-1,0,2,91,F
33724,0,0,0,0,0,0,1,0,0,0,0,0,0,0,0,0,0,0,0,-1,0,5,122,F
33771,0,0,0,0,1,1,-1,0,0,-1,0,0,0,0,0,-1,0,0,0,-1,0,2,30,F
33809,0,-1,-1,0,0,0,1,0,0,1,0,-1,0,0,0,0,0,0,0,-1,0,2,122,F
33820,-1,-1,0,-1,0,-1,-1,0,1,-1,0,0,-1,1,1,-1,1,-1,-1,-1,0,4,151,F
33824,-1,0,0,0,1,1,-1,0,-1,-1,-1,0,-1,1,0,-1,0,0,0,-1,0,3,245,F
33841,-1,0,0,-1,-1,1,1,0,-1,-1,0,0,0,0,0,0,0,0,0,-1,0,2,122,F
33876,0,0,0,0,0,1,1,0,-1,-1,0,0,0,0,0,-1,0,0,0,-1,0,2,274,F
33902,0,0,0,0,1,-1,-1,-1,0,-1,0,0,0,0,0,-1,0,0,-1,1,0,2,31,F
33904,0,0,0,0,-1,1,-1,-1,0,-1,-1,0,0,0,0,0,0,0,0,-1,0,2,92,F
33941,0,0,0,1,0,-1,1,-1,0,-1,0,-1,0,-1,0,0,0,0,0,0,0,2,184,T
33950,-1,0,0,0,0,1,-1,0,-1,0,-1,0,0,1,0,0,0,0,0,-1,0,2,306,F
33958,0,0,0,0,0,0,-1,0,0,0,0,0,0,0,0,0,0,0,0,1,0,2,397,F
34021,0,0,0,0,0,1,-1,0,0,1,0,0,0,0,0,0,0,0,0,-1,0,2,153,F
34082,0,0,0,0,-1,-1,-1,0,1,-1,0,-1,0,-1,1,1,0,0,0,-1,0,3,92,F
34126,-1,0,0,0,0,-1,-1,0,-1,1,-1,-1,-1,-1,0,0,0,0,0,-1,-1,2,62,F
34145,-1,0,-1,0,0,-1,1,0,-1,-1,-1,-1,1,-1,0,-1,0,0,-1,-1,0,3,61,F
34154,0,0,0,0,-1,-1,-1,-1,1,-1,-1,0,0,-1,0,0,0,0,0,-1,0,2,337,F
34155,-1,-1,-1,0,1,1,-1,0,-1,-1,0,0,0,0,0,0,0,0,0,1,0,3,366,F
34193,-1,0,0,0,0,0,-1,-1,0,-1,1,0,0,-1,0,0,0,0,0,1,0,5,183,F
34279,-1,0,0,0,0,-1,-1,0,-1,-1,-1,-1,-1,1,0,0,0,0,0,-1,0,5,62,F
34312,0,0,0,0,-1,-1,1,0,1,1,0,0,-1,1,0,-1,0,0,-1,-1,0,3,215,F
34319,0,0,0,0,-1,-1,-1,0,1,-1,0,0,0,0,0,-1,0,0,-1,-1,0,2,123,F
34341,1,-1,-1,-1,1,1,-1,0,-1,-1,-1,-1,0,-1,0,0,0,0,0,-1,0,3,30,F
34622,0,0,0,0,-1,-1,1,0,1,-1,0,-1,0,-1,0,0,0,0,0,-1,0,3,276,F
34771,0,-1,-1,0,-1,1,-1,-1,0,-1,0,0,0,-1,1,0,0,0,0,-1,0,3,62,F
34779,0,-1,-1,-1,1,0,1,0,-1,-1,-1,-1,0,0,0,0,0,0,0,-1,0,3,184,F
34815,-1,0,0,0,0,1,-1,-1,0,-1,-1,0,0,0,0,0,0,0,0,1,0,2,366,F
34842,1,0,0,0,0,-1,-1,0,-1,0,0,-1,0,0,0,0,0,0,0,1,0,2,62,F
34851,-1,0,0,0,-1,-1,-1,0,-1,-1,-1,-1,1,-1,0,-1,-1,0,-1,-1,0,3,30,F
34866,-1,0,0,0,0,-1,-1,0,-1,-1,-1,1,-1,-1,0,0,0,0,0,-1,0,4,245,F
34868,0,0,0,0,0,0,-1,0,0,1,1,-1,0,0,0,-1,0,0,-1,-1,0,2,153,F
34871,0,1,0,1,0,0,1,0,0,0,-1,-1,0,0,0,0,0,0,0,0,0,4,184,T
34889,0,0,0,0,0,0,1,0,-1,0,-1,0,0,0,0,0,0,0,0,-1,0,2,153,F
34896,1,-1,-1,0,0,-1,1,-1,-1,-1,-1,-1,0,0,0,0,0,0,0,-1,0,3,276,F
34902,-1,-1,0,1,0,1,-1,0,0,-1,0,0,0,0,0,0,0,0,0,-1,0,4,92,T
34933,0,0,0,0,-1,-1,-1,0,-1,-1,-1,0,0,-1,0,-1,0,0,-1,-1,0,3,276,F
34938,0,0,0,0,0,0,1,0,0,0,0,0,0,0,0,0,0,0,0,-1,0,2,30,F
35045,1,0,0,0,0,-1,1,0,0,-1,0,-1,0,0,0,0,0,0,0,1,0,2,276,F
35070,0,0,0,0,0,-1,-1,0,-1,-1,0,1,0,-1,0,0,0,0,0,-1,0,2,60,F
35095,0,0,0,0,0,-1,-1,0,-1,-1,0,-1,0,0,0,0,0,0,0,-1,0,2,62,F
35137,0,0,0,1,0,1,1,0,0,1,1,0,0,-1,0,-1,0,0,-1,1,0,2,306,T
35211,0,0,0,0,-1,1,-1,-1,0,-1,0,0,0,-1,0,0,0,0,0,-1,0,3,31,F
35279,0,0,0,0,0,-1,-1,-1,-1,-1,0,-1,0,0,0,0,0,0,0,-1,0,3,122,F
35292,0,0,0,0,-1,-1,-1,0,-1,-1,0,-1,1,0,0,-1,0,0,0,-1,0,2,123,F
35343,0,0,0,0,-1,-1,-1,0,-1,-1,1,-1,-1,-1,-1,-1,-1,-1,1,-1,0,4,92,F
35460,1,-1,-1,0,0,-1,-1,0,-1,-1,0,0,0,0,1,0,0,0,0,1,0,3,306,F
35475,-1,0,-1,0,-1,-1,-1,-1,0,-1,0,-1,0,-1,0,-1,0,0,-1,-1,0,3,92,F
35485,-1,0,0,0,0,-1,1,0,1,-1,0,0,-1,0,0,0,0,0,0,-1,0,3,0,F
35486,0,0,0,1,-1,-1,-1,-1,1,1,-1,0,0,-1,0,0,0,0,0,-1,0,3,306,T
35495,0,0,0,0,0,-1,-1,0,-1,-1,0,-1,0,-1,0,0,0,0,0,-1,0,4,0,F
36008,0,0,0,0,1,1,-1,-1,1,1,-1,0,0,-1,0,0,0,0,0,-1,0,3,31,F
36714,0,0,0,0,0,0,1,0,0,-1,0,0,1,0,0,0,0,0,0,-1,0,2,62,F
37967,-1,-1,-1,-1,1,-1,1,-1,-1,-1,-1,-1,-1,0,0,0,0,0,0,-1,0,4,397,F
38507,0,0,0,0,0,1,1,0,-1,-1,0,0,0,1,0,0,0,0,0,1,0,2,397,F
39033,1,0,0,0,-1,-1,1,0,1,1,0,0,-1,0,0,-1,0,0,-1,-1,0,2,153,F
39138,0,0,0,0,-1,-1,-1,0,0,1,0,0,1,-1,0,-1,0,0,-1,-1,0,2,184,F
39146,0,0,0,0,-1,-1,-1,-1,-1,0,0,0,1,0,0,0,1,1,0,-1,0,2,184,F
39179,0,0,0,0,0,-1,-1,-1,1,1,0,0,0,0,0,0,0,0,0,-1,0,3,245,F
39962,-1,-1,-1,-1,-1,-1,1,0,-1,1,-1,-1,0,-1,0,0,0,0,0,-1,0,2,184,F
40541,0,0,0,1,0,0,1,0,0,0,0,0,0,0,0,0,0,0,0,0,0,2,215,T
40747,-1,0,0,0,0,-1,1,-1,1,1,0,-1,0,-1,0,-1,0,0,-1,-1,0,1,397,F
41622,1,0,-1,0,1,-1,-1,0,-1,-1,1,-1,-1,0,0,-1,-1,-1,-1,-1,-1,2,62,F
41785,0,0,0,0,0,0,1,-1,0,0,-1,0,0,-1,0,0,0,0,0,-1,0,3,92,F
42009,-1,0,0,0,0,1,-1,0,-1,-1,0,-1,0,0,1,-1,-1,-1,-1,-1,-1,1,397,F
42049,0,0,0,0,-1,-1,-1,0,-1,-1,-1,0,-1,0,0,1,-1,0,0,-1,0,2,0,F
42175,0,0,0,1,0,0,-1,0,-1,-1,0,-1,0,0,0,0,1,1,0,-1,0,2,184,T
43069,-1,0,-1,0,0,-1,-1,0,-1,-1,0,-1,-1,0,0,-1,0,0,-1,-1,0,3,123,F
43283,0,0,0,0,0,0,1,0,0,0,0,0,0,0,0,0,0,0,0,0,0,2,276,F
47057,0,0,0,0,0,1,-1,0,0,-1,0,0,0,0,0,0,0,0,0,-1,0,2,62,F
47089,0,0,0,0,0,-1,-1,0,1,1,0,0,-1,-1,0,0,0,0,0,-1,0,2,153,F
47106,0,0,0,0,0,-1,-1,0,0,0,0,0,0,0,0,0,0,0,0,1,0,2,61,F
47149,-1,0,0,1,0,-1,1,0,0,1,1,1,0,1,1,0,0,0,0,-1,0,3,397,T
47157,0,0,0,1,0,-1,-1,0,0,0,0,-1,0,0,0,0,0,0,0,-1,0,4,306,T
47220,0,0,0,-1,0,-1,1,0,-1,-1,1,0,0,0,0,-1,0,0,0,-1,1,3,276,F
47253,0,0,0,0,0,-1,-1,0,-1,-1,0,0,0,0,0,-1,0,0,0,-1,0,2,123,F
47271,0,0,0,0,-1,1,1,0,0,1,0,0,1,0,0,-1,0,0,0,1,0,3,31,F
47289,0,0,0,0,0,-1,-1,0,-1,-1,0,0,0,0,0,0,0,0,0,-1,0,3,92,F
47530,-1,0,0,0,1,-1,1,0,1,1,-1,-1,-1,-1,1,0,0,0,0,-1,0,2,153,F
47536,0,0,0,0,1,0,-1,0,0,0,0,0,0,0,0,0,0,0,0,1,0,2,92,F
47572,1,0,0,0,0,1,-1,-1,1,-1,0,0,0,-1,0,-1,0,0,0,-1,0,3,92,F
47573,0,0,0,0,0,-1,-1,0,0,0,-1,-1,0,0,0,0,0,0,0,-1,0,4,0,F
47590,0,1,0,0,-1,-1,-1,-1,0,-1,-1,1,0,-1,1,-1,1,-1,-1,-1,0,2,92,F
47592,1,-1,0,0,0,0,-1,0,-1,1,-1,-1,0,-1,0,0,0,0,0,1,-1,3,123,F
47653,-1,0,0,0,0,-1,1,-1,0,1,0,0,0,1,0,0,0,0,0,1,0,3,397,F
47655,0,0,0,0,-1,-1,-1,0,0,1,0,-1,1,0,0,-1,0,0,0,-1,0,3,30,F
47678,0,0,0,1,0,0,-1,0,-1,1,-1,-1,0,-1,0,-1,0,0,0,1,0,3,337,T
47740,0,0,0,1,0,0,1,0,0,-1,0,0,0,0,0,0,0,0,0,-1,0,2,184,T
47767,-1,-1,0,-1,-1,1,-1,-1,-1,-1,0,-1,0,-1,0,-1,0,0,0,-1,0,2,92,F
47775,0,0,0,0,-1,1,-1,0,-1,1,-1,0,0,0,0,-1,0,0,-1,-1,0,3,153,F
47804,0,0,0,0,-1,0,-1,0,-1,0,-1,0,-1,0,1,-1,0,0,0,-1,0,2,123,F
47829,0,0,0,0,0,0,-1,-1,0,1,-1,0,0,0,0,0,0,0,0,-1,0,2,31,F
48227,1,0,0,1,-1,-1,-1,-1,-1,1,0,-1,-1,-1,1,0,0,0,0,1,0,5,184,T
48241,0,0,-1,0,0,-1,-1,0,-1,-1,0,-1,0,-1,0,-1,1,1,-1,-1,0,2,92,F
48256,0,0,0,0,0,0,1,0,0,0,0,0,0,0,0,0,0,0,0,1,0,2,0,F
48289,-1,0,0,1,-1,0,-1,0,1,0,0,-1,0,-1,0,0,0,0,0,-1,0,2,153,T
48296,0,-1,-1,0,1,-1,-1,0,-1,-1,-1,0,0,-1,0,0,0,0,0,-1,0,2,276,F
48337,0,0,0,0,-1,-1,-1,0,0,0,-1,0,0,0,1,0,0,0,0,-1,0,2,153,F
48361,1,0,0,0,-1,-1,-1,0,-1,1,1,0,1,-1,0,0,0,0,0,-1,0,3,122,F
48366,0,0,0,0,0,1,-1,0,0,0,0,0,0,0,0,0,-1,0,0,-1,0,2,31,F
48398,0,0,0,0,0,-1,-1,0,0,-1,0,0,0,0,0,-1,0,0,-1,1,0,2,337,F
48433,-1,0,0,0,0,-1,-1,0,-1,1,0,-1,-1,-1,0,0,1,-1,0,-1,0,3,123,F
48475,1,0,0,0,1,-1,-1,-1,1,-1,0,0,0,0,0,0,0,0,0,-1,-1,3,153,F
48488,0,-1,-1,0,0,0,1,0,-1,-1,-1,-1,0,-1,0,0,0,0,0,-1,0,2,337,F
48526,-1,0,0,0,0,0,-1,0,-1,0,0,-1,0,0,0,0,0,0,0,-1,0,3,245,F
48532,0,0,0,1,0,1,-1,0,0,1,0,0,0,-1,0,0,0,0,0,-1,0,3,153,T
48539,0,0,0,0,0,-1,1,0,-1,0,-1,0,0,0,0,0,0,0,0,-1,-1,2,337,F
48555,0,-1,-1,0,-1,-1,-1,0,0,-1,0,0,0,0,0,-1,0,0,0,-1,0,3,92,F
48565,0,0,0,0,0,1,-1,0,1,0,0,0,0,-1,0,0,0,0,0,-1,0,2,61,F
48613,0,-1,-1,0,0,1,-1,0,-1,-1,0,-1,0,0,0,0,0,0,0,-1,0,2,31,F
48665,-1,0,0,0,0,0,1,0,0,-1,0,0,0,0,0,0,0,0,0,0,0,2,62,F
48717,0,0,0,0,0,-1,-1,0,-1,0,-1,0,0,0,0,0,0,0,0,-1,0,4,215,F
48721,-1,-1,-1,0,0,-1,1,-1,1,-1,0,-1,1,0,0,-1,0,0,-1,-1,0,4,90,F
48753,0,0,0,0,0,1,-1,-1,-1,-1,0,-1,-1,-1,0,0,0,0,0,-1,0,2,183,F
48756,-1,-1,-1,1,0,1,-1,0,-1,-1,0,-1,0,0,1,0,0,0,0,-1,0,3,397,T
48776,0,0,0,0,0,0,-1,0,0,0,0,0,0,0,0,0,0,0,0,0,0,2,29,F
48782,0,0,0,0,0,0,-1,0,-1,0,0,0,0,0,0,0,0,0,0,-1,0,2,61,F
48805,0,0,0,0,0,1,-1,0,-1,-1,-1,-1,-1,1,0,-1,0,0,0,-1,-1,3,276,F
48810,0,0,0,0,0,0,0,0,0,0,-1,0,0,0,0,0,0,0,0,-1,0,3,123,F
48817,0,0,0,0,0,-1,1,-1,0,-1,0,0,0,-1,0,-1,0,0,0,1,0,2,153,F
48820,0,-1,-1,0,0,0,-1,0,0,0,0,-1,1,0,0,0,0,0,0,-1,0,2,122,F
48828,-1,-1,-1,-1,0,0,-1,0,-1,1,-1,-1,1,0,0,0,0,0,0,1,0,3,184,F
48851,0,0,0,0,-1,-1,-1,0,-1,0,0,0,0,0,0,-1,0,0,-1,1,0,4,62,F
48879,0,-1,-1,0,0,1,-1,0,0,0,0,0,0,0,0,0,0,0,0,-1,0,2,275,F
48947,-1,0,0,-1,0,-1,-1,0,-1,-1,-1,0,0,-1,0,-1,0,0,-1,-1,0,2,184,F
49016,0,-1,-1,0,0,0,-1,0,-1,-1,0,0,0,0,0,0,0,0,0,1,0,2,92,F
49055,0,0,0,0,0,0,-1,0,1,0,0,0,0,0,0,0,0,0,0,-1,0,3,152,F
49081,0,0,0,0,0,-1,1,0,0,-1,0,-1,0,0,0,0,0,0,0,-1,0,2,184,F
49086,1,0,0,1,0,1,-1,0,0,-1,0,0,1,1,0,-1,0,0,-1,1,0,2,397,T
49188,0,0,0,0,1,-1,1,0,0,-1,0,-1,1,-1,0,0,0,0,0,0,0,3,92,F
49410,-1,0,0,1,-1,1,-1,0,-1,-1,0,0,0,-1,0,0,0,0,0,1,0,2,397,T
49447,1,-1,0,0,-1,-1,-1,0,-1,1,-1,-1,0,-1,0,-1,0,0,-1,-1,0,4,122,F
49456,0,0,0,0,0,0,-1,0,0,-1,0,-1,0,0,0,-1,0,0,0,-1,0,2,123,F
49551,0,0,0,0,0,-1,-1,0,-1,-1,0,0,1,0,0,-1,0,0,-1,1,0,2,62,F
49562,0,0,0,0,0,0,-1,0,1,1,0,0,0,0,0,0,0,0,0,-1,0,2,62,F
49568,0,0,0,1,0,-1,-1,0,-1,-1,0,-1,0,-1,0,0,0,0,0,1,0,4,123,T
49584,0,-1,-1,-1,0,-1,-1,-1,-1,-1,0,0,1,-1,0,0,0,0,0,1,0,3,31,F
49634,0,0,-1,0,0,-1,-1,0,-1,0,0,0,0,0,0,0,0,0,0,-1,0,2,62,F
49662,0,0,0,0,0,-1,-1,0,-1,-1,0,0,0,0,0,-1,0,0,0,-1,0,3,60,F
49678,-1,-1,-1,0,-1,-1,-1,-1,-1,-1,0,0,1,-1,0,-1,0,0,-1,-1,0,2,153,F
49680,0,0,0,0,0,1,-1,0,-1,0,-1,-1,0,0,0,0,0,0,0,-1,0,2,306,F
49689,1,0,0,0,0,0,1,0,0,-1,0,1,0,-1,0,0,0,0,0,1,0,2,30,F
49740,0,0,0,0,-1,1,-1,-1,0,-1,-1,0,0,0,0,0,0,0,0,-1,0,2,122,F
49870,1,0,0,0,0,0,-1,0,0,-1,0,0,0,0,0,-1,0,0,0,1,0,4,121,F
49946,-1,-1,-1,0,-1,0,-1,0,0,1,0,-1,1,0,0,-1,0,0,-1,-1,0,2,31,F
50096,0,0,0,0,0,1,-1,0,1,-1,0,-1,1,0,0,0,0,0,0,1,0,2,31,F
50199,0,0,0,0,-1,-1,-1,-1,0,-1,0,0,-1,0,0,-1,0,0,-1,-1,0,3,62,F
50263,-1,0,0,0,0,0,-1,0,1,1,0,-1,0,0,0,0,0,0,0,-1,-1,2,275,F
50545,0,0,0,0,0,-1,1,-1,0,-1,0,0,0,0,0,0,0,0,0,1,0,3,275,F
50644,0,0,0,1,-1,-1,1,-1,-1,1,-1,-1,-1,-1,0,0,0,0,0,-1,-1,2,123,T
50647,0,0,0,0,-1,-1,-1,0,-1,-1,-1,0,0,0,0,0,0,0,0,-1,0,3,153,F
50662,0,0,0,0,0,-1,-1,0,0,1,0,0,0,1,0,0,0,0,0,-1,0,3,276,F
50805,1,0,0,0,0,1,-1,0,-1,-1,0,-1,0,-1,0,0,0,0,0,1,0,2,123,F
50813,0,0,0,0,0,0,1,0,1,-1,0,-1,0,-1,0,0,0,0,0,1,0,5,183,F
50815,-1,0,0,-1,-1,1,-1,0,-1,-1,0,0,0,-1,0,-1,0,0,0,-1,0,3,337,F
50867,0,0,0,1,0,-1,-1,-1,1,0,0,0,0,-1,0,0,0,0,0,-1,0,3,153,T
50874,0,0,0,1,-1,-1,1,-1,0,-1,0,0,0,-1,0,-1,0,0,-1,1,0,2,215,T
50942,1,-1,-1,0,0,0,1,0,0,1,0,1,0,0,0,1,0,0,0,1,0,2,184,F
50985,0,0,0,0,-1,1,1,0,1,-1,0,-1,-1,-1,-1,-1,-1,0,-1,1,0,2,61,F
51053,1,0,0,1,-1,-1,-1,-1,-1,-1,1,1,-1,0,0,-1,0,0,-1,-1,0,2,337,T
51085,-1,0,0,-1,0,-1,-1,0,0,1,-1,-1,0,-1,0,0,0,0,0,-1,0,3,123,F
51098,0,-1,0,-1,1,1,-1,-1,1,-1,-1,-1,0,-1,0,0,0,0,0,-1,0,2,274,F
51129,-1,0,0,0,-1,-1,1,0,-1,-1,-1,-1,0,0,0,-1,0,0,-1,-1,0,4,31,F
51132,-1,0,0,1,-1,1,1,-1,-1,1,1,-1,-1,0,0,-1,0,0,-1,1,0,2,366,T
51178,0,0,0,0,-1,-1,1,0,0,-1,0,0,-1,0,-1,-1,-1,0,-1,-1,0,2,245,F
51184,0,-1,0,-1,1,-1,1,-1,-1,-1,0,-1,0,0,0,0,0,0,0,-1,0,2,337,F
51196,-1,0,0,1,1,-1,-1,-1,0,-1,-1,0,0,-1,0,0,0,0,0,1,0,2,123,T
51306,0,0,0,0,1,0,-1,0,0,-1,0,0,1,-1,0,-1,0,0,-1,1,0,2,123,F
51334,-1,0,0,0,0,1,-1,0,-1,-1,0,0,-1,0,0,-1,0,0,-1,-1,0,2,61,F
51337,1,0,0,0,0,0,1,0,0,-1,0,0,1,0,0,0,0,0,0,0,0,2,245,F
51343,0,-1,-1,0,-1,-1,-1,0,-1,-1,0,-1,0,-1,0,0,1,0,0,1,0,2,60,F
51388,0,0,0,0,0,-1,1,0,0,0,0,0,0,0,0,0,0,0,0,0,0,2,92,F
51404,0,0,0,0,-1,0,-1,0,0,1,0,0,0,0,1,-1,0,0,-1,-1,0,3,60,F
51416,0,0,0,0,0,-1,-1,-1,0,-1,-1,0,0,1,0,-1,0,0,-1,1,0,2,213,F
51473,1,1,0,0,-1,-1,-1,0,-1,-1,-1,-1,0,-1,0,0,0,0,0,-1,0,2,123,F
51485,0,0,0,0,0,-1,1,0,0,-1,0,0,0,0,0,0,0,0,0,0,0,1,182,F
51645,0,0,0,0,0,-1,-1,-1,-1,-1,-1,0,0,0,0,0,0,0,0,-1,0,3,306,F
51650,-1,0,0,0,-1,-1,-1,0,1,1,-1,0,1,0,0,-1,0,0,-1,-1,0,2,0,F
51689,0,-1,0,0,0,1,1,-1,0,1,0,0,0,-1,0,0,0,0,0,1,0,4,31,F
51692,0,0,0,1,0,1,0,0,0,0,0,0,0,0,0,0,0,0,0,0,0,2,214,T
51693,0,0,0,0,1,-1,1,0,1,0,0,0,0,1,0,-1,0,0,-1,1,0,2,304,F
51696,0,0,0,0,0,-1,1,0,0,1,0,0,0,0,0,0,0,0,0,-1,0,2,61,F
51908,-1,0,0,0,0,1,1,0,0,1,0,0,0,0,1,0,0,0,0,1,0,4,366,F
51910,-1,0,0,0,0,-1,-1,-1,-1,-1,0,1,0,-1,1,0,1,1,0,-1,0,1,337,F
51922,0,1,0,0,0,-1,-1,0,0,-1,0,0,0,1,0,0,0,0,0,-1,0,2,31,F
51950,-1,0,0,0,-1,-1,-1,0,-1,-1,-1,-1,0,-1,0,-1,0,0,0,-1,0,5,62,F
52005,0,0,0,0,-1,-1,1,0,0,1,0,0,-1,0,1,0,0,0,0,-1,0,2,62,F
52058,0,-1,0,0,-1,-1,-1,0,0,-1,0,-1,0,-1,0,-1,0,0,0,-1,0,4,62,F
52085,-1,-1,0,0,0,-1,-1,0,-1,1,0,-1,1,0,0,0,0,0,0,-1,-1,4,62,F
52145,0,0,0,0,-1,-1,-1,-1,-1,1,0,-1,-1,1,0,-1,0,0,-1,-1,0,3,215,F
52184,0,0,-1,0,0,-1,1,0,0,-1,0,-1,-1,-1,0,0,0,0,0,-1,0,2,92,F
52204,-1,0,0,1,0,-1,-1,-1,1,-1,0,0,0,0,0,0,0,0,0,-1,0,2,366,T
52223,0,0,0,0,0,0,-1,0,0,-1,0,0,-1,0,0,0,1,0,0,1,0,3,31,F
52239,1,-1,0,0,-1,-1,-1,0,0,1,0,0,-1,-1,0,-1,1,0,-1,-1,0,2,153,F
52276,0,0,0,0,0,1,-1,-1,0,1,0,0,0,-1,0,0,0,0,0,1,0,2,0,F
52283,0,0,0,0,0,1,1,0,0,1,0,0,0,0,0,0,0,0,0,-1,0,2,214,F
52302,0,0,0,0,0,-1,1,0,1,-1,-1,0,0,0,0,0,0,0,0,-1,0,2,184,F
52338,0,0,0,0,0,-1,-1,0,0,-1,0,0,0,1,0,0,1,0,0,-1,0,2,184,F
52343,0,0,0,0,0,0,1,0,0,-1,0,-1,-1,-1,0,0,0,0,0,-1,0,2,214,F
52359,-1,-1,-1,1,-1,0,-1,-1,0,-1,0,0,0,-1,0,0,0,0,0,-1,0,2,123,T
52372,0,0,0,0,-1,1,-1,0,-1,-1,0,0,-1,0,0,-1,0,0,0,1,0,2,62,F
52375,0,0,-1,0,0,0,-1,0,-1,-1,0,-1,-1,1,0,-1,0,0,0,1,0,2,123,F
52396,0,0,0,0,0,-1,-1,0,0,-1,-1,0,0,0,0,-1,0,0,-1,-1,0,2,61,F
52405,0,0,0,0,0,1,1,-1,1,0,-1,0,0,0,0,0,0,0,0,-1,0,3,62,F
52485,0,0,0,0,0,0,1,0,1,-1,0,0,0,0,0,0,0,0,0,0,0,4,30,F
52546,0,0,-1,0,0,0,1,0,0,-1,-1,-1,0,0,0,0,0,0,0,-1,-1,3,60,F
52552,0,0,0,1,0,1,-1,0,-1,1,0,0,0,0,0,0,0,0,0,1,0,2,275,T
52761,0,0,0,0,0,0,1,0,-1,-1,0,-1,0,-1,0,0,0,0,0,-1,0,3,29,F
52926,-1,0,0,0,-1,-1,1,0,0,-1,0,0,1,-1,0,0,0,0,0,-1,0,2,245,F
52937,0,0,0,-1,0,-1,-1,-1,-1,-1,0,0,-1,0,0,0,0,0,0,-1,0,3,31,F
52947,0,0,0,-1,0,-1,1,0,0,1,0,0,0,-1,0,0,0,0,0,-1,0,4,92,F
52964,0,0,0,1,0,-1,-1,0,0,-1,0,0,0,-1,0,0,0,0,0,0,0,3,184,T
52971,0,0,0,1,1,0,1,0,1,-1,0,-1,0,0,0,0,0,0,0,0,0,2,275,T
52976,0,0,0,0,1,-1,-1,0,0,-1,0,-1,1,1,0,-1,0,0,0,1,0,2,91,F
53000,0,0,0,0,-1,-1,-1,-1,-1,1,-1,0,0,0,0,-1,0,0,-1,-1,0,2,276,F
53005,-1,-1,-1,0,0,0,-1,0,-1,0,-1,1,0,0,0,0,0,0,0,-1,0,2,122,F
53054,0,0,0,1,0,-1,1,0,1,1,0,0,0,0,0,0,0,0,0,1,0,2,184,T
53115,0,0,0,-1,0,-1,-1,0,0,-1,0,0,0,-1,0,0,0,0,0,-1,0,2,214,F
53194,0,0,0,0,0,0,-1,-1,0,-1,0,0,0,0,0,0,0,0,0,1,0,2,29,F
53200,0,0,0,1,0,-1,-1,0,0,-1,0,0,0,-1,0,0,0,0,0,-1,0,2,215,T
53205,-1,-1,-1,-1,-1,-1,-1,0,-1,-1,0,-1,0,-1,1,-1,1,1,-1,-1,0,1,337,F
53215,0,0,0,0,0,1,1,0,0,-1,0,0,0,0,0,0,0,0,0,1,0,2,61,F
53264,0,0,0,-1,0,-1,-1,0,-1,0,0,-1,0,0,0,0,0,0,0,1,0,2,123,F
53266,-1,0,0,0,1,0,-1,0,0,-1,0,0,0,0,0,0,0,0,0,-1,0,2,92,F
53282,0,-1,0,-1,0,-1,-1,-1,-1,1,0,0,-1,-1,0,-1,0,0,-1,-1,0,2,337,F
53305,-1,0,0,0,-1,0,-1,0,0,1,0,-1,0,0,0,0,0,0,0,-1,0,2,184,F
53410,0,0,0,0,0,0,0,0,0,0,-1,0,0,1,0,0,0,0,0,0,0,2,61,F
53426,0,0,0,0,1,0,-1,0,0,-1,0,0,0,0,0,0,1,0,0,-1,0,2,62,F
53432,0,-1,0,1,1,-1,-1,0,-1,-1,0,-1,0,-1,1,-1,1,1,-1,-1,0,2,92,T
53446,0,-1,0,0,0,-1,-1,-1,0,0,1,0,0,-1,0,0,0,0,0,1,0,2,215,F
53534,1,-1,-1,-1,0,-1,1,0,0,1,0,-1,0,-1,0,-1,-1,0,0,-1,0,3,31,F
53561,0,-1,-1,1,1,-1,-1,0,1,-1,0,-1,0,-1,0,-1,0,0,-1,-1,0,2,245,T
53573,0,0,0,0,0,-1,-1,0,0,0,-1,0,0,-1,0,0,0,0,0,-1,0,2,31,F
53575,-1,-1,-1,0,0,-1,1,0,1,1,-1,-1,1,-1,0,0,0,0,0,1,0,4,306,F
53603,-1,0,0,0,-1,-1,-1,-1,0,-1,0,0,1,-1,0,0,0,0,0,-1,0,2,0,F
53659,0,0,0,-1,-1,1,-1,-1,0,-1,-1,0,0,0,0,-1,0,0,-1,1,0,3,153,F
53673,0,0,0,1,0,-1,-1,-1,0,1,0,-1,0,0,0,0,0,0,0,-1,0,2,245,T
53679,0,0,0,0,0,1,-1,0,0,-1,0,0,-1,0,0,0,1,1,0,1,0,1,62,F
53688,0,0,0,0,0,0,-1,-1,-1,0,-1,-1,0,0,0,0,0,0,0,0,0,3,123,F
53742,0,0,0,0,-1,0,1,0,0,1,0,0,1,0,0,-1,0,0,-1,-1,0,2,215,F
53793,0,0,0,0,0,-1,-1,-1,0,-1,0,0,-1,-1,0,-1,0,0,-1,1,0,3,275,F
53838,0,1,0,0,0,-1,-1,-1,0,0,0,1,0,0,0,0,0,0,0,-1,0,3,92,F
53929,-1,1,0,-1,0,0,-1,0,0,1,0,0,0,0,0,-1,-1,0,-1,-1,0,2,30,F
53948,-1,0,0,0,0,1,1,-1,1,1,0,0,1,0,0,0,0,0,0,1,0,2,31,F
54075,-1,0,0,0,0,-1,-1,0,-1,1,-1,-1,-1,-1,0,0,0,0,0,1,0,3,31,F
54083,1,0,0,0,0,-1,-1,-1,0,1,0,0,0,-1,0,-1,0,0,-1,1,0,2,366,F
54120,0,0,0,0,0,-1,-1,0,0,1,0,-1,-1,1,0,-1,0,0,0,-1,0,2,215,F
54125,-1,0,0,0,0,0,-1,0,0,0,0,0,0,0,0,0,0,0,0,-1,0,2,152,F
54158,-1,-1,-1,0,0,1,1,-1,-1,-1,-1,-1,-1,0,0,-1,0,0,0,-1,0,2,31,F
54179,0,0,0,-1,0,1,-1,-1,-1,1,-1,0,0,0,0,-1,0,0,0,1,0,3,62,F
54207,0,0,0,-1,-1,-1,1,0,-1,0,-1,0,0,0,0,-1,-1,0,-1,-1,0,2,123,F
54231,0,0,0,0,-1,-1,-1,0,0,-1,-1,0,-1,0,0,0,0,0,0,-1,0,3,337,F
54237,0,0,0,0,0,0,1,0,-1,-1,0,0,1,0,0,0,0,0,0,1,0,3,122,F
54256,0,0,0,0,-1,-1,-1,-1,-1,-1,0,-1,1,-1,-1,-1,0,0,0,-1,1,2,122,F
54269,0,0,0,0,0,1,-1,-1,1,-1,-1,-1,-1,-1,0,0,0,0,0,-1,0,3,91,F
54285,0,0,0,0,1,1,-1,-1,0,-1,0,0,0,-1,0,0,0,0,0,-1,0,2,245,F
54390,0,0,0,-1,-1,-1,-1,0,-1,-1,-1,-1,-1,-1,1,-1,0,0,0,-1,0,2,62,F
54394,-1,-1,-1,0,0,1,1,0,-1,1,0,-1,0,0,0,0,0,0,0,-1,0,2,61,F
54427,-1,0,0,1,0,0,-1,-1,1,0,1,0,0,-1,0,0,0,0,0,-1,0,2,306,T
54505,0,0,0,0,-1,-1,-1,0,-1,-1,0,0,1,0,0,0,0,0,0,-1,0,3,92,F
54538,0,0,0,0,0,0,-1,0,1,-1,0,0,0,0,0,1,-1,0,0,1,0,1,245,F
54586,0,0,0,1,0,0,1,0,1,-1,0,0,1,-1,0,0,0,0,0,-1,-1,4,214,T
54600,0,0,0,0,0,1,-1,0,0,0,0,0,0,0,0,-1,0,0,0,-1,0,2,276,F
54642,1,0,-1,0,0,-1,-1,0,-1,0,0,0,0,0,0,0,0,0,0,-1,0,2,91,F
54680,-1,0,0,0,0,-1,-1,0,-1,1,0,0,0,0,0,-1,0,0,0,1,0,3,366,F
54686,0,0,0,1,0,1,-1,0,1,1,0,0,0,0,0,0,1,0,0,-1,0,2,62,T
54748,0,0,0,-1,0,-1,1,0,0,0,0,0,0,-1,0,0,0,0,0,-1,0,2,121,F
54758,1,-1,-1,0,-1,-1,-1,0,0,1,0,-1,-1,1,0,0,0,0,0,1,0,3,91,F
54781,0,-1,0,-1,1,-1,-1,0,0,-1,0,0,0,0,1,1,1,-1,0,-1,0,1,92,F
54788,-1,1,0,-1,-1,-1,1,0,-1,1,-1,0,1,-1,-1,-1,-1,0,-1,-1,0,2,61,F
54814,-1,0,-1,0,-1,-1,1,0,1,-1,-1,-1,0,-1,0,0,0,0,0,-1,0,2,62,F
54856,0,-1,0,0,-1,1,-1,-1,-1,-1,-1,-1,0,-1,0,1,0,0,-1,-1,0,1,153,F
54859,0,-1,-1,0,0,-1,-1,0,0,-1,0,0,0,0,0,0,0,0,0,-1,0,2,184,F
54874,-1,0,0,0,-1,-1,-1,0,0,-1,0,-1,-1,0,0,-1,0,0,-1,-1,0,3,215,F
54935,1,0,0,0,0,0,1,0,0,-1,0,-1,0,1,0,0,0,0,0,1,0,3,215,F
54949,0,0,0,0,0,-1,-1,-1,0,-1,0,0,1,0,0,0,0,0,0,-1,0,2,31,F
54950,1,0,0,0,0,-1,1,-1,0,0,0,-1,0,-1,0,0,0,0,0,-1,0,2,215,F
54954,0,-1,-1,0,0,0,-1,0,0,0,-1,1,0,0,0,0,0,0,0,-1,0,3,31,F
54968,0,0,0,1,0,1,-1,0,-1,0,0,0,0,0,0,-1,0,0,0,1,0,3,153,T
55040,-1,0,0,0,-1,-1,-1,0,-1,-1,-1,-1,0,1,0,1,1,0,-1,-1,0,4,213,F
55059,0,0,0,0,0,-1,1,-1,1,0,0,0,0,-1,0,0,0,0,0,-1,-1,2,62,F
55101,0,0,0,0,0,-1,-1,0,0,-1,0,0,0,-1,0,-1,0,0,0,-1,0,2,31,F
55112,-1,-1,0,-1,1,-1,-1,-1,-1,-1,0,-1,-1,-1,0,-1,0,0,-1,-1,0,2,92,F
55133,-1,-1,-1,0,1,-1,-1,0,-1,-1,0,-1,0,0,0,0,1,0,0,-1,0,2,62,F
55136,-1,-1,-1,0,0,-1,-1,0,-1,1,-1,-1,-1,0,0,-1,-1,-1,-1,-1,0,2,61,F
55175,1,-1,-1,0,-1,-1,-1,-1,-1,-1,0,0,0,0,0,-1,0,0,-1,-1,0,3,62,F
55198,1,0,0,-1,1,-1,1,-1,-1,-1,0,-1,0,0,0,0,0,0,0,-1,0,3,60,F
55219,0,-1,-1,-1,0,-1,1,0,1,-1,0,-1,0,-1,0,0,1,1,0,1,-1,3,276,F
55236,0,0,0,0,0,0,-1,0,-1,-1,0,0,1,0,0,0,-1,-1,0,-1,0,2,92,F
55245,0,0,0,0,0,0,1,0,0,0,0,0,0,0,0,0,0,0,0,-1,0,3,123,F
55273,0,1,0,1,0,-1,1,0,0,1,0,0,0,0,0,0,0,0,0,1,0,2,123,T
55335,-1,0,0,0,-1,-1,-1,0,0,-1,1,-1,0,-1,-1,-1,-1,0,-1,-1,0,3,276,F
55383,0,0,0,0,0,0,-1,0,1,0,0,0,0,-1,0,0,0,0,0,-1,0,2,92,F
55392,0,0,0,0,0,0,1,0,-1,0,0,-1,0,0,-1,0,0,0,0,-1,0,3,92,F
55504,0,0,0,0,0,-1,-1,-1,0,-1,0,0,0,0,0,0,0,0,0,-1,0,2,121,F
55525,0,0,0,0,0,-1,1,0,0,1,0,0,0,1,0,-1,0,0,0,1,0,2,153,F
55600,-1,0,-1,0,-1,-1,-1,-1,-1,1,-1,-1,1,-1,1,-1,0,0,-1,-1,0,3,337,F
55615,0,0,0,0,1,-1,-1,0,-1,1,0,1,0,-1,1,1,-1,0,0,1,0,2,122,F
55623,-1,0,0,0,0,0,-1,0,0,-1,0,-1,0,0,0,0,0,0,0,-1,0,2,337,F
55700,0,0,-1,0,0,-1,1,-1,-1,-1,0,-1,0,1,0,-1,0,0,-1,-1,0,3,61,F
55719,0,1,0,1,0,-1,-1,-1,-1,-1,0,0,0,0,1,0,0,0,0,-1,0,4,184,T
55823,1,0,0,0,0,0,1,0,0,1,0,0,0,0,0,1,-1,1,0,-1,0,2,184,F
55839,0,0,0,0,0,1,1,0,0,0,0,0,0,0,0,0,0,0,-1,1,0,3,153,F
55841,-1,0,0,0,1,0,1,0,0,1,0,0,0,1,0,0,0,0,0,0,0,2,31,F
55869,0,0,0,0,0,-1,-1,0,1,-1,0,0,0,0,0,0,0,0,0,-1,0,2,123,F
55881,0,0,0,-1,0,0,-1,0,0,-1,0,0,0,-1,-1,1,0,0,0,-1,0,2,245,F
55993,-1,0,-1,0,1,-1,-1,0,0,-1,0,-1,1,-1,0,0,0,0,0,-1,0,2,91,F
56007,0,0,0,0,-1,-1,-1,0,0,-1,1,1,0,1,0,-1,0,0,-1,1,0,2,397,F
56008,-1,0,0,1,-1,-1,-1,0,-1,-1,0,0,-1,-1,0,-1,0,0,-1,-1,0,3,306,T
56103,0,0,0,0,0,1,1,-1,0,-1,0,0,0,-1,0,0,0,0,0,1,0,3,62,F
56115,0,-1,-1,0,1,-1,1,0,0,1,0,0,1,-1,0,0,0,0,0,1,0,2,31,F
56122,0,0,0,0,0,1,1,0,0,0,0,0,0,0,0,0,0,0,0,1,0,3,123,F
56127,0,0,0,0,0,0,1,0,1,-1,0,0,-1,-1,0,0,0,0,0,1,0,2,153,F
56141,0,0,0,0,0,-1,-1,0,-1,0,1,0,0,0,0,-1,0,0,-1,-1,0,2,92,F
56156,0,0,0,0,0,0,-1,0,0,-1,0,-1,-1,0,0,-1,0,0,0,-1,0,2,62,F
56183,0,0,0,0,0,0,1,0,-1,0,0,0,0,0,1,0,1,0,0,1,0,2,337,F
56191,0,0,0,0,0,-1,1,0,1,1,-1,-1,0,-1,0,0,0,0,0,0,0,3,366,F
56197,0,0,0,0,-1,-1,-1,0,-1,-1,0,1,0,1,-1,0,0,0,0,1,0,2,62,F
56237,0,0,0,1,0,1,-1,0,0,0,0,0,0,0,0,0,0,0,0,-1,0,2,397,T
56265,0,0,0,0,0,0,-1,0,0,0,0,0,0,0,0,0,0,0,0,-1,0,1,275,F
56306,-1,0,0,0,0,0,-1,0,0,-1,0,0,0,0,1,0,0,0,0,1,0,2,123,F
56314,1,0,0,0,0,1,1,0,-1,1,0,0,0,-1,0,-1,0,0,0,-1,0,2,61,F
56318,-1,-1,0,1,1,1,1,0,1,1,0,0,0,0,0,0,0,0,0,-1,0,2,397,T
56319,0,0,0,0,0,0,0,0,1,0,-1,0,0,0,0,0,0,0,0,1,0,2,366,F
56370,0,0,0,0,0,0,1,0,0,1,0,0,0,0,0,0,0,0,0,-1,0,2,153,F
56397,-1,0,0,0,0,0,-1,0,0,-1,-1,-1,-1,0,0,0,0,0,0,-1,0,3,92,F
56405,0,0,0,1,0,0,-1,0,0,-1,0,0,0,0,0,0,1,1,0,-1,0,2,92,T
56490,0,0,0,0,-1,-1,1,0,1,1,0,0,0,0,0,0,0,0,0,1,0,2,153,F
56499,0,0,0,0,-1,1,1,0,1,1,0,-1,0,0,-1,-1,0,0,-1,-1,0,2,91,F
56504,0,-1,0,0,0,1,1,0,-1,1,0,1,-1,1,0,-1,0,0,-1,-1,0,2,215,F
56525,0,0,-1,0,-1,-1,-1,0,0,-1,0,0,0,0,0,-1,0,0,0,-1,0,3,184,F
56531,1,-1,-1,0,0,0,-1,0,0,-1,-1,0,0,0,0,0,0,0,0,-1,0,3,62,F
56538,0,0,0,0,1,1,1,0,0,0,0,0,0,0,0,0,0,0,0,1,0,2,92,F
56549,0,0,0,0,0,0,-1,0,1,0,-1,-1,0,0,0,0,0,0,0,-1,0,2,92,F
56561,0,0,0,-1,0,0,-1,0,0,0,-1,0,0,0,0,0,0,0,0,1,0,2,61,F
56588,-1,0,0,0,0,-1,-1,0,1,-1,0,-1,1,-1,0,0,0,0,0,-1,0,2,62,F
56638,0,0,0,1,0,1,-1,0,0,-1,1,0,0,0,0,-1,0,0,0,-1,0,2,397,T
56660,0,0,0,0,-1,-1,-1,0,1,-1,-1,-1,0,-1,-1,-1,-1,0,-1,-1,0,2,61,F
56685,0,0,0,-1,-1,-1,1,-1,1,1,-1,0,0,1,0,1,1,1,0,1,0,2,366,F
56693,1,0,-1,0,0,-1,-1,0,1,-1,0,0,0,0,0,0,0,0,0,-1,0,3,123,F
56725,1,1,0,0,-1,0,1,0,-1,1,0,-1,0,-1,0,0,0,0,0,1,0,2,275,F
56744,0,0,0,0,0,-1,1,0,1,0,0,-1,0,0,0,0,0,0,0,-1,-1,2,153,F
56768,0,0,0,-1,1,-1,-1,-1,0,-1,0,-1,1,-1,1,-1,0,0,-1,1,0,2,92,F
56799,-1,0,0,0,0,-1,-1,0,-1,-1,0,0,0,1,0,0,0,0,0,-1,0,2,62,F
56804,0,0,0,1,0,1,-1,-1,1,-1,1,0,0,1,0,0,0,0,0,-1,0,3,184,T
56813,-1,0,0,0,1,0,-1,-1,1,1,0,0,-1,0,0,-1,1,0,0,-1,0,2,306,F
56840,1,0,0,-1,0,-1,-1,-1,1,-1,-1,0,0,-1,1,-1,0,0,-1,-1,0,3,215,F
56847,0,0,0,0,0,0,-1,0,0,0,0,0,0,0,0,0,0,0,0,-1,0,2,92,F
56860,0,0,0,1,1,1,-1,0,-1,-1,-1,1,0,0,-1,1,0,0,0,-1,0,3,123,T
56865,0,0,0,0,0,1,1,0,1,1,0,-1,0,1,0,-1,0,0,-1,1,0,2,153,F
56912,0,0,0,0,1,1,1,-1,0,1,0,0,0,0,0,-1,0,0,-1,1,0,2,29,F
56925,0,0,0,0,0,-1,1,0,0,0,0,0,0,0,0,0,0,0,0,-1,0,2,0,F
57046,0,0,0,0,0,-1,1,-1,-1,0,0,0,0,-1,0,0,0,0,0,1,0,2,245,F
57088,0,0,0,1,0,1,1,0,0,0,0,0,0,0,0,0,0,0,0,1,0,2,305,T
57145,0,0,0,0,0,0,-1,0,0,0,-1,-1,0,0,0,0,0,0,0,0,0,2,31,F
57158,0,0,0,0,0,-1,1,-1,-1,-1,1,0,0,-1,0,0,0,0,0,1,0,2,31,F
57164,0,0,0,1,-1,1,1,-1,-1,-1,0,0,0,0,0,-1,0,0,-1,-1,0,2,153,T
57171,0,0,0,0,1,-1,-1,0,1,-1,0,-1,0,0,0,1,0,0,0,-1,0,2,30,F
57217,0,0,0,0,0,-1,1,-1,0,1,0,0,0,-1,0,0,0,0,0,-1,0,2,184,F
57274,0,-1,-1,0,0,1,-1,0,0,-1,0,0,0,0,0,0,0,0,0,1,0,2,91,F
57303,1,0,0,0,0,1,1,0,-1,-1,-1,-1,0,-1,0,0,0,0,0,1,-1,3,153,F
57410,0,0,0,0,0,-1,-1,0,0,0,0,0,0,0,0,0,0,0,0,1,0,2,153,F
57436,0,0,0,0,0,0,0,0,0,0,0,0,0,0,0,0,0,0,0,-1,0,2,60,F
57444,-1,0,-1,0,1,0,1,0,0,1,0,0,0,0,0,-1,0,0,-1,-1,0,3,31,F
57490,0,0,0,0,0,0,1,0,0,1,-1,0,0,-1,0,0,0,0,0,0,0,2,275,F
57492,-1,0,0,0,1,1,1,0,0,-1,-1,0,0,-1,0,0,0,0,0,-1,0,2,276,F
57509,0,0,0,0,0,0,-1,0,0,-1,0,-1,0,0,0,-1,0,0,0,-1,0,3,276,F
57525,-1,0,0,1,0,0,1,0,0,1,0,0,0,0,-1,1,-1,-1,0,-1,0,2,92,T
57556,1,0,0,0,-1,1,-1,0,-1,-1,-1,1,0,0,0,-1,0,0,0,-1,0,3,92,F
57623,0,0,0,-1,0,-1,1,0,-1,0,0,0,0,0,0,0,0,0,0,-1,0,3,0,F
57630,0,-1,-1,1,1,-1,-1,-1,-1,-1,-1,-1,-1,-1,0,-1,0,0,0,1,0,4,184,T
57663,0,0,0,0,0,-1,-1,0,0,-1,0,0,0,-1,0,-1,-1,0,0,-1,0,3,123,F
57683,0,-1,0,1,1,-1,1,0,1,1,1,-1,0,-1,0,0,0,0,0,1,0,3,184,T
57697,0,0,0,-1,-1,-1,-1,-1,1,-1,1,0,1,1,0,1,-1,0,0,-1,0,1,92,F
57698,-1,0,0,0,-1,-1,-1,0,-1,-1,0,-1,0,-1,-1,-1,0,0,0,-1,0,2,153,F
57728,0,0,0,0,0,-1,-1,0,0,0,0,0,0,0,0,0,0,0,0,-1,0,2,92,F
57732,0,0,0,-1,-1,-1,1,-1,0,1,-1,-1,0,-1,0,0,0,0,0,1,0,3,335,F
57744,0,0,0,1,0,1,1,0,0,-1,0,0,0,1,0,0,0,0,0,1,0,2,397,T
57759,0,0,0,0,0,0,0,0,0,0,0,0,0,0,0,0,0,0,0,0,0,2,62,F
57816,0,0,0,0,0,0,-1,0,0,0,0,0,0,0,0,0,0,0,0,-1,0,2,306,F
57840,0,0,0,1,0,-1,-1,0,0,0,1,0,0,-1,0,-1,0,0,0,1,0,3,153,T
57870,1,0,0,1,0,-1,-1,0,0,-1,0,0,-1,-1,0,0,1,-1,0,-1,0,1,123,T
57887,0,0,0,0,0,0,1,0,1,0,0,-1,0,0,0,0,0,0,0,-1,0,2,92,F
57972,0,0,0,0,0,-1,-1,0,-1,-1,0,0,0,0,0,-1,1,0,0,-1,0,2,245,F
58022,0,1,-1,1,0,1,-1,0,0,-1,0,0,0,-1,0,0,0,0,0,1,0,2,215,T
58040,0,0,0,-1,1,-1,-1,-1,0,-1,0,-1,-1,-1,0,0,0,0,0,-1,0,2,31,F
58080,0,0,0,0,-1,1,1,-1,-1,1,0,0,0,-1,0,-1,0,0,-1,-1,0,3,153,F
58092,0,0,0,0,0,-1,-1,0,-1,0,0,-1,0,0,0,0,0,0,0,-1,0,2,62,F
58181,0,0,0,0,0,0,1,0,1,1,-1,-1,0,-1,0,0,0,0,0,-1,0,2,92,F
58232,-1,-1,-1,0,-1,1,-1,0,-1,-1,-1,-1,0,-1,0,-1,1,-1,-1,-1,0,2,184,F
58245,0,0,0,0,0,-1,-1,-1,1,1,0,0,0,-1,0,0,0,0,0,-1,0,3,61,F
58280,0,0,0,0,0,-1,-1,-1,1,-1,-1,-1,1,-1,0,-1,0,0,-1,-1,0,3,92,F
58291,-1,0,0,0,0,1,-1,0,-1,-1,0,0,0,-1,0,-1,1,-1,0,-1,0,3,123,F
58302,0,0,0,0,0,0,0,0,0,0,0,0,0,0,0,0,0,0,0,0,0,2,214,F
58339,-1,0,0,0,0,1,-1,0,0,-1,0,0,1,0,1,0,0,0,0,1,0,2,337,F
58347,0,0,0,0,-1,0,-1,-1,-1,-1,-1,0,0,1,0,-1,-1,0,0,-1,0,1,92,F
58379,-1,0,0,-1,-1,-1,-1,0,-1,-1,1,0,0,1,0,-1,0,0,0,1,0,4,276,F
58381,0,0,0,0,1,0,1,0,-1,0,0,0,0,0,0,0,0,0,0,1,0,2,214,F
58383,0,-1,-1,0,0,1,1,0,0,1,1,0,0,-1,0,0,-1,0,0,1,0,2,122,F
58406,0,0,0,-1,0,1,-1,0,0,-1,0,0,0,1,0,0,0,0,0,1,0,2,92,F
58427,0,0,0,-1,-1,0,-1,0,0,-1,0,0,0,0,0,0,1,0,0,-1,0,2,153,F
58428,0,0,0,1,0,-1,-1,0,1,1,1,0,0,0,0,-1,0,0,-1,-1,0,3,215,T
58431,1,0,0,0,0,-1,-1,0,-1,-1,0,0,1,0,0,-1,-1,0,-1,-1,0,1,61,F
58447,0,0,0,0,0,-1,-1,0,-1,-1,0,0,-1,-1,0,0,0,0,0,1,0,2,61,F
58451,0,0,0,0,-1,-1,1,0,-1,-1,0,-1,0,0,0,0,0,0,-1,-1,0,2,61,F
58463,0,0,0,0,-1,1,1,-1,-1,-1,-1,0,0,0,0,-1,0,0,-1,-1,0,2,61,F
58492,-1,0,0,0,0,1,-1,-1,1,1,0,0,1,-1,0,0,0,0,0,1,0,2,123,F
58552,-1,0,-1,1,-1,-1,-1,-1,-1,-1,1,-1,0,0,0,-1,0,0,0,-1,0,2,245,T
58561,0,-1,-1,1,1,-1,-1,0,0,0,0,0,0,0,0,0,0,0,0,-1,0,2,62,T
58583,0,-1,-1,1,0,-1,1,0,1,-1,1,-1,0,-1,0,0,0,0,0,-1,0,3,215,T
58618,0,0,0,1,0,-1,-1,0,-1,-1,0,0,-1,1,0,-1,0,0,-1,-1,0,2,337,T
58638,0,1,0,0,0,1,1,-1,1,0,0,0,0,-1,0,-1,-1,0,-1,-1,0,3,184,F
58643,0,0,0,0,0,-1,-1,-1,0,-1,0,0,0,1,0,0,0,0,0,1,0,2,184,F
58668,-1,0,0,0,0,0,-1,0,1,0,0,0,-1,-1,0,0,0,0,0,-1,0,2,31,F
58697,0,0,0,1,0,0,-1,0,-1,0,-1,-1,0,0,1,0,1,1,0,-1,0,1,337,T
58702,0,0,0,0,0,0,1,0,0,1,1,0,0,-1,0,0,0,0,0,-1,0,2,183,F
58704,1,1,0,0,0,0,1,0,-1,0,0,1,0,0,0,0,0,0,0,1,0,2,0,F
58712,0,-1,-1,0,1,1,1,0,0,1,0,1,0,-1,0,0,0,0,0,-1,0,3,123,F
58723,-1,0,0,0,0,-1,-1,-1,-1,-1,0,0,0,-1,1,0,1,0,0,-1,0,1,184,F
58734,-1,0,0,0,0,-1,1,-1,1,1,0,0,0,0,0,1,-1,-1,0,-1,0,2,31,F
58735,-1,0,0,0,0,-1,-1,0,-1,1,0,0,0,0,0,0,0,0,0,-1,0,3,90,F
58761,0,0,0,0,0,0,0,0,0,0,0,0,0,0,0,0,0,0,0,0,0,3,184,F
58784,0,0,0,0,-1,-1,-1,-1,0,1,0,0,0,0,0,-1,0,0,-1,-1,0,2,275,F
58787,0,0,0,0,0,-1,-1,-1,-1,-1,0,0,-1,-1,0,0,1,0,0,-1,0,1,337,F
58802,-1,1,0,0,0,1,1,-1,-1,1,-1,-1,0,0,0,0,0,0,0,-1,0,3,184,F
58824,-1,0,0,0,0,-1,-1,0,-1,1,-1,0,-1,0,0,-1,1,0,0,-1,0,3,306,F
58844,1,0,0,0,0,-1,1,0,0,-1,0,0,0,0,0,0,0,0,0,-1,0,2,123,F
58857,-1,0,-1,1,-1,1,-1,0,0,-1,0,0,0,0,0,-1,0,0,-1,1,0,2,276,T
58973,1,0,0,1,0,1,1,0,1,-1,-1,0,-1,-1,1,0,0,0,0,-1,0,2,306,T
58994,0,0,0,0,-1,1,-1,-1,-1,-1,0,-1,0,1,0,-1,0,0,0,-1,0,2,31,F
58998,0,-1,-1,1,0,0,-1,0,-1,0,-1,0,0,0,0,0,0,0,0,1,0,2,245,T
58999,0,0,0,0,0,1,-1,0,0,1,0,0,0,0,0,0,0,0,0,1,0,2,121,F
59012,1,0,0,0,0,1,-1,0,0,-1,0,0,0,-1,0,-1,1,0,0,-1,0,2,397,F
59034,0,-1,-1,0,0,1,1,0,1,0,-1,-1,0,0,0,0,0,0,0,-1,-1,2,92,F
59036,1,0,0,0,1,0,1,0,1,1,0,1,-1,-1,0,-1,0,0,-1,-1,0,2,61,F
59054,0,0,0,1,-1,-1,1,0,-1,1,0,0,1,-1,0,-1,-1,-1,-1,-1,0,2,123,T
59086,0,0,0,0,0,1,-1,-1,0,0,1,0,0,0,0,0,0,0,0,1,0,2,91,F
59093,0,0,0,0,-1,-1,-1,0,1,-1,1,1,-1,-1,0,-1,0,0,-1,-1,0,2,62,F
59110,0,-1,-1,0,-1,-1,1,0,0,1,0,1,0,0,0,-1,0,0,-1,-1,0,2,123,F
59156,0,1,0,0,1,1,-1,0,1,-1,0,0,0,-1,0,0,0,0,0,-1,0,2,61,F
59162,0,0,0,0,0,-1,-1,-1,-1,-1,0,-1,-1,-1,0,-1,0,0,-1,-1,0,2,153,F
59180,0,0,0,0,0,-1,1,0,0,-1,0,0,0,0,0,0,0,0,0,1,0,2,60,F
59226,0,-1,-1,1,0,-1,-1,0,0,1,0,0,0,0,0,0,0,0,0,-1,0,2,215,T
59233,0,0,0,0,0,-1,-1,0,-1,-1,0,0,0,-1,0,0,0,0,0,-1,0,2,60,F
59263,0,0,0,0,-1,-1,1,0,-1,-1,0,0,0,-1,0,0,0,0,0,-1,0,3,60,F
59282,0,-1,-1,0,0,-1,1,0,0,0,0,0,0,0,0,0,1,-1,0,-1,0,1,62,F
59384,0,0,0,-1,-1,-1,-1,0,0,-1,-1,-1,1,-1,1,-1,-1,-1,0,-1,0,2,123,F
59398,-1,0,0,0,0,-1,-1,0,1,0,0,0,1,0,0,0,0,0,0,-1,0,2,153,F
59433,0,0,0,-1,-1,0,-1,-1,1,-1,0,1,0,0,1,-1,-1,-1,0,1,-1,2,306,F
59457,1,0,-1,0,-1,0,-1,0,-1,-1,0,-1,0,0,0,-1,0,0,-1,-1,0,3,276,F
59458,0,0,0,1,1,-1,1,0,-1,0,0,0,0,-1,1,-1,-1,0,0,-1,0,2,92,T
59465,1,0,-1,0,0,0,-1,0,0,-1,0,-1,0,0,0,0,1,0,0,0,0,2,92,F
59476,-1,0,0,0,0,0,1,0,1,-1,-1,0,0,-1,0,0,0,0,0,1,0,2,152,F
59486,0,0,0,1,1,-1,-1,0,-1,-1,0,-1,1,0,1,0,0,0,0,-1,0,2,215,T
59512,-1,0,0,0,0,0,1,0,1,0,0,0,0,0,0,0,0,0,0,-1,0,2,62,F
59576,0,-1,-1,0,0,0,1,0,0,1,0,0,0,0,0,0,0,0,0,-1,0,2,121,F
59592,-1,0,0,0,-1,-1,-1,0,-1,-1,0,-1,-1,0,0,-1,0,0,-1,-1,0,2,62,F
59605,0,0,0,0,0,0,-1,0,0,0,1,0,-1,0,0,0,0,0,0,-1,0,2,62,F
59632,0,0,0,0,0,-1,1,0,-1,-1,0,0,1,0,0,1,-1,0,0,-1,0,2,184,F
59661,1,0,0,0,-1,-1,1,0,0,1,0,0,0,0,1,1,1,-1,-1,-1,0,2,183,F
59663,0,-1,0,0,0,0,1,0,0,1,0,0,0,0,0,0,0,0,0,-1,0,2,62,F
59677,0,0,0,0,0,0,1,0,1,0,0,0,0,0,0,0,0,0,0,1,0,2,92,F
59679,-1,0,0,0,-1,-1,-1,0,-1,-1,0,-1,1,-1,0,-1,-1,0,-1,-1,0,2,184,F
59693,-1,0,0,1,1,-1,-1,0,1,-1,-1,0,0,-1,1,-1,1,1,0,-1,0,1,366,T
59697,0,0,0,0,-1,-1,1,0,-1,-1,0,-1,-1,-1,-1,-1,-1,0,-1,-1,0,2,276,F
59717,0,-1,-1,1,-1,0,-1,0,0,-1,-1,0,0,0,0,0,1,1,0,-1,0,1,337,T
59722,0,0,0,1,-1,-1,-1,0,0,-1,0,0,0,0,0,0,0,0,0,-1,0,2,92,T
59765,1,0,0,0,0,0,1,0,0,1,0,-1,0,-1,0,0,0,0,0,1,0,2,0,F
59783,0,0,0,1,0,0,0,0,0,0,0,0,0,0,1,0,1,1,0,1,0,1,92,T
59798,0,1,0,1,0,1,-1,0,0,-1,1,0,0,0,0,-1,0,0,0,-1,0,2,123,T
59815,-1,-1,-1,1,1,-1,1,0,-1,-1,0,-1,0,-1,0,-1,0,0,0,1,0,2,276,T
59841,-1,0,0,0,0,1,1,0,-1,1,1,0,-1,-1,0,0,0,0,0,-1,-1,2,62,F
59855,0,0,0,0,0,-1,-1,-1,1,1,0,0,0,0,0,0,0,0,0,1,0,2,153,F
59883,-1,0,0,0,0,0,1,0,1,-1,1,0,0,-1,1,-1,0,0,0,-1,0,2,337,F
59888,-1,0,0,-1,-1,-1,-1,-1,1,-1,-1,1,1,-1,-1,0,0,0,0,-1,0,2,62,F
59899,1,0,0,0,0,1,-1,0,0,1,-1,0,0,0,0,0,0,0,0,-1,0,2,61,F
59906,0,0,-1,0,-1,-1,-1,-1,-1,1,-1,-1,0,-1,0,-1,0,0,-1,-1,0,2,214,F
60003,0,0,0,0,0,1,1,0,0,1,0,0,0,0,0,0,0,0,0,1,0,2,153,F
60033,0,0,0,0,0,1,1,0,0,-1,0,0,0,0,0,0,0,0,0,0,0,2,184,F
60035,-1,0,0,0,-1,0,-1,0,-1,-1,1,-1,-1,0,0,-1,0,0,-1,-1,0,2,123,F
60064,0,0,0,0,0,-1,-1,0,-1,-1,0,-1,1,-1,0,0,0,0,0,-1,0,2,184,F
60071,0,0,0,1,0,1,1,0,0,1,0,0,0,-1,1,0,0,0,0,0,0,2,366,T
60083,0,0,0,0,0,1,1,-1,0,0,0,0,0,0,0,0,0,0,0,1,0,2,61,F
60090,0,0,0,0,-1,-1,-1,0,-1,-1,0,0,0,-1,-1,-1,0,0,0,-1,0,2,122,F
60103,0,0,0,0,0,1,1,0,1,1,0,0,0,1,0,0,0,0,0,-1,0,1,122,F
60111,1,0,0,1,0,-1,-1,0,0,-1,0,0,0,0,0,-1,0,0,0,-1,0,2,123,T
60132,0,0,0,0,0,1,1,0,1,-1,-1,-1,0,0,0,0,0,0,0,-1,0,2,62,F
60133,0,0,0,0,-1,1,0,0,0,0,-1,0,0,0,0,0,0,0,0,1,0,2,0,F
60166,1,0,0,0,-1,-1,-1,0,-1,-1,1,0,-1,-1,-1,-1,0,0,0,-1,0,2,123,F
60173,0,0,0,1,0,1,0,0,0,0,0,0,0,0,0,-1,1,-1,0,-1,0,2,123,T
60180,0,0,0,0,0,1,-1,0,1,1,0,0,0,-1,0,0,0,0,0,-1,0,2,123,F
60205,0,0,0,1,-1,1,1,-1,1,1,0,0,0,-1,0,0,0,0,0,-1,-1,2,306,T
60250,0,0,0,0,0,1,-1,0,0,-1,0,0,0,0,0,0,0,0,0,-1,0,2,62,F
60298,0,0,0,0,-1,-1,-1,0,-1,-1,0,-1,-1,-1,0,-1,-1,0,-1,-1,0,2,61,F
60334,0,0,0,0,-1,-1,1,-1,-1,1,1,-1,0,-1,-1,1,-1,0,-1,-1,0,2,153,F
60372,-1,0,-1,0,0,1,-1,0,0,-1,0,0,0,-1,0,-1,0,0,0,1,0,2,92,F
60374,-1,1,0,1,-1,-1,1,-1,-1,-1,-1,0,-1,-1,0,-1,0,0,-1,-1,0,2,306,T
60380,0,0,0,1,0,1,-1,0,0,0,0,0,0,0,0,0,0,0,0,1,0,2,123,T
60383,0,0,0,0,0,0,0,0,-1,0,-1,-1,0,0,0,0,0,0,0,-1,0,2,245,F
60400,0,0,0,0,0,0,0,0,0,0,0,0,0,0,0,0,0,0,0,0,0,2,31,F
60410,1,0,0,0,0,-1,-1,0,0,-1,0,0,0,-1,0,0,0,0,0,-1,0,2,92,F
60414,0,0,0,0,0,1,-1,0,0,-1,0,0,0,0,0,0,0,0,0,-1,0,2,92,F
60416,0,0,0,0,0,0,0,0,0,0,0,0,0,0,0,0,0,0,0,0,0,2,62,F
60441,0,0,0,0,0,0,0,0,0,0,0,0,0,0,0,0,0,0,0,1,0,2,62,F
60456,-1,-1,-1,1,-1,-1,-1,0,-1,-1,0,-1,1,0,0,0,0,0,0,-1,0,2,62,T
60497,-1,0,0,1,-1,0,-1,0,0,0,-1,-1,-1,0,0,0,1,0,0,1,0,2,276,T
60516,0,0,0,-1,-1,-1,-1,-1,-1,-1,-1,-1,1,0,0,0,1,0,0,-1,0,2,397,F
60533,0,0,0,1,0,1,1,0,0,-1,0,0,0,-1,0,0,0,0,0,1,0,2,184,T
60543,0,0,0,0,0,-1,-1,0,0,0,0,-1,0,0,0,0,0,0,0,1,0,2,92,F
60549,-1,0,0,1,-1,0,1,0,0,-1,-1,0,-1,0,0,0,0,0,0,1,0,2,123,T
60604,0,0,0,0,0,0,-1,0,0,-1,0,0,0,0,0,0,0,0,0,0,0,2,62,F
60612,-1,0,0,1,0,1,1,0,-1,-1,-1,0,0,-1,0,0,0,0,0,-1,0,2,92,T
60633,0,0,0,0,0,-1,-1,0,0,0,0,0,0,0,0,-1,0,0,-1,1,0,2,184,F
60639,-1,-1,0,0,-1,-1,-1,-1,-1,-1,0,-1,-1,0,-1,-1,0,0,0,-1,0,2,184,F
60643,0,0,0,0,0,1,1,0,0,-1,0,0,0,0,0,0,0,0,0,-1,0,2,337,F
60671,0,0,0,0,0,0,1,0,0,-1,-1,0,0,0,0,0,0,0,0,-1,0,2,31,F
60680,0,0,0,0,-1,1,-1,0,1,-1,-1,-1,0,-1,1,0,0,0,0,-1,0,2,153,F
60694,0,-1,-1,0,-1,0,0,0,0,0,-1,0,0,0,0,0,0,0,0,-1,0,1,397,F
60697,0,0,0,0,0,-1,1,0,0,0,0,0,0,0,0,0,0,0,0,1,0,1,0,F
60699,0,0,0,0,0,0,1,0,1,0,0,0,0,0,0,0,0,0,0,0,0,1,31,F
60700,0,0,0,0,-1,0,-1,0,-1,-1,-1,-1,-1,-1,-1,-1,0,0,-1,-1,0,2,123,F
60701,0,0,0,0,-1,0,-1,0,0,0,0,-1,0,0,0,0,0,0,0,1,0,1,60,F
60706,-1,0,0,0,0,-1,-1,0,-1,-1,0,1,0,0,0,-1,-1,0,-1,-1,0,2,62,F
60707,0,0,0,0,0,1,0,0,0,0,0,0,0,0,0,0,0,0,0,0,0,1,397,F
60710,0,-1,0,0,-1,-1,-1,0,0,1,-1,0,0,0,0,1,-1,-1,0,-1,0,1,397,F
60713,0,0,0,0,0,-1,1,0,0,1,1,0,0,1,0,-1,0,0,0,1,0,1,397,F
60715,0,0,0,0,0,0,1,0,-1,-1,0,0,0,-1,0,-1,0,0,0,-1,0,1,0,F
60718,0,0,0,0,-1,1,-1,0,1,-1,-1,-1,1,-1,0,-1,0,0,-1,-1,0,1,121,F
60719,0,0,0,0,0,0,1,0,0,0,0,0,0,0,0,0,0,0,0,0,0,1,0,F
60720,0,1,0,0,1,0,1,0,0,1,0,0,0,-1,0,0,0,0,0,1,0,1,121,F
60723,0,0,0,0,0,0,1,0,1,0,0,1,0,1,0,0,0,0,0,1,0,1,121,F
60729,0,0,0,0,0,-1,-1,0,-1,1,0,-1,0,0,0,0,0,0,0,1,0,1,121,F
60730,0,0,0,0,0,-1,1,0,0,1,0,0,0,0,1,0,0,0,0,1,0,1,397,F
60731,0,0,0,-1,0,1,-1,0,0,-1,-1,-1,0,-1,0,0,0,0,0,1,0,1,305,F
60735,0,0,0,0,0,-1,-1,0,-1,1,0,0,0,0,0,0,0,0,0,-1,0,1,0,F
60736,0,0,0,0,0,1,-1,0,0,-1,0,1,0,0,0,0,0,0,0,-1,0,1,213,F
60738,0,1,0,0,0,0,1,0,0,0,0,0,0,0,0,0,0,0,0,0,0,1,244,F
60740,-1,0,0,0,0,0,1,0,0,1,0,0,0,1,0,0,0,0,0,0,0,1,213,F
60741,-1,0,0,0,-1,-1,1,-1,1,1,-1,-1,0,-1,0,-1,0,0,-1,-1,0,1,182,F
60743,0,0,0,1,-1,-1,1,0,0,-1,0,1,1,0,0,-1,0,0,-1,0,0,1,397,T
60744,0,0,0,1,1,-1,1,0,0,-1,0,0,0,0,0,0,0,0,0,1,0,1,91,T
60745,0,0,0,1,0,0,1,0,-1,0,0,1,0,0,1,0,0,0,0,-1,0,1,397,T
60747,-1,0,0,0,0,0,1,0,1,0,0,0,0,0,0,0,0,0,0,-1,0,1,31,F
60750,1,0,0,0,-1,-1,1,0,-1,1,0,-1,-1,0,0,-1,0,0,-1,-1,0,1,60,F
60752,0,1,0,0,0,1,-1,0,0,1,0,0,0,-1,0,0,0,0,0,-1,0,1,182,F
60753,0,0,0,0,-1,-1,1,0,1,1,0,-1,0,0,0,-1,0,0,-1,-1,0,1,31,F
60755,-1,0,0,0,0,0,1,0,1,1,1,0,0,0,0,0,0,0,0,1,0,1,91,F
60756,0,0,0,0,0,0,1,0,0,0,0,0,0,0,0,0,0,0,0,-1,0,1,60,F
60760,0,0,0,0,0,0,-1,0,0,0,0,0,0,0,1,0,-1,0,0,1,0,1,31,F
60762,0,0,0,0,0,0,1,0,0,0,0,0,0,0,0,0,0,0,0,1,0,1,305,F
60764,0,0,0,0,0,-1,-1,0,0,1,1,0,0,0,0,1,1,0,0,1,0,1,397,F
60766,0,0,0,0,1,-1,-1,-1,0,-1,0,0,0,-1,0,-1,0,0,0,-1,0,1,121,F
60767,0,0,0,0,0,1,1,0,0,0,0,0,0,0,0,0,0,0,0,-1,0,1,182,F
60770,0,0,0,0,0,1,1,0,0,0,0,0,0,0,0,0,0,0,0,0,0,1,31,F
60771,0,0,0,0,1,-1,1,0,0,1,0,1,0,0,0,-1,0,0,-1,-1,0,1,60,F
60772,0,0,0,1,-1,-1,1,0,-1,1,0,0,0,0,0,-1,0,0,-1,-1,0,1,397,T
60774,0,0,0,0,0,0,1,0,0,0,0,0,0,0,0,0,0,0,0,0,0,1,121,F
60777,0,0,0,0,0,0,1,0,-1,1,-1,0,0,0,0,0,0,0,0,-1,0,1,335,F
60781,0,0,0,0,0,1,1,0,-1,1,0,0,0,0,0,0,0,0,0,1,0,1,305,F
60782,0,0,0,0,0,1,1,0,0,0,0,0,0,0,0,0,0,0,0,1,0,1,274,F
60787,0,0,0,0,0,1,1,-1,0,1,0,0,1,0,0,0,0,0,0,1,0,1,152,F
60788,1,0,0,1,0,-1,-1,0,0,1,1,1,0,0,0,-1,0,0,-1,1,0,1,152,T
60789,0,0,0,0,0,-1,-1,-1,1,-1,0,0,0,-1,0,-1,0,0,0,1,0,1,397,F
60793,1,0,0,0,0,-1,-1,-1,1,-1,0,-1,0,0,0,-1,0,0,-1,-1,0,1,366,F
60794,1,0,-1,-1,0,1,-1,0,-1,-1,1,-1,0,0,1,0,1,0,0,1,0,1,366,F
60799,0,0,0,0,0,1,-1,0,1,0,0,0,0,0,0,0,0,0,0,1,0,1,213,F
60806,0,0,0,0,0,0,0,0,0,0,0,0,0,0,0,0,0,0,0,1,0,1,213,F
60807,0,0,0,0,0,0,0,0,0,0,0,0,0,-1,0,0,0,0,0,0,0,1,121,F
60811,0,0,0,0,0,0,1,0,0,0,0,0,0,0,0,0,0,0,0,0,0,1,243,F
60814,0,0,0,0,0,0,1,0,0,0,0,1,1,0,0,0,0,0,0,1,0,1,91,F
60817,0,0,0,0,0,0,1,0,1,1,0,-1,-1,-1,0,0,0,0,0,0,0,2,184,F
60818,0,-1,0,0,0,0,-1,0,1,-1,-1,0,0,0,0,0,0,0,0,-1,0,1,121,F
60820,0,0,0,0,0,-1,1,0,1,0,-1,0,0,0,0,0,0,0,0,-1,0,1,397,F
60821,-1,0,0,0,-1,-1,1,0,1,-1,0,0,0,0,1,0,0,0,0,-1,0,1,31,F
60822,0,0,0,0,1,1,1,0,0,1,0,0,0,0,0,0,0,0,0,1,0,1,366,F
60823,-1,0,0,0,1,0,1,0,-1,-1,-1,0,0,-1,0,0,0,0,0,1,0,1,366,F
60825,0,0,0,0,-1,-1,1,0,0,1,0,0,0,0,0,-1,0,0,0,-1,0,1,366,F
60829,0,0,0,0,0,-1,-1,0,-1,0,0,0,0,0,0,-1,0,0,0,-1,0,1,31,F
60836,1,0,0,0,0,-1,1,0,1,1,0,-1,0,1,0,0,0,0,0,1,0,1,121,F
60838,0,0,0,0,-1,-1,-1,0,0,1,0,0,0,0,0,1,-1,-1,0,-1,0,2,0,F
60839,0,0,0,0,0,0,1,0,1,0,0,0,0,0,0,0,0,0,0,1,0,1,151,F
60841,0,0,0,0,0,1,1,0,1,-1,0,1,0,0,-1,1,0,0,0,1,0,1,29,F
60842,0,1,0,0,-1,0,-1,0,0,-1,0,0,0,0,0,1,-1,0,0,1,0,1,274,F
60843,0,-1,-1,0,0,-1,1,-1,1,-1,0,-1,0,0,0,0,0,0,0,-1,0,1,60,F
60847,0,0,0,0,0,0,1,0,-1,1,0,0,1,0,0,0,0,0,0,1,0,1,304,F
60850,0,0,0,0,0,-1,1,0,1,0,0,1,0,-1,0,0,0,0,0,-1,0,1,274,F
60852,0,0,0,0,0,1,-1,-1,0,1,1,-1,0,1,0,0,0,0,0,1,0,1,397,F
60853,0,0,0,0,0,0,0,0,0,0,0,0,0,0,0,0,0,0,0,1,0,1,0,F
60854,0,0,0,0,0,0,1,0,0,0,0,0,0,0,0,0,0,0,0,1,0,1,91,F
60856,0,0,0,0,0,0,1,0,0,0,1,0,0,0,1,1,1,0,0,1,0,1,397,F
60857,0,-1,-1,0,0,0,-1,0,1,-1,-1,-1,0,0,0,0,0,0,0,1,0,1,244,F
60859,0,0,0,0,0,0,1,0,0,1,0,0,0,0,0,0,0,0,0,0,0,1,182,F
60862,0,0,0,0,0,1,1,0,0,0,0,0,0,0,0,0,0,0,0,1,0,1,366,F
60863,-1,0,0,0,0,0,-1,0,0,-1,0,0,-1,0,0,0,0,0,0,1,0,1,366,F
60864,0,0,0,0,0,-1,-1,0,0,-1,0,1,0,0,0,-1,-1,0,0,1,0,2,61,F
60869,0,0,0,0,0,0,-1,0,0,0,0,0,0,0,0,0,0,0,0,1,0,1,0,F
60870,0,0,0,0,0,1,1,-1,0,0,0,0,0,0,0,0,0,0,0,1,0,1,366,F
60871,0,0,0,1,0,1,-1,0,0,-1,0,0,0,0,1,0,0,0,0,1,0,1,366,T
60872,1,0,0,0,0,0,-1,0,0,1,0,0,-1,-1,0,0,0,0,0,-1,0,1,90,F
60873,-1,0,-1,0,0,0,1,0,-1,1,0,-1,-1,0,0,-1,0,0,-1,-1,0,1,121,F
60874,0,0,0,0,0,1,1,-1,-1,0,-1,0,0,-1,0,0,0,0,0,1,0,1,121,F
60875,0,0,0,0,0,0,0,0,0,0,0,0,0,0,0,0,0,0,0,0,0,1,29,F
60876,0,0,0,0,0,-1,1,0,0,-1,0,0,-1,0,0,0,0,0,0,-1,0,1,121,F
60877,0,0,0,0,0,0,1,0,0,0,0,0,0,-1,0,0,0,0,0,0,0,1,60,F
60878,0,0,0,1,0,0,1,0,0,1,1,0,0,0,0,0,0,0,0,1,0,1,366,T
60882,0,0,0,-1,-1,0,-1,0,0,0,0,0,0,0,-1,0,0,0,0,-1,0,1,366,F
60883,-1,0,0,0,1,-1,-1,-1,-1,1,0,-1,-1,-1,0,-1,-1,0,-1,-1,0,2,30,F
60884,0,0,0,0,0,0,-1,0,0,-1,0,0,0,0,0,-1,0,0,-1,1,0,1,90,F
60885,0,0,0,0,0,0,0,0,0,0,0,0,0,0,0,0,0,0,0,0,0,1,60,F
60888,0,0,0,0,0,0,1,0,0,1,0,0,0,0,0,0,0,0,0,1,0,2,184,F
60889,1,0,0,0,0,1,1,0,0,1,0,0,0,0,0,0,0,0,0,0,0,1,60,F
60890,0,0,0,1,0,0,-1,0,0,0,1,0,0,0,0,0,0,0,0,-1,0,1,366,T
60893,0,0,0,0,0,-1,-1,-1,-1,0,0,0,-1,-1,0,-1,-1,0,-1,-1,0,1,182,F
60895,0,0,0,-1,-1,-1,1,0,0,-1,0,0,-1,0,1,0,1,-1,0,1,0,1,243,F
60896,0,0,0,0,0,0,-1,0,0,-1,0,0,1,0,1,0,1,0,0,1,0,1,366,F
60897,0,0,0,0,0,0,1,0,1,0,0,1,0,0,0,0,0,0,0,1,0,1,151,F
60900,-1,0,0,0,1,1,-1,-1,1,1,-1,-1,0,0,0,0,0,0,0,1,0,2,276,F
60901,0,0,0,0,0,1,1,-1,0,0,0,0,0,0,0,0,0,0,0,-1,0,1,0,F
60902,0,0,0,0,0,0,0,0,0,0,0,0,0,0,1,0,0,0,0,1,0,1,366,F
60903,0,0,0,0,0,1,-1,0,-1,-1,0,0,0,0,0,0,0,0,0,-1,0,1,366,F
60904,1,0,0,0,0,1,1,-1,1,1,-1,0,1,-1,0,0,0,0,0,-1,0,1,60,F
60906,0,0,0,-1,0,0,0,0,-1,0,0,0,0,1,1,-1,0,0,0,-1,0,1,274,F
60907,0,-1,-1,-1,-1,-1,-1,0,-1,0,-1,1,0,0,0,0,0,0,0,-1,0,1,366,F
60908,0,-1,-1,0,0,0,-1,0,0,-1,0,-1,0,0,0,0,0,0,0,-1,0,1,60,F
60909,0,0,0,0,0,-1,1,0,0,1,0,0,0,0,0,0,0,0,0,-1,0,1,366,F
60914,0,0,0,0,0,-1,1,0,0,-1,0,0,0,0,0,0,0,0,0,-1,0,1,366,F
60915,0,0,0,0,0,0,0,0,0,0,0,0,0,0,0,0,0,0,0,0,0,2,153,F
60916,0,0,0,0,0,0,-1,0,0,-1,0,0,0,-1,0,-1,0,0,0,-1,0,1,90,F
60919,0,0,0,0,0,0,1,0,0,1,0,-1,1,-1,0,0,0,0,0,1,0,1,366,F
60920,0,0,0,0,-1,-1,-1,0,-1,-1,0,1,-1,0,1,0,0,0,0,-1,0,1,337,F
60921,0,0,0,0,0,-1,-1,-1,1,-1,0,0,0,0,0,-1,0,0,0,-1,0,1,0,F
60923,-1,-1,-1,0,0,-1,-1,0,-1,-1,0,-1,0,0,0,0,0,0,0,-1,0,1,31,F
60925,0,0,0,0,0,1,1,0,0,0,0,0,0,0,0,0,1,1,0,-1,0,1,122,F
60928,0,0,0,0,0,0,-1,0,0,-1,0,0,0,-1,0,0,0,0,0,0,0,1,122,F
60929,0,0,0,0,0,1,-1,-1,-1,1,0,-1,0,0,0,0,0,0,0,-1,0,1,337,F
60930,0,0,0,-1,-1,-1,-1,0,0,-1,0,0,-1,0,1,1,-1,-1,0,1,0,1,397,F
60932,0,0,0,1,0,1,-1,0,0,-1,0,0,0,-1,0,-1,0,0,-1,-1,0,1,337,T
60937,0,0,0,0,0,1,1,-1,-1,0,1,-1,1,-1,0,0,0,0,0,1,0,1,274,F
60938,0,-1,-1,0,0,0,-1,0,0,-1,-1,0,1,0,0,0,0,0,0,0,0,1,0,F
60943,0,0,0,0,0,0,1,0,0,0,1,0,0,0,0,0,0,0,0,-1,0,1,337,F
60945,1,-1,0,0,1,0,1,0,0,0,0,0,0,0,0,0,0,0,0,1,0,1,61,F
60946,0,0,0,0,-1,1,1,0,0,0,1,0,0,0,0,-1,0,0,0,1,0,1,337,F
60948,0,0,0,1,0,1,-1,0,0,1,0,0,0,-1,0,-1,0,0,-1,-1,0,1,337,T
60949,0,0,0,1,0,0,1,0,0,0,0,0,0,0,0,0,0,0,0,1,0,1,337,T
60950,-1,0,0,0,-1,0,-1,0,-1,-1,-1,0,0,0,0,0,0,0,0,-1,0,2,153,F
60951,0,0,0,0,0,0,1,0,0,1,0,0,1,0,0,0,0,0,0,1,0,1,61,F
60953,0,0,0,0,-1,-1,-1,-1,0,-1,1,-1,-1,0,-1,-1,-1,-1,-1,1,0,1,337,F
60961,-1,0,0,0,0,1,1,0,-1,-1,0,-1,0,-1,1,0,0,0,0,1,0,1,31,F
60962,0,0,0,0,0,-1,1,-1,0,-1,1,0,0,0,0,0,0,0,0,-1,0,1,122,F
60964,0,0,0,0,0,0,-1,0,-1,1,0,0,0,-1,0,0,0,0,0,1,0,1,92,F
60966,0,0,0,0,-1,-1,-1,0,1,1,-1,0,1,0,0,0,0,0,0,1,0,1,92,F
60967,0,0,0,0,0,1,-1,0,0,0,0,0,0,0,0,0,0,0,0,-1,0,1,61,F
60968,0,0,0,0,0,0,0,0,0,0,0,0,0,0,0,0,0,0,0,0,0,1,122,F
60969,0,0,0,1,-1,1,-1,0,-1,-1,1,0,0,0,0,-1,0,0,0,1,0,1,337,T
60970,-1,0,0,0,0,-1,-1,0,1,-1,-1,-1,1,0,0,0,0,0,0,-1,0,1,61,F
60971,0,0,0,0,0,0,0,0,0,0,0,0,0,0,0,0,0,0,0,0,0,1,92,F
60972,0,0,0,0,0,-1,1,0,0,1,0,0,0,-1,0,0,0,0,0,1,0,1,0,F
60975,0,-1,-1,0,0,-1,-1,0,0,0,1,0,-1,0,0,0,0,0,0,-1,0,1,61,F
60978,1,0,0,0,-1,-1,-1,-1,-1,1,0,-1,0,-1,0,0,0,0,0,-1,0,3,153,F
60979,0,0,0,1,0,0,-1,0,0,0,0,0,0,0,0,0,0,0,0,0,0,1,337,T
60980,0,0,0,0,0,1,1,0,0,0,0,0,0,0,0,0,0,0,0,0,0,1,61,F
60983,0,0,0,0,0,1,1,0,1,0,1,0,0,0,0,0,0,0,0,1,0,1,122,F
60984,0,0,0,0,0,1,1,0,1,1,0,0,0,1,0,0,0,0,0,1,0,1,153,F
60986,0,-1,0,0,0,-1,1,-1,1,1,-1,0,0,0,0,-1,0,0,-1,1,0,1,153,F
60988,-1,0,0,0,0,0,1,0,-1,0,0,-1,0,1,0,0,0,0,0,-1,0,1,245,F
60989,-1,1,0,0,0,0,1,0,1,1,0,-1,0,1,0,0,0,0,0,1,0,1,31,F
60990,0,1,0,0,0,0,1,0,1,-1,0,0,1,0,0,0,0,0,0,1,0,1,337,F
60991,0,0,0,0,-1,1,-1,0,1,0,0,0,0,0,0,0,0,0,0,1,0,1,245,F
60994,-1,0,0,0,0,-1,-1,-1,0,-1,1,0,0,0,0,0,0,0,0,-1,0,1,337,F
60995,0,0,0,0,0,1,1,0,-1,0,0,-1,0,0,0,0,0,0,0,-1,0,1,214,F
60996,0,0,0,0,0,0,1,0,0,1,0,0,0,0,0,0,0,0,0,1,0,1,31,F
60998,0,-1,0,0,0,1,1,0,0,1,0,0,0,0,0,0,0,0,0,1,0,1,0,F
61000,0,0,0,0,0,-1,1,0,0,-1,0,0,0,-1,0,0,0,0,0,-1,0,1,337,F
61002,0,0,0,0,-1,-1,1,0,-1,1,0,0,0,0,0,-1,0,0,-1,1,0,1,337,F
61003,0,-1,0,0,0,0,-1,0,0,1,-1,0,0,0,0,-1,0,0,0,1,0,1,337,F
61005,0,0,0,0,0,0,0,0,0,0,0,0,0,0,0,0,0,0,0,1,0,1,31,F
61006,0,0,0,0,0,0,1,0,0,0,0,0,0,1,0,0,0,0,0,0,0,1,337,F
61010,0,0,0,0,0,0,0,0,0,0,0,0,0,0,0,0,0,0,0,0,0,1,153,F
61011,0,0,0,0,0,1,1,0,1,-1,0,0,-1,-1,0,-1,0,0,0,1,0,1,337,F
61014,0,0,0,-1,-1,-1,-1,0,-1,-1,0,-1,0,-1,-1,0,1,0,0,-1,0,2,62,F
61015,0,0,0,0,0,0,1,0,0,0,1,1,0,0,0,0,0,0,0,1,0,1,153,F
61020,0,0,0,0,0,0,1,0,0,0,0,0,0,0,0,0,0,0,0,-1,0,1,122,F
61022,0,0,0,0,-1,-1,1,0,1,-1,0,0,0,0,1,-1,0,0,0,1,0,1,122,F
61023,0,0,0,1,-1,1,-1,0,-1,0,0,-1,0,0,0,-1,0,0,0,1,0,1,337,T
61024,-1,0,0,0,-1,-1,1,0,1,-1,0,-1,0,0,0,-1,-1,0,-1,-1,-1,1,122,F
61025,0,0,0,0,-1,-1,-1,0,-1,-1,-1,-1,0,-1,0,0,0,0,0,-1,0,1,337,F
61026,0,0,0,0,0,0,0,0,0,0,0,0,0,0,0,0,0,0,0,1,0,1,31,F
61029,0,0,0,0,0,0,-1,0,-1,0,-1,0,0,0,0,0,0,0,0,-1,0,1,337,F
61033,1,0,0,0,0,1,-1,0,1,0,0,0,0,0,0,-1,0,0,0,0,0,1,337,F
61035,0,0,0,0,0,0,1,0,0,0,-1,0,0,0,0,0,0,0,0,-1,0,1,91,F
61037,-1,-1,-1,1,0,0,1,0,0,1,0,-1,0,1,0,0,0,0,0,-1,0,1,306,T
61039,0,0,0,0,0,-1,1,0,0,1,0,1,0,0,0,-1,0,0,0,1,0,1,214,F
61040,0,0,0,0,1,-1,-1,-1,-1,-1,0,0,0,-1,0,-1,0,0,0,-1,0,1,61,F
61041,0,0,0,0,0,-1,-1,-1,-1,0,0,0,0,0,0,0,0,0,0,1,0,1,61,F
61043,0,0,0,1,0,1,1,0,0,1,1,0,0,1,0,0,0,0,0,1,0,1,337,T
61044,0,0,0,0,0,1,-1,0,0,-1,0,0,0,0,0,0,0,0,0,1,0,1,31,F
61045,0,0,0,-1,-1,-1,1,-1,1,-1,0,-1,1,-1,1,-1,0,0,0,1,0,1,337,F
61047,0,0,0,0,0,1,1,0,1,1,0,0,0,0,0,0,0,0,0,-1,0,1,184,F
61053,0,0,0,0,0,1,1,0,0,0,0,0,0,0,0,0,0,0,0,0,0,1,30,F
61054,0,0,0,0,-1,0,1,0,0,-1,1,0,0,0,0,0,0,0,0,1,0,1,214,F
61055,0,-1,-1,0,0,0,1,-1,0,1,0,1,0,0,0,-1,0,0,0,-1,0,1,61,F
61056,0,0,0,0,0,0,1,0,-1,-1,0,0,0,-1,0,0,0,0,0,-1,0,1,31,F
61057,-1,0,0,0,1,-1,-1,0,-1,0,-1,0,0,0,0,0,0,0,0,1,0,1,306,F
61058,0,0,0,0,0,1,1,0,0,0,0,0,0,0,0,0,0,0,0,-1,0,1,91,F
61060,1,0,0,0,0,0,-1,0,0,-1,0,-1,-1,0,0,0,0,0,0,1,0,1,91,F
61061,-1,0,0,0,1,-1,1,0,1,1,1,0,-1,0,0,0,0,0,0,1,0,1,30,F
61062,0,0,0,0,0,0,0,0,0,0,0,0,0,0,0,0,0,0,0,0,0,1,122,F
61063,-1,0,0,1,-1,-1,1,0,-1,1,1,-1,-1,-1,0,-1,0,0,-1,1,-1,1,337,T
61064,0,0,0,0,1,0,1,0,1,-1,1,0,1,-1,0,0,0,0,0,-1,0,1,306,F
61065,0,0,0,1,0,-1,1,-1,0,1,0,0,0,1,0,0,0,0,0,-1,0,1,306,T
61066,1,0,0,0,-1,1,1,0,-1,-1,1,-1,0,0,0,-1,-1,0,0,-1,0,1,183,F
61067,-1,0,0,0,0,0,1,0,0,-1,1,0,0,0,0,0,0,0,0,-1,0,1,91,F
61068,0,0,0,0,0,0,1,0,-1,0,0,1,0,-1,0,0,0,0,0,1,0,1,306,F
61071,0,0,0,0,0,0,0,0,0,0,0,0,0,0,0,0,1,0,0,1,0,1,306,F
61073,-1,0,-1,0,0,-1,-1,0,-1,0,0,0,0,0,0,-1,0,0,-1,1,0,1,306,F
61074,-1,0,0,0,1,1,1,0,-1,-1,0,-1,-1,-1,0,-1,0,0,-1,1,0,1,91,F
61080,0,0,0,0,0,0,1,0,0,1,0,0,0,0,0,0,0,0,0,1,0,1,183,F
61083,-1,-1,-1,0,-1,1,-1,0,-1,-1,0,-1,0,0,0,0,0,0,0,1,-1,2,215,F
61084,-1,0,0,0,0,0,-1,0,0,0,0,0,0,-1,0,0,0,0,0,-1,0,1,306,F
61085,0,0,0,0,0,1,-1,0,0,1,1,0,0,0,0,0,0,0,0,1,0,1,30,F
61086,0,0,0,0,0,0,-1,0,0,0,0,0,0,0,0,0,0,0,0,0,0,1,0,F
61089,0,0,0,0,0,0,0,0,0,0,1,0,0,0,0,0,0,0,0,0,0,1,153,F
61095,0,0,0,0,0,1,-1,-1,1,-1,0,0,0,-1,0,0,0,0,0,-1,0,1,153,F
61096,0,0,0,0,0,0,-1,0,-1,-1,0,0,-1,0,0,0,0,0,0,1,0,2,62,F
61100,-1,0,0,0,-1,-1,-1,0,0,0,0,-1,0,0,0,0,0,0,0,-1,0,1,306,F
61101,0,0,0,1,0,0,0,0,0,0,0,-1,0,0,0,0,0,0,0,1,0,1,306,T
61103,0,0,0,0,0,0,0,0,0,0,1,0,0,0,0,0,0,0,0,0,0,1,122,F
61104,0,0,0,0,0,1,0,0,1,0,-1,0,0,0,0,0,0,0,0,1,0,1,122,F
61106,-1,0,0,0,-1,-1,-1,0,1,1,0,0,0,0,0,0,1,1,0,-1,0,1,0,F
61109,0,0,0,1,0,0,0,0,0,0,0,0,0,0,0,0,0,0,0,1,0,1,122,T
61110,0,0,-1,0,-1,-1,1,-1,0,1,0,-1,-1,-1,0,-1,0,0,-1,-1,0,1,214,F
61111,0,0,0,0,0,0,1,0,0,0,0,0,0,0,0,0,0,0,0,0,0,1,244,F
61112,0,0,0,0,0,1,-1,0,0,0,0,0,0,0,0,0,0,0,0,-1,0,1,306,F
61115,0,0,0,0,0,0,0,0,0,0,0,0,0,0,0,0,0,0,0,0,0,1,153,F
61116,0,0,0,0,0,0,1,0,-1,0,0,0,0,0,0,0,0,0,0,-1,0,1,214,F
61117,-1,-1,-1,1,-1,0,-1,0,-1,-1,-1,-1,0,-1,0,0,0,0,0,-1,0,1,306,T
61118,0,0,0,0,0,0,1,0,0,1,-1,1,0,0,0,0,0,0,0,1,0,1,91,F
61119,0,0,0,1,0,0,1,0,0,0,0,0,0,0,0,0,0,0,0,0,0,1,0,T
61120,-1,0,0,-1,-1,1,1,0,0,0,0,-1,0,1,1,1,0,0,0,1,0,1,306,F
61121,-1,-1,-1,0,1,1,1,0,1,0,0,-1,0,-1,0,-1,1,0,0,1,0,1,92,F
61122,0,0,0,0,0,1,1,0,0,0,0,0,0,0,0,0,0,0,0,1,0,1,91,F
61123,0,0,0,0,0,1,1,0,0,0,0,0,0,0,0,0,0,0,0,0,0,1,91,F
61128,0,0,0,0,0,-1,-1,0,0,0,0,0,0,0,1,0,0,0,0,1,0,1,306,F
61129,0,0,0,1,0,-1,1,0,1,-1,0,0,0,0,0,0,0,0,0,1,0,1,306,T
61130,0,0,0,0,0,1,1,-1,-1,-1,-1,0,0,0,0,-1,0,0,0,-1,0,1,61,F
61133,0,0,0,0,0,-1,1,0,0,1,0,0,0,0,0,0,0,0,0,0,0,1,122,F
61134,-1,-1,-1,0,1,-1,-1,0,-1,-1,0,-1,0,0,0,0,0,0,0,-1,0,1,31,F
61135,0,0,0,0,0,0,1,0,-1,0,0,0,0,0,0,0,0,0,0,0,0,1,61,F
61136,0,0,-1,0,0,1,1,0,0,0,0,1,0,0,0,0,0,0,0,0,0,1,121,F
61137,0,-1,-1,0,0,-1,-1,0,0,0,0,0,0,0,0,0,0,0,0,-1,0,1,61,F
61142,0,0,0,0,-1,-1,1,0,0,1,0,1,0,0,-1,0,0,0,0,-1,0,1,183,F
61144,0,0,0,0,0,0,1,0,0,0,1,0,0,0,0,0,0,0,0,0,0,1,306,F
61145,0,0,0,1,0,0,1,0,-1,-1,0,-1,0,0,0,0,0,0,-1,1,0,1,306,T
61146,0,0,0,0,0,0,1,0,1,1,0,0,0,0,0,0,0,0,0,1,0,1,61,F
61148,0,0,0,0,0,-1,-1,0,0,-1,0,-1,0,1,0,-1,0,0,-1,-1,0,1,306,F
61151,0,0,0,1,0,0,-1,0,0,0,0,0,0,0,0,-1,0,0,-1,-1,0,1,275,T
61152,-1,0,0,1,-1,-1,-1,-1,-1,-1,1,0,0,0,0,1,-1,0,-1,-1,0,1,244,T
61156,-1,0,0,1,0,-1,-1,-1,0,0,0,0,0,0,0,-1,0,0,-1,-1,0,1,306,T
61158,1,-1,-1,-1,0,1,-1,0,0,-1,0,0,0,0,0,0,0,0,0,1,0,1,92,F
61159,0,0,0,0,0,0,-1,0,-1,0,-1,0,0,0,0,0,0,0,0,0,0,1,61,F
61160,0,0,0,1,0,0,1,0,1,0,-1,0,1,0,0,0,0,0,0,1,0,1,306,T
61162,0,0,0,0,0,1,-1,-1,0,1,0,0,0,1,0,0,0,0,0,1,0,1,306,F
61163,1,0,0,0,0,0,1,0,0,1,0,-1,0,-1,0,0,0,0,0,1,0,1,306,F
61164,0,0,0,-1,0,1,-1,0,0,0,0,0,0,0,-1,0,-1,-1,0,1,0,1,91,F
61166,0,0,0,0,0,0,1,0,0,-1,-1,0,1,0,0,-1,0,0,0,-1,0,1,306,F
61167,0,0,0,0,0,1,1,0,0,0,0,0,0,0,0,0,0,0,0,1,0,1,214,F
61168,0,0,0,0,0,-1,1,0,0,0,0,0,0,0,0,0,0,0,0,1,0,1,214,F
61170,0,0,0,0,0,1,1,0,0,0,1,0,0,0,0,0,0,0,0,1,0,1,92,F
61171,-1,0,0,0,0,0,-1,0,1,-1,1,-1,1,0,0,0,0,0,0,-1,0,1,61,F
61175,0,0,0,0,0,1,1,0,0,0,0,0,0,0,0,0,0,0,0,1,0,1,123,F
61176,1,0,0,0,0,0,1,0,-1,1,0,0,0,-1,0,0,0,0,0,1,0,1,184,F
61179,0,0,0,0,0,1,-1,-1,-1,1,0,0,0,-1,0,0,0,0,0,-1,0,1,276,F
61180,-1,0,0,-1,0,0,1,0,1,-1,0,0,0,0,1,0,0,0,0,1,0,1,31,F
61181,0,0,0,0,0,0,1,0,0,0,0,0,0,0,1,0,-1,0,0,1,0,1,184,F
61186,0,0,0,1,-1,-1,1,0,0,1,0,1,-1,-1,1,-1,1,0,-1,1,0,1,214,T
61190,0,0,0,0,0,1,-1,0,0,-1,0,0,0,0,0,0,0,0,0,-1,0,1,276,F
61191,0,-1,1,1,0,1,-1,-1,1,-1,-1,0,0,0,0,0,0,0,0,-1,0,1,276,T
61192,0,0,0,-1,-1,-1,-1,0,0,-1,0,1,-1,0,-1,1,-1,-1,0,-1,0,1,276,F
61198,0,0,0,0,0,0,0,0,0,0,0,0,0,0,0,0,0,0,0,0,0,1,30,F
61200,0,0,0,0,0,0,0,0,0,0,0,0,0,0,0,0,0,0,0,0,0,1,30,F
61206,0,0,0,0,-1,0,1,0,-1,0,0,0,1,-1,0,1,0,0,0,-1,0,1,31,F
61208,0,-1,-1,0,0,1,1,0,0,-1,0,0,0,0,0,0,0,0,0,1,0,1,276,F
61210,1,0,0,0,0,1,1,0,0,0,0,0,0,1,0,0,0,0,0,1,0,1,123,F
61212,0,0,0,0,0,0,1,0,0,1,0,0,0,0,0,0,0,0,0,0,0,1,0,F
61214,0,0,0,0,0,-1,1,-1,0,0,0,0,0,-1,0,0,0,0,0,1,0,1,123,F
61215,-1,0,0,1,-1,-1,1,0,1,1,0,0,0,-1,-1,-1,0,0,-1,1,0,1,276,T
61216,0,1,0,0,0,0,0,0,0,0,1,0,0,0,0,0,0,0,0,1,0,1,214,F
61217,-1,0,0,1,0,1,1,0,0,-1,0,0,0,-1,0,-1,0,0,-1,1,0,1,245,T
61218,0,0,0,0,0,0,1,0,0,0,0,0,0,0,0,0,0,0,0,1,0,1,92,F
61219,0,0,0,0,0,1,1,0,0,-1,0,0,0,0,0,0,0,0,0,-1,0,1,92,F
61220,0,0,0,0,0,0,0,0,0,0,0,0,0,0,1,0,0,0,0,1,0,1,276,F
61224,0,0,0,0,0,0,0,0,0,0,1,0,0,-1,0,0,0,0,0,1,0,1,153,F
61227,0,0,0,-1,0,-1,-1,0,1,-1,0,0,0,0,0,1,1,-1,0,1,0,1,0,F
61235,0,0,0,0,0,1,1,0,1,0,0,0,0,0,0,1,-1,-1,0,1,0,1,153,F
61240,0,0,0,0,-1,1,-1,0,-1,0,0,-1,0,0,0,-1,0,0,0,-1,0,1,276,F
61242,0,0,0,1,0,1,1,0,-1,-1,0,1,-1,0,0,0,0,0,0,1,0,1,276,T
61243,1,0,0,0,1,0,-1,0,0,-1,-1,0,0,0,0,0,0,0,0,-1,0,1,123,F
61246,0,0,0,0,0,-1,-1,-1,0,-1,0,0,0,0,0,0,0,0,0,1,0,1,92,F
61247,0,0,0,-1,-1,1,-1,-1,0,0,0,0,0,-1,1,0,0,0,0,1,0,1,276,F
61249,1,0,0,1,1,1,1,0,0,-1,0,0,0,0,0,-1,0,0,0,1,0,1,276,T
61253,0,0,0,-1,-1,0,0,0,0,0,0,-1,-1,0,1,0,-1,0,0,1,0,1,276,F
61254,0,0,0,0,0,-1,-1,0,0,-1,0,0,0,-1,0,-1,0,0,-1,-1,0,1,31,F
61255,-1,0,0,1,-1,1,-1,0,-1,0,-1,0,0,-1,1,0,0,0,0,1,0,1,276,T
61256,1,0,0,0,-1,-1,1,0,0,-1,0,1,0,-1,0,-1,-1,0,-1,-1,-1,1,122,F
61257,-1,0,0,0,0,0,1,0,0,1,1,1,0,-1,0,0,0,0,0,1,0,1,61,F
61260,0,0,0,0,0,-1,1,0,0,1,0,-1,0,0,0,0,0,0,0,-1,0,1,61,F
61261,0,0,0,0,0,0,1,0,0,1,0,0,0,1,0,0,0,0,0,1,0,1,245,F
61262,-1,0,0,0,-1,-1,-1,0,1,-1,0,-1,1,-1,-1,0,0,0,0,-1,0,1,276,F
61264,-1,0,0,0,-1,-1,-1,-1,1,-1,0,0,-1,0,1,0,0,0,0,1,0,1,276,F
61265,-1,0,0,0,-1,-1,-1,0,0,1,0,0,0,0,0,-1,-1,0,-1,-1,0,1,276,F
61269,0,0,0,0,0,-1,1,0,0,0,0,0,0,0,0,0,0,0,0,1,0,1,276,F
61271,0,0,0,1,0,0,0,0,0,0,0,0,0,0,0,0,0,0,0,-1,0,1,153,T
61274,0,0,0,1,0,1,-1,0,0,-1,0,0,1,0,0,0,1,1,0,1,0,1,184,T
61275,-1,0,0,0,1,1,1,0,0,-1,0,0,1,0,0,-1,0,0,0,1,0,1,61,F
61278,0,0,0,1,-1,1,1,0,-1,1,0,0,0,-1,0,1,-1,-1,0,1,0,1,276,T
61279,0,0,0,0,0,0,1,0,1,1,0,0,0,0,0,0,0,0,0,-1,0,1,31,F
61282,0,0,0,0,0,0,0,0,0,0,0,0,0,0,0,0,0,0,0,0,0,1,245,F
61283,0,0,0,1,0,1,1,0,0,0,0,0,0,0,0,0,0,0,0,1,0,1,245,T
61285,-1,-1,0,0,0,0,1,0,1,0,-1,-1,0,0,0,0,0,0,0,-1,0,1,276,F
61286,0,-1,-1,0,0,-1,-1,-1,-1,-1,0,0,1,-1,0,-1,0,0,0,-1,0,1,276,F
61290,-1,0,0,1,-1,-1,-1,0,-1,-1,0,-1,-1,-1,0,-1,-1,0,-1,-1,0,1,184,T
61295,0,0,0,0,0,1,1,0,0,1,-1,0,0,0,0,0,0,0,0,1,0,1,276,F
61296,0,0,0,0,0,0,0,0,0,0,0,0,0,0,1,0,0,0,0,0,0,1,276,F
61297,0,0,0,1,0,0,0,0,0,0,0,0,0,0,0,0,0,0,0,0,0,1,245,T
61301,0,0,0,0,1,0,1,-1,0,1,0,-1,0,0,0,-1,0,0,-1,-1,0,1,31,F
61303,0,0,0,0,0,0,1,-1,1,-1,0,0,1,-1,0,-1,0,0,-1,1,0,1,276,F
61308,0,0,0,1,0,0,1,-1,1,-1,0,0,0,0,0,-1,0,0,0,-1,0,1,92,T
61309,0,0,0,0,-1,0,-1,0,-1,1,0,0,-1,0,0,-1,0,0,-1,-1,0,1,245,F
61311,0,0,0,0,0,0,0,0,0,0,0,0,0,0,0,0,0,0,0,1,0,1,0,F
61312,0,0,0,0,0,0,1,0,0,1,0,0,0,0,0,0,0,0,0,0,0,1,61,F
61315,0,0,0,0,0,0,1,0,-1,0,0,0,-1,0,1,-1,0,0,0,0,0,1,245,F
61320,0,0,0,0,0,0,1,0,1,1,0,0,0,0,0,0,0,0,0,-1,0,1,245,F
61321,1,1,0,0,0,-1,-1,0,0,-1,0,-1,0,1,0,-1,0,0,-1,1,0,1,245,F
61325,1,1,0,0,0,-1,1,0,0,-1,0,0,0,0,0,0,0,0,0,1,0,1,92,F
61328,1,0,0,0,0,-1,-1,0,-1,-1,0,0,0,0,0,-1,-1,-1,-1,1,0,1,245,F
61330,0,0,0,0,0,1,0,0,0,0,0,0,0,0,0,0,0,0,0,0,0,1,245,F
61331,0,0,0,-1,-1,0,-1,0,0,-1,0,0,0,0,1,0,0,0,0,-1,0,1,245,F
61338,-1,0,0,0,1,0,1,0,0,1,0,-1,0,1,0,-1,0,0,-1,-1,0,1,122,F
61342,0,0,0,0,0,0,-1,0,1,0,-1,0,0,-1,0,0,1,0,0,-1,0,1,62,F
61343,1,0,0,1,0,1,1,0,1,1,0,0,0,0,0,0,1,1,0,1,0,1,245,T
61345,0,0,0,0,0,1,1,0,0,0,0,0,0,0,0,0,0,0,0,1,0,1,245,F
61346,0,0,0,0,0,1,1,-1,0,-1,0,0,0,0,0,0,0,0,0,1,0,1,153,F
61347,0,0,0,0,1,-1,-1,0,1,-1,0,0,-1,0,0,0,0,0,0,-1,0,1,0,F
61348,1,0,0,0,0,-1,1,-1,0,-1,0,-1,0,0,0,0,0,0,0,-1,0,1,123,F
61349,0,0,0,-1,-1,-1,1,0,0,1,0,-1,0,0,1,1,1,-1,0,1,0,1,61,F
61350,0,0,0,0,0,-1,-1,0,-1,0,0,0,0,0,0,-1,0,0,-1,-1,0,1,123,F
61351,0,-1,-1,0,0,-1,-1,-1,0,-1,0,-1,0,0,0,-1,0,0,0,-1,0,1,183,F
61352,1,0,0,1,-1,1,-1,0,0,-1,0,1,0,-1,0,0,0,0,0,1,0,1,245,T
61359,0,0,0,0,-1,0,0,0,0,0,-1,-1,0,0,0,0,0,0,0,1,0,1,245,F
61360,0,0,0,1,0,0,0,0,0,0,0,0,0,0,0,0,0,0,0,1,0,1,214,T
61361,0,0,0,0,0,1,1,0,0,1,0,0,0,1,0,0,0,0,0,1,0,1,245,F
61362,0,-1,-1,1,1,0,1,0,0,0,0,0,0,0,0,0,0,0,0,1,0,1,245,T
61363,-1,-1,-1,0,0,0,-1,0,1,-1,0,1,0,-1,0,0,0,0,0,-1,0,1,245,F
61370,0,0,0,1,0,1,-1,0,-1,-1,0,0,0,-1,1,1,-1,-1,0,1,0,1,245,T
61374,1,0,0,0,1,0,1,-1,1,-1,0,0,-1,0,0,0,0,0,0,-1,0,1,0,F
61375,0,0,0,0,0,0,1,0,0,1,0,0,1,0,0,0,0,0,0,0,0,1,0,F
61381,-1,0,0,0,0,-1,1,0,-1,1,0,-1,1,-1,0,0,0,0,0,-1,0,1,183,F
61385,0,0,0,0,0,-1,-1,0,0,1,0,0,0,0,0,0,0,0,0,1,0,1,245,F
61386,0,1,0,0,0,1,1,0,1,1,-1,0,0,0,0,0,0,0,0,1,0,1,245,F
61388,0,0,-1,0,0,0,-1,0,0,1,1,1,0,0,0,0,0,0,0,0,0,1,30,F
61391,0,0,0,1,0,-1,1,0,-1,-1,0,0,0,0,0,-1,0,0,0,1,0,1,245,T
61392,0,0,0,0,0,-1,1,0,0,0,0,0,0,-1,0,0,0,0,0,1,0,1,245,F
61395,0,0,0,1,0,0,-1,0,0,-1,0,0,0,0,0,0,0,0,0,-1,0,1,92,T
61396,0,0,0,0,0,1,1,0,0,1,0,0,0,0,0,0,0,0,0,1,0,1,92,F
61398,0,0,0,0,-1,-1,-1,0,-1,-1,-1,-1,-1,1,0,-1,0,0,-1,1,0,2,92,F
61399,1,0,0,1,1,1,1,0,-1,-1,0,0,0,0,1,0,0,0,0,1,0,1,245,T
61400,-1,0,0,-1,-1,0,1,0,1,0,0,0,-1,0,1,1,-1,0,0,1,0,1,30,F
61401,0,0,0,1,0,0,1,0,-1,0,0,0,0,0,0,-1,0,0,0,-1,0,1,245,T
61402,-1,0,-1,0,0,0,1,0,-1,1,0,-1,0,0,0,0,0,0,0,-1,-1,1,122,F
61403,0,0,0,1,1,0,0,0,0,0,0,0,0,0,1,0,0,0,0,1,0,1,245,T
61404,-1,0,0,0,0,-1,1,-1,-1,1,0,0,-1,-1,0,-1,0,0,0,-1,0,1,245,F
61405,0,0,0,0,0,0,1,0,0,1,0,0,0,0,0,0,0,0,0,1,0,1,245,F
61407,-1,0,0,0,-1,0,1,0,-1,-1,-1,0,0,0,0,-1,0,0,-1,-1,-1,1,61,F
61408,-1,0,0,0,1,1,1,0,1,0,0,0,0,-1,0,0,0,0,0,1,1,1,245,F
61409,0,-1,-1,0,0,0,1,0,1,0,0,0,0,0,0,0,0,0,0,-1,0,1,30,F
61410,0,0,0,0,0,1,0,0,0,0,0,0,0,0,0,0,0,0,0,1,0,1,30,F
61412,0,0,0,0,0,1,1,0,0,0,0,0,0,0,0,0,0,0,0,1,0,1,92,F
61413,0,0,0,1,0,1,1,0,0,0,0,0,0,0,0,0,0,0,0,0,0,1,215,T
61414,-1,-1,-1,1,1,0,-1,0,-1,-1,-1,-1,-1,-1,0,-1,0,0,0,1,0,1,245,T
61415,0,0,0,0,0,0,-1,0,0,-1,0,0,1,-1,0,0,0,0,0,1,0,1,30,F
61416,0,-1,-1,0,1,0,1,0,0,-1,0,-1,1,0,0,0,0,0,0,-1,0,1,30,F
61417,0,0,0,1,0,-1,-1,0,0,0,0,0,0,0,0,0,0,0,0,0,0,1,31,T
61420,0,0,0,1,0,0,0,0,0,0,0,0,0,0,0,0,1,1,0,-1,0,1,215,T
61421,0,0,0,0,0,0,1,0,0,1,0,0,0,1,0,0,0,0,0,0,0,1,215,F
61422,1,0,0,0,0,1,-1,-1,0,1,0,-1,0,0,0,-1,0,0,0,1,0,1,245,F
61423,0,0,0,0,0,1,1,0,0,-1,0,0,0,-1,0,-1,0,0,-1,-1,0,2,92,F
61427,0,0,0,0,0,0,-1,0,0,0,1,0,0,0,0,0,0,0,0,-1,0,1,245,F
61428,0,0,0,0,0,0,-1,0,-1,-1,0,0,0,0,0,0,0,0,0,1,0,1,215,F
61429,0,-1,0,1,0,-1,-1,-1,1,-1,0,-1,0,-1,0,0,0,0,0,-1,0,1,215,T
61431,0,0,0,0,0,0,1,0,0,1,0,-1,-1,1,0,0,0,0,0,0,0,1,92,F
61438,0,0,0,0,0,-1,-1,0,-1,0,1,0,0,-1,0,0,0,0,0,-1,0,1,215,F
61439,0,0,0,0,0,1,1,0,0,0,0,0,0,0,0,0,0,0,0,1,0,1,215,F
61441,-1,-1,-1,0,0,0,-1,0,0,-1,-1,-1,-1,0,0,0,0,0,0,-1,0,1,31,F
61442,0,0,0,0,0,1,1,0,0,0,0,0,0,0,0,0,0,0,0,1,0,1,215,F
61443,-1,0,0,0,0,-1,1,-1,-1,-1,-1,0,0,-1,0,0,0,0,0,-1,0,1,215,F
61444,0,0,0,1,0,1,-1,0,0,0,0,0,0,0,0,0,0,0,0,0,0,1,215,T
61445,0,0,0,0,0,1,-1,0,-1,-1,0,-1,-1,0,0,-1,-1,0,0,1,0,1,215,F
61447,0,0,0,0,0,1,-1,-1,0,-1,0,0,0,0,0,0,0,0,0,1,0,1,215,F
61448,0,0,0,0,0,0,-1,0,-1,-1,1,0,0,0,0,0,0,0,0,0,0,1,62,F
61450,-1,0,0,0,-1,-1,-1,-1,1,-1,0,0,-1,0,1,-1,0,0,-1,-1,0,1,215,F
61451,0,0,0,0,0,0,-1,0,1,-1,-1,0,0,0,0,0,0,0,0,-1,-1,1,153,F
61452,-1,0,0,-1,1,-1,-1,0,-1,-1,0,-1,1,0,1,-1,-1,0,0,-1,0,1,215,F
61454,0,0,0,0,0,0,-1,0,0,-1,0,0,0,1,0,0,0,0,0,1,0,1,122,F
61455,0,0,0,0,0,0,0,0,0,0,0,0,0,0,0,0,0,0,0,1,0,1,61,F
61456,-1,0,0,-1,-1,-1,1,0,1,1,0,1,-1,-1,1,-1,-1,-1,0,1,0,1,184,F
61457,1,0,0,0,1,-1,-1,0,0,-1,0,0,-1,0,0,-1,0,0,-1,-1,0,1,184,F
61461,-1,-1,-1,0,0,-1,-1,0,0,-1,-1,0,0,0,0,0,0,0,0,-1,-1,1,215,F
61465,-1,-1,-1,1,1,-1,-1,-1,1,-1,0,0,0,-1,0,0,0,0,0,-1,0,1,215,T
61469,0,0,0,0,0,1,0,0,0,0,0,0,0,0,0,0,0,0,0,0,0,1,30,F
61472,0,0,0,0,0,0,1,0,0,1,0,0,0,1,0,0,0,0,0,1,0,1,0,F
61473,0,0,0,0,1,-1,-1,0,-1,1,0,0,-1,0,1,0,1,0,0,-1,0,1,215,F
61474,0,0,0,1,0,0,-1,0,0,0,0,0,0,0,0,-1,0,0,-1,1,0,1,215,T
61475,0,0,0,1,0,0,1,0,0,0,0,0,0,0,0,0,0,0,0,0,0,1,215,T
61476,0,0,0,1,0,0,0,0,0,0,0,0,0,0,0,0,0,0,0,0,0,1,0,T
61478,0,0,0,1,0,0,0,0,0,0,0,0,0,0,0,0,0,0,0,0,0,1,31,T
61479,-1,0,0,0,1,1,1,0,0,-1,0,0,-1,-1,0,-1,0,0,-1,-1,0,1,92,F
61480,0,0,0,0,0,0,-1,0,0,0,0,0,0,0,0,0,0,0,0,1,0,1,215,F
61481,0,0,0,0,0,0,-1,0,1,-1,0,0,0,0,0,0,0,0,0,-1,0,1,62,F
61482,-1,0,0,0,0,-1,1,0,-1,-1,0,0,0,0,1,0,0,0,0,1,0,1,215,F
61483,1,0,0,-1,0,0,1,0,0,0,0,0,-1,0,1,0,0,0,0,1,0,1,215,F
61484,0,-1,0,0,0,0,-1,0,0,0,0,1,0,0,0,-1,0,0,0,0,0,1,62,F
61485,-1,0,0,0,0,0,-1,0,-1,-1,0,0,0,0,0,0,0,0,0,-1,0,1,61,F
61486,0,0,0,1,0,1,1,-1,0,-1,1,0,0,-1,0,0,0,0,0,1,0,1,215,T
61487,0,0,0,1,0,0,-1,0,-1,0,0,0,0,0,0,0,0,0,0,-1,0,1,215,T
61489,0,0,0,0,0,0,-1,0,0,0,-1,0,0,0,0,0,0,0,0,0,0,1,92,F
61490,0,0,0,-1,0,0,-1,0,-1,0,1,1,0,-1,1,0,0,0,0,1,-1,1,215,F
61492,0,0,0,0,-1,-1,1,0,0,0,0,-1,0,1,1,0,0,0,0,1,0,2,184,F
61493,0,0,0,0,1,0,1,0,0,0,0,0,0,0,1,-1,0,0,0,0,0,1,215,F
61495,1,-1,-1,0,0,-1,-1,0,1,-1,0,-1,0,1,0,0,0,0,0,-1,0,1,123,F
61496,0,0,0,0,0,0,1,0,1,0,1,0,0,0,0,0,0,0,0,0,0,1,153,F
61497,0,0,0,1,1,0,1,0,0,0,0,0,0,0,0,0,0,0,0,-1,0,1,215,T
61499,0,0,0,0,0,-1,-1,-1,0,0,0,0,0,0,0,0,0,0,0,-1,0,1,184,F
61500,0,0,0,0,0,-1,1,0,-1,0,0,0,-1,-1,0,0,0,0,-1,-1,0,1,30,F
61501,0,0,-1,0,0,0,1,0,0,0,0,0,0,0,0,0,0,0,0,-1,0,1,62,F
61503,0,1,0,0,-1,-1,-1,0,-1,1,0,0,0,-1,-1,-1,0,0,-1,-1,-1,1,184,F
61506,0,0,0,0,0,-1,-1,-1,0,-1,-1,0,0,1,0,0,0,0,0,1,0,1,123,F
61511,0,0,0,0,0,0,-1,0,-1,0,0,0,0,0,0,0,0,0,0,1,0,1,31,F
61512,0,0,0,0,0,0,1,-1,0,-1,0,0,0,0,1,0,0,0,0,1,0,1,184,F
61513,-1,-1,-1,0,0,0,1,0,1,-1,0,0,1,0,0,0,0,0,0,-1,0,1,184,F
61515,0,0,0,0,0,0,-1,0,1,0,-1,0,0,0,0,0,0,0,0,0,0,1,215,F
61516,0,0,0,-1,0,-1,1,0,0,0,0,1,0,0,1,0,0,0,0,1,0,1,31,F
61517,0,0,0,0,0,1,1,-1,0,0,0,0,0,0,0,0,0,0,0,1,0,1,31,F
61521,0,0,0,0,0,0,0,0,0,0,0,0,0,0,0,0,0,0,0,0,0,1,62,F
61522,0,0,0,1,1,0,1,0,1,1,0,1,0,1,0,0,0,0,0,1,0,1,215,T
61523,0,0,0,0,0,0,1,0,0,0,0,0,0,0,0,0,0,0,0,1,0,1,61,F
61524,0,0,0,0,0,0,0,0,0,0,0,0,0,0,0,0,0,0,0,1,0,1,184,F
61527,0,0,0,0,-1,0,1,0,-1,-1,-1,0,1,0,0,-1,0,0,0,-1,1,1,184,F
61528,-1,0,0,1,-1,0,1,0,1,0,-1,1,0,0,1,0,-1,0,0,-1,0,1,184,T
61529,0,0,0,0,0,-1,-1,0,0,0,1,0,0,0,0,-1,0,0,-1,-1,0,1,122,F
61530,-1,0,0,1,-1,0,-1,0,1,1,0,1,0,0,0,-1,0,0,-1,-1,0,1,184,T
61533,0,0,0,0,0,1,1,0,0,0,0,0,0,0,0,0,0,0,0,1,0,1,62,F
61534,0,0,0,0,0,-1,1,0,1,0,0,0,0,0,0,0,0,0,0,-1,0,1,184,F
61535,0,0,0,0,-1,-1,-1,0,-1,-1,0,-1,0,-1,-1,-1,-1,0,0,-1,0,1,31,F
61538,0,0,0,0,0,0,1,0,0,0,0,0,1,0,0,0,0,0,0,0,0,1,215,F
61539,0,0,0,1,0,-1,1,0,0,-1,1,0,0,-1,0,0,0,0,0,-1,0,1,184,T
61540,0,0,0,0,0,0,-1,0,1,-1,0,0,0,-1,0,0,0,0,0,-1,0,1,122,F
61542,0,0,0,0,-1,-1,1,0,-1,1,-1,0,0,0,-1,0,0,0,0,-1,0,1,61,F
61544,-1,0,0,0,0,1,1,0,0,-1,0,0,0,0,0,0,0,0,0,1,0,1,184,F
61546,0,0,0,1,0,0,1,-1,1,1,0,0,-1,0,0,-1,0,0,-1,-1,0,1,184,T
61547,0,0,0,0,0,0,1,0,1,0,1,0,0,0,0,0,0,0,0,0,0,1,31,F
61548,0,0,0,0,0,0,-1,0,0,-1,0,0,0,-1,0,0,0,0,0,1,0,1,184,F
61549,0,0,0,0,0,0,-1,0,-1,-1,0,0,0,0,0,0,0,0,0,0,0,1,215,F
61551,0,0,0,0,0,-1,-1,0,0,-1,0,0,0,0,0,0,0,0,0,-1,0,1,184,F
61554,0,0,0,0,0,0,1,0,0,0,0,0,0,0,0,0,0,0,0,0,0,1,62,F
61555,0,0,0,0,1,1,-1,-1,1,-1,-1,0,0,0,0,0,0,0,0,1,0,1,184,F
61556,0,0,0,1,0,-1,-1,0,1,-1,-1,-1,1,-1,0,-1,0,0,0,1,-1,1,184,T
61557,0,0,0,1,0,1,-1,0,0,-1,0,0,0,0,0,0,0,0,0,1,0,1,184,T
61560,0,0,0,1,0,1,1,0,0,1,0,0,0,0,0,0,0,0,0,-1,0,1,184,T
61561,0,0,0,1,0,1,1,0,0,1,0,0,1,-1,0,0,0,0,0,1,0,1,184,T
61562,0,0,0,0,0,0,1,0,0,1,0,0,0,1,0,0,0,0,0,0,0,1,92,F
61563,-1,0,0,0,0,0,1,0,0,-1,0,0,0,1,0,0,0,0,0,1,0,1,184,F
61565,0,0,0,0,0,0,-1,0,-1,0,0,0,1,0,0,0,0,0,0,0,0,1,31,F
61566,0,0,0,0,0,0,-1,0,0,-1,0,0,0,0,0,1,0,0,0,-1,0,1,122,F
61569,-1,0,0,1,-1,0,-1,0,-1,-1,-1,0,-1,-1,0,-1,-1,0,1,-1,0,1,184,T
61571,0,0,-1,0,0,0,1,0,-1,0,-1,-1,1,-1,0,0,0,0,0,1,-1,1,92,F
61572,1,0,0,0,-1,-1,-1,-1,-1,-1,0,0,-1,0,0,-1,0,0,-1,-1,0,1,184,F
61573,0,0,0,0,0,-1,1,-1,-1,-1,0,0,0,1,0,0,0,0,0,1,0,1,184,F
61575,1,0,0,0,-1,1,-1,0,1,1,0,0,0,0,0,-1,0,0,-1,-1,0,1,153,F
61584,-1,0,0,0,0,0,1,0,0,1,0,1,0,0,0,0,0,0,0,1,0,1,153,F
61587,0,0,0,0,0,0,1,0,1,1,1,1,-1,-1,0,-1,0,0,-1,-1,0,2,30,F
61588,0,0,0,1,-1,-1,1,0,-1,1,1,1,0,0,0,0,0,0,0,-1,-1,1,184,T
61589,1,0,0,0,0,0,1,0,-1,-1,-1,-1,0,0,0,0,0,0,0,1,0,1,184,F
61590,0,0,0,0,0,-1,1,0,0,0,0,0,0,0,0,0,0,0,0,1,0,1,184,F
61594,-1,0,0,0,0,0,-1,0,-1,-1,0,0,-1,0,0,-1,0,0,-1,0,0,1,122,F
61600,0,0,0,0,-1,-1,1,0,0,1,1,0,-1,1,-1,-1,-1,0,-1,-1,0,1,184,F
61602,0,0,0,0,0,-1,1,0,0,-1,0,0,0,0,0,-1,0,0,0,0,0,1,61,F
61606,-1,-1,-1,0,1,0,-1,0,-1,-1,0,0,-1,1,0,-1,0,0,-1,-1,0,1,184,F
61608,0,-1,-1,0,0,1,-1,-1,0,0,0,-1,0,0,0,0,0,0,0,1,0,1,184,F
61609,0,0,0,0,0,-1,-1,-1,0,1,0,0,0,0,0,-1,0,0,0,1,0,1,92,F
61610,0,0,0,0,0,1,1,0,0,1,0,0,0,1,0,-1,0,0,0,1,0,2,184,F
61611,-1,-1,-1,0,1,-1,-1,0,-1,-1,0,0,0,0,0,-1,0,0,-1,-1,-1,1,92,F
61612,-1,0,0,1,-1,1,-1,-1,1,1,0,0,0,0,0,-1,0,0,-1,-1,0,1,184,T
61613,0,0,0,0,0,1,1,0,0,1,0,0,0,1,0,0,0,0,0,1,0,1,184,F
61616,0,0,0,0,1,-1,1,0,0,-1,0,0,-1,0,0,0,0,0,0,1,0,1,31,F
61618,-1,0,0,0,1,-1,1,-1,-1,-1,0,0,1,0,0,-1,0,0,1,-1,0,1,184,F
61622,0,0,0,0,-1,-1,-1,0,-1,0,0,0,0,0,0,-1,0,0,-1,-1,0,1,122,F
61626,0,0,0,1,-1,-1,1,0,-1,-1,1,0,0,0,-1,-1,0,0,-1,-1,0,1,184,T
61627,-1,0,0,0,0,0,-1,-1,0,-1,0,0,0,0,0,0,0,0,0,0,0,1,61,F
61629,0,-1,0,0,1,0,-1,0,1,-1,-1,0,0,0,0,1,1,1,0,-1,0,1,92,F
61631,0,0,0,0,0,0,1,0,1,1,0,0,0,0,0,0,0,0,0,0,0,1,61,F
61634,0,0,0,0,0,0,-1,0,-1,0,-1,0,0,0,0,0,0,0,0,1,-1,1,62,F
61635,0,0,-1,1,-1,1,-1,0,0,-1,-1,-1,0,-1,0,0,0,0,0,-1,0,1,184,T
61637,0,0,0,0,0,0,1,0,0,1,0,0,0,0,0,0,0,0,0,1,0,1,92,F
61638,0,0,0,1,0,-1,1,-1,1,0,1,-1,0,-1,0,-1,0,0,0,1,0,1,184,T
61639,0,1,0,0,0,0,0,0,0,0,0,0,0,0,0,0,0,0,0,0,0,1,153,F
61640,0,0,0,0,0,0,-1,0,-1,1,0,0,0,-1,0,0,0,0,0,1,0,1,153,F
61643,1,0,0,1,0,1,1,0,0,-1,0,0,0,0,0,-1,0,0,-1,1,0,1,153,T
61649,-1,0,0,0,-1,-1,1,0,1,1,0,0,0,1,-1,-1,-1,0,-1,1,0,1,153,F
61650,0,0,0,0,0,-1,1,0,-1,1,1,0,0,0,0,-1,0,0,0,-1,0,1,184,F
61651,0,0,0,0,0,1,1,0,0,-1,0,0,0,0,0,0,0,0,0,1,0,1,184,F
61653,0,-1,-1,0,0,-1,1,0,-1,0,0,0,0,-1,0,0,0,0,0,-1,0,1,0,F
61654,0,0,0,0,0,0,-1,0,-1,0,0,0,0,0,0,-1,0,0,-1,0,0,1,184,F
61655,0,0,0,0,0,1,1,0,0,-1,0,0,0,0,0,-1,0,0,0,-1,0,1,31,F
61656,0,-1,-1,1,0,-1,-1,-1,-1,-1,0,0,0,-1,0,-1,0,0,-1,-1,0,1,184,T
61657,0,0,0,0,0,0,0,0,0,0,0,0,0,0,0,0,0,0,0,0,0,1,184,F
61658,0,0,0,0,0,-1,1,0,-1,0,0,0,0,0,0,0,0,0,0,-1,0,1,61,F
61659,-1,0,0,-1,-1,0,1,0,0,-1,0,0,1,-1,1,0,-1,-1,0,1,0,1,184,F
61660,0,0,0,1,0,0,0,0,0,0,0,0,0,0,0,0,0,0,0,0,0,1,184,T
61661,0,0,0,1,0,-1,1,0,0,0,1,0,0,-1,0,0,0,0,0,0,0,1,184,T
61662,0,0,0,-1,-1,0,1,0,0,0,0,0,0,0,-1,0,0,0,0,-1,0,1,61,F
61665,1,0,0,1,0,0,1,0,0,1,0,0,-1,0,0,0,0,0,0,-1,0,1,31,T
61666,0,0,0,0,0,0,0,0,0,0,0,0,0,0,0,0,0,0,0,0,0,1,184,F
61668,0,0,0,0,0,1,1,0,0,0,0,0,0,0,0,0,0,0,0,1,0,1,61,F
61669,0,0,0,0,-1,0,1,0,0,-1,0,0,0,0,0,0,0,0,0,-1,0,1,153,F
61671,0,0,0,0,0,0,0,0,0,0,0,0,0,0,0,0,0,0,0,0,0,1,0,F
61674,0,0,0,0,-1,-1,-1,0,-1,-1,0,0,1,-1,0,0,0,0,-1,-1,0,1,184,F
61675,0,0,0,0,0,1,-1,-1,1,-1,0,0,0,0,0,-1,0,0,-1,1,0,1,184,F
61676,0,0,0,1,1,1,-1,0,-1,-1,0,0,0,0,0,-1,0,0,0,1,0,1,184,T
61677,0,-1,-1,0,0,1,-1,0,0,0,0,0,0,0,0,0,0,0,0,1,0,1,61,F
61678,0,0,0,0,-1,1,-1,0,-1,-1,0,0,-1,1,0,0,0,0,-1,1,0,1,92,F
61679,0,0,0,0,0,0,0,0,0,0,0,0,0,0,0,0,0,0,0,1,0,1,31,F
61680,0,-1,0,0,0,-1,-1,-1,0,1,0,-1,0,1,0,0,0,0,0,-1,0,1,31,F
61681,-1,0,0,0,-1,0,1,0,0,1,0,-1,0,0,0,0,0,0,0,-1,0,1,184,F
61682,0,0,0,0,0,-1,0,0,0,0,0,0,0,0,0,0,0,0,0,0,0,1,31,F
61684,0,0,0,0,0,1,1,0,0,1,0,0,0,0,0,0,0,0,0,-1,0,1,122,F
61685,0,0,0,0,0,-1,-1,0,0,-1,0,0,0,0,0,0,0,0,0,-1,0,1,31,F
61686,0,0,0,0,0,0,1,0,0,1,0,0,0,0,0,-1,0,0,0,-1,0,2,62,F
61687,0,0,0,0,0,1,-1,0,-1,-1,0,0,-1,-1,0,-1,0,0,-1,-1,0,1,92,F
61688,0,0,0,0,-1,1,1,0,0,1,0,-1,1,-1,-1,-1,0,0,0,-1,0,1,184,F
61689,0,0,0,0,0,0,1,0,0,1,0,0,0,1,0,0,0,0,0,0,0,1,61,F
61693,0,0,0,0,0,-1,-1,0,-1,-1,0,-1,-1,0,0,-1,0,0,0,-1,0,1,30,F
61697,0,0,0,0,0,0,1,0,-1,0,0,0,0,0,0,0,0,0,0,1,0,1,153,F
61701,0,0,0,1,0,-1,-1,0,-1,-1,-1,-1,0,-1,0,0,0,0,0,-1,0,1,122,T
61702,0,1,0,0,0,-1,-1,0,0,-1,0,1,0,0,0,0,0,0,0,1,0,1,184,F
61703,0,0,0,0,0,1,-1,0,-1,-1,-1,0,0,0,0,0,1,0,0,-1,0,1,153,F
61708,1,0,0,0,-1,-1,-1,0,1,0,1,1,0,-1,0,0,0,0,0,-1,0,1,92,F
61709,0,0,0,0,1,-1,-1,0,0,-1,1,1,-1,0,0,-1,0,0,-1,1,0,1,184,F
61710,0,0,0,0,0,0,-1,0,0,0,0,0,0,0,0,0,0,0,0,1,0,1,62,F
61711,0,0,0,1,0,1,1,0,0,0,0,-1,0,0,0,0,0,0,0,1,0,1,153,T
61714,1,1,0,0,0,0,1,0,0,1,0,1,0,-1,0,-1,0,0,-1,-1,0,1,153,F
61715,0,0,0,0,-1,0,-1,0,1,-1,0,-1,-1,0,0,-1,0,0,-1,-1,0,1,91,F
61716,0,0,0,0,0,0,1,0,1,1,0,0,-1,0,0,0,0,0,0,0,0,1,91,F
61718,1,0,0,1,0,-1,-1,-1,-1,-1,0,0,-1,-1,1,0,0,0,0,-1,0,1,153,T
61719,0,0,0,0,0,-1,-1,-1,-1,1,-1,-1,0,-1,0,-1,0,0,0,-1,0,1,153,F
61722,0,0,0,0,0,0,-1,0,0,0,0,0,0,0,0,0,0,0,0,0,0,1,153,F
61723,0,0,-1,0,0,0,-1,0,-1,-1,1,-1,-1,0,0,0,0,0,0,0,0,1,153,F
61724,0,0,0,1,0,0,-1,0,-1,-1,0,0,0,0,0,0,0,0,0,-1,0,1,153,T
61726,0,0,0,1,0,0,1,0,0,0,0,0,0,0,0,0,0,0,0,1,0,1,30,T
61728,0,0,0,0,0,1,-1,-1,0,-1,0,0,0,0,0,-1,0,0,-1,1,0,1,0,F
61730,1,1,0,0,-1,-1,1,0,1,1,1,1,0,-1,0,-1,0,0,-1,1,0,1,153,F
61731,0,0,0,0,0,0,1,0,0,1,0,1,0,0,0,-1,0,0,-1,0,0,1,91,F
61732,0,0,0,-1,-1,-1,0,0,-1,0,0,-1,0,0,1,1,1,0,0,1,0,1,153,F
61738,0,0,0,0,0,0,1,0,0,0,0,0,0,0,0,0,0,0,0,1,0,1,0,F
61739,1,0,0,0,1,1,1,-1,0,-1,0,1,0,0,0,-1,0,0,-1,1,0,1,184,F
61740,0,0,0,0,0,-1,-1,0,0,0,0,0,0,0,0,0,0,0,0,0,0,1,30,F
61745,0,0,0,1,0,-1,1,0,-1,-1,0,0,0,0,0,-1,0,0,-1,-1,0,1,184,T
61746,-1,0,0,0,0,0,-1,0,1,-1,0,-1,0,0,1,0,0,0,0,1,0,1,184,F
61747,0,0,0,0,0,0,1,0,0,-1,-1,0,0,0,0,0,0,0,0,-1,0,1,153,F
61748,-1,0,0,0,0,-1,1,0,-1,-1,0,0,0,-1,0,0,0,0,0,1,0,1,62,F
61749,0,0,0,-1,0,0,1,0,-1,1,0,0,0,-1,1,-1,1,0,0,-1,0,1,153,F
61750,0,0,0,0,0,1,-1,0,1,0,0,0,0,-1,1,-1,0,0,0,1,0,1,92,F
61752,0,0,0,0,0,1,0,0,0,0,0,0,0,0,0,0,0,0,0,-1,0,1,153,F
61753,0,0,0,1,0,-1,-1,0,-1,-1,0,-1,1,0,0,-1,0,0,-1,-1,0,1,153,T
61765,0,0,0,1,0,-1,-1,-1,0,1,0,0,0,-1,0,0,0,0,0,-1,0,1,153,T
61768,0,0,0,0,0,0,1,0,0,0,0,0,0,1,0,0,0,0,0,1,0,1,153,F
61778,0,0,0,0,0,-1,-1,0,0,0,0,0,0,-1,1,1,-1,0,0,-1,0,1,31,F
61779,0,0,0,1,0,0,1,0,0,0,0,0,0,0,0,0,0,0,0,0,0,1,30,T
61780,0,0,0,1,0,1,1,0,0,0,0,0,0,0,0,1,-1,0,0,-1,0,1,153,T
61781,0,0,0,0,0,-1,1,0,1,1,-1,0,1,0,0,0,0,0,0,-1,0,1,123,F
61782,0,0,0,0,0,1,1,0,0,0,0,1,0,0,0,0,0,0,0,1,0,1,122,F
61789,0,0,0,0,1,0,-1,0,-1,0,-1,0,0,1,0,0,0,0,0,1,0,1,61,F
61790,0,0,0,1,0,1,-1,0,0,-1,0,0,0,0,0,-1,0,0,-1,1,0,1,153,T
61792,0,0,0,0,0,-1,1,0,-1,0,0,-1,0,-1,0,-1,-1,0,-1,-1,0,1,30,F
61794,0,0,0,0,0,-1,1,0,-1,1,0,0,0,1,0,0,0,0,0,1,0,1,153,F
61795,0,0,0,0,0,0,-1,0,0,0,0,0,0,0,0,-1,0,0,0,-1,0,1,153,F
61797,1,0,0,0,0,1,1,0,0,-1,0,1,0,0,0,0,0,0,0,1,0,1,153,F
61800,-1,0,0,0,0,0,0,0,0,0,0,0,0,0,1,0,0,0,0,0,0,1,153,F
61813,-1,-1,0,0,0,0,-1,0,-1,0,0,-1,0,-1,0,-1,0,0,0,-1,0,1,122,F
61814,0,0,0,1,0,-1,-1,0,-1,-1,0,0,0,0,0,1,-1,-1,-1,-1,0,1,153,T
61816,-1,0,0,0,0,0,-1,0,0,-1,-1,-1,-1,-1,0,0,0,0,0,-1,0,1,91,F
61817,0,0,0,0,0,0,0,0,0,0,-1,0,0,0,0,0,0,0,0,0,0,1,153,F
61818,0,1,0,0,0,0,1,0,0,1,0,0,0,0,0,0,0,0,0,-1,0,1,91,F
61819,-1,0,0,0,0,1,1,0,0,1,0,0,-1,1,0,0,0,0,0,0,0,1,153,F
61825,0,0,0,0,0,0,0,0,0,0,0,0,0,0,0,0,0,0,0,-1,0,1,153,F
61828,0,0,0,1,0,-1,-1,0,-1,-1,1,1,-1,-1,0,-1,0,0,-1,-1,0,1,153,T
61830,0,0,0,0,0,0,0,0,0,0,0,0,0,0,0,0,0,0,0,1,0,1,61,F
61831,0,0,0,1,0,1,1,0,0,1,0,0,0,0,0,0,0,0,0,1,0,1,153,T
61839,0,0,0,1,-1,0,1,0,-1,0,0,0,0,0,0,-1,0,0,0,0,0,1,153,T
61840,0,0,0,0,0,1,1,-1,0,0,0,0,1,0,0,0,0,0,0,-1,0,1,61,F
61842,0,0,0,1,0,0,0,0,0,0,0,0,0,0,0,0,0,0,0,0,0,1,153,T
61843,-1,0,-1,0,0,1,-1,0,0,-1,0,-1,0,0,0,0,0,0,0,0,0,1,122,F
61844,-1,0,0,0,0,-1,1,0,-1,1,0,0,0,0,-1,1,-1,0,0,-1,-1,1,153,F
61848,0,0,0,0,0,0,1,0,-1,1,0,-1,0,-1,0,0,0,0,0,1,0,1,153,F
61849,0,0,0,0,0,-1,-1,0,0,-1,0,0,0,0,1,0,0,0,0,-1,0,1,123,F
61858,0,0,0,0,0,0,0,0,0,0,0,0,0,0,0,0,0,0,0,0,0,1,30,F
61859,0,0,0,0,0,1,1,0,0,0,0,0,0,0,0,-1,0,0,0,0,0,1,153,F
61860,0,0,0,0,0,-1,-1,0,0,1,0,0,0,0,0,0,0,0,0,1,0,1,123,F
61865,0,0,0,1,0,1,1,0,-1,-1,0,0,0,1,0,0,0,0,0,1,0,1,123,T
61867,0,0,0,0,0,1,-1,0,0,1,0,0,0,1,0,0,0,0,0,0,0,1,123,F
61869,0,0,0,-1,-1,-1,-1,0,0,0,-1,0,0,-1,1,0,0,0,0,-1,-1,1,30,F
61870,0,0,0,0,0,1,1,0,0,1,0,0,0,0,0,0,0,0,0,1,0,1,153,F
61871,0,0,0,1,0,-1,-1,0,0,0,0,0,0,0,1,0,0,0,0,-1,0,1,122,T
61873,-1,0,0,0,-1,-1,-1,0,-1,-1,0,0,0,0,0,1,-1,-1,0,-1,0,1,31,F
61877,0,0,0,1,0,-1,1,0,0,1,0,0,0,0,0,0,0,0,0,-1,0,1,123,T
61879,0,0,0,0,0,0,0,0,0,0,0,0,0,0,0,0,0,0,0,0,0,1,-30,F
61881,0,0,0,1,0,1,-1,0,0,-1,0,0,0,-1,0,-1,0,0,0,-1,0,1,153,T
61882,0,0,0,0,0,0,-1,0,1,1,-1,0,1,-1,0,0,0,0,0,-1,0,1,123,F
61887,0,0,-1,0,0,0,1,0,0,-1,0,1,0,-1,0,0,0,0,0,-1,0,1,61,F
61888,0,0,0,0,0,1,-1,0,0,-1,0,0,0,0,0,0,0,0,0,1,0,1,123,F
61889,0,-1,-1,0,1,-1,-1,0,-1,1,0,-1,0,-1,0,0,0,0,0,-1,0,1,123,F
61890,0,0,0,0,0,0,1,0,0,0,0,0,0,0,0,-1,0,0,0,0,0,1,123,F
61891,0,0,0,0,0,0,-1,-1,0,0,0,0,0,0,1,0,0,0,0,-1,0,1,123,F
61892,0,0,0,1,1,1,-1,0,0,-1,0,0,0,1,0,0,0,0,0,-1,0,1,123,T
61893,0,0,0,0,0,0,0,0,0,0,0,0,0,0,0,0,0,0,0,-1,0,1,153,F
61894,0,0,0,0,0,0,1,0,0,0,0,0,0,0,0,0,0,0,0,1,0,1,123,F
61896,-1,0,0,-1,0,1,-1,0,-1,0,0,0,0,0,1,1,0,0,0,1,0,1,123,F
61897,-1,0,0,0,0,-1,-1,0,-1,0,0,0,0,0,0,-1,0,0,-1,-1,0,1,31,F
61900,0,0,-1,0,0,-1,-1,0,-1,-1,0,-1,1,-1,0,-1,0,0,0,-1,0,1,123,F
61902,0,0,0,0,0,0,0,0,0,0,0,0,0,0,0,0,0,0,0,0,0,1,30,F
61903,0,0,0,0,0,-1,1,0,0,0,0,0,0,0,0,-1,0,0,-1,-1,0,1,92,F
61905,-1,0,0,1,0,-1,-1,-1,-1,1,-1,-1,-1,0,0,-1,0,0,0,-1,0,1,123,T
61906,-1,-1,-1,0,0,0,-1,0,1,-1,-1,0,0,0,0,0,0,0,0,-1,0,1,123,F
61908,0,0,0,1,0,0,-1,0,0,0,0,0,0,0,0,0,0,0,0,1,0,1,61,T
61910,0,0,0,0,0,0,0,0,0,0,0,0,0,0,0,0,0,0,0,0,0,1,0,F
61911,0,0,0,-1,-1,-1,-1,-1,0,0,-1,0,0,0,1,0,0,0,0,1,0,1,123,F
61912,0,0,0,0,0,0,0,0,0,0,0,0,0,1,1,1,0,0,0,-1,0,1,123,F
61913,0,-1,-1,1,0,0,-1,0,0,0,0,0,0,0,0,-1,0,0,-1,-1,0,1,123,T
61914,0,1,-1,1,0,-1,-1,0,0,-1,0,0,0,-1,0,-1,0,0,-1,-1,0,1,123,T
61916,0,0,0,0,0,0,0,0,0,0,1,0,0,0,0,0,0,0,0,0,0,1,153,F
61919,0,0,0,0,0,1,1,0,0,1,0,0,0,1,0,0,0,0,0,1,0,1,92,F
61922,0,0,0,1,0,1,-1,0,0,0,1,0,0,-1,0,0,0,0,0,1,0,1,123,T
61923,-1,0,0,0,0,0,1,0,-1,-1,0,0,-1,0,0,-1,0,0,-1,-1,0,1,31,F
61924,0,0,0,0,0,-1,1,0,0,1,0,0,0,0,0,0,0,0,0,-1,0,1,0,F
61925,0,0,0,0,0,-1,-1,-1,0,-1,0,0,0,1,0,0,0,0,0,-1,0,1,123,F
61926,0,0,0,1,0,-1,1,0,0,1,0,0,0,0,0,0,0,0,0,-1,0,1,123,T
61927,0,-1,-1,1,0,-1,-1,0,0,0,0,0,0,0,0,0,0,0,0,1,0,1,153,T
61929,0,0,0,0,0,0,0,0,0,0,0,0,0,0,0,0,0,0,0,0,0,1,123,F
61930,0,0,0,0,0,-1,-1,0,0,-1,0,0,0,0,0,-1,0,0,0,-1,0,1,123,F
61931,0,0,0,0,0,0,0,0,0,0,0,0,0,0,0,0,0,0,0,-1,0,1,123,F
61932,0,0,0,0,0,1,1,0,-1,-1,-1,0,0,0,0,0,0,0,0,1,0,1,153,F
61933,0,0,0,0,-1,1,-1,0,-1,-1,0,-1,-1,0,1,1,1,-1,0,-1,0,1,123,F
61934,0,-1,0,0,0,0,1,0,1,0,-1,0,0,0,0,0,0,0,0,1,0,1,123,F
61935,0,0,0,0,0,0,-1,0,-1,0,0,0,0,0,0,0,0,0,0,-1,0,1,0,F
61936,0,0,0,0,-1,0,1,0,0,-1,-1,0,-1,0,0,-1,0,0,0,-1,0,1,30,F
61937,0,0,0,0,0,-1,1,0,1,0,0,0,1,0,0,1,0,0,0,-1,0,1,123,F
61943,0,0,0,0,0,1,1,0,0,1,0,-1,0,1,0,0,0,0,0,1,0,1,0,F
61944,1,0,0,0,-1,-1,-1,0,-1,-1,0,0,-1,0,0,-1,0,0,0,-1,0,1,92,F
61945,0,0,0,0,0,0,1,0,0,1,0,0,0,0,0,0,0,0,0,1,0,1,30,F
61946,0,0,0,1,0,1,0,0,0,0,-1,0,0,0,0,0,0,0,0,-1,0,1,153,T
61950,0,0,0,0,0,-1,1,0,0,1,0,0,0,0,0,0,0,0,0,1,0,1,92,F
61951,1,0,0,1,0,-1,1,0,-1,-1,-1,0,0,0,0,0,0,0,0,-1,0,1,123,T
61952,1,0,0,0,-1,-1,1,0,-1,1,0,0,-1,-1,0,-1,0,0,-1,-1,0,1,123,F
61953,-1,-1,-1,0,0,0,-1,0,1,-1,0,0,0,-1,0,0,0,0,0,-1,0,1,123,F
61954,0,0,0,1,0,-1,-1,-1,0,0,0,0,0,0,0,-1,0,0,-1,-1,0,1,123,T
61955,0,0,0,0,0,0,-1,0,-1,-1,0,0,0,0,0,0,0,0,0,-1,0,1,0,F
61959,0,0,0,1,0,0,0,0,0,0,0,0,0,0,0,0,0,0,0,-1,0,1,123,T
61960,0,0,0,0,0,0,0,0,0,0,0,0,0,0,0,0,0,0,0,0,0,1,123,F
61963,0,-1,-1,0,0,1,-1,0,0,1,0,-1,0,0,0,-1,0,0,-1,-1,0,1,123,F
61966,0,0,0,0,0,0,1,0,0,0,0,0,0,0,0,0,0,0,0,1,0,1,123,F
61967,0,0,0,0,0,0,-1,0,0,0,0,0,0,0,0,0,0,0,0,1,0,1,0,F
61968,0,0,0,0,0,0,-1,0,-1,-1,0,0,1,0,0,0,1,0,0,1,0,1,0,F
61969,0,0,0,0,0,1,-1,0,0,0,0,0,0,0,0,0,0,0,0,-1,0,1,0,F
61973,0,0,0,0,-1,0,-1,0,0,-1,0,-1,0,0,1,0,0,0,0,-1,0,1,92,F
61979,0,0,0,0,0,0,0,0,0,0,0,0,0,0,0,0,0,0,0,-1,0,1,153,F
61980,0,0,0,0,0,0,-1,0,0,-1,0,0,0,0,0,0,0,0,0,-1,0,1,0,F
61981,0,0,0,0,0,0,1,0,0,1,0,0,0,1,0,0,0,0,0,1,0,1,123,F
61983,0,0,0,0,1,0,-1,0,0,-1,0,-1,1,0,0,-1,0,0,0,-1,0,1,92,F
61985,-1,-1,-1,1,1,-1,-1,0,-1,1,-1,0,0,-1,0,-1,0,0,-1,-1,0,1,123,T
61986,-1,0,0,0,0,1,-1,0,0,-1,0,0,1,-1,0,-1,0,0,-1,1,0,1,0,F
61987,0,0,0,0,0,-1,1,0,0,0,0,-1,0,0,0,0,0,0,0,-1,0,1,0,F
61988,0,0,0,0,0,-1,-1,0,0,0,0,0,0,-1,0,0,0,0,0,1,0,1,123,F
61990,0,0,0,0,0,0,0,0,0,0,0,0,0,0,0,0,0,0,0,1,0,1,0,F
61991,0,0,0,0,0,0,0,0,0,0,0,0,0,0,0,0,0,0,0,1,0,1,123,F
61992,0,-1,0,0,0,0,1,0,0,1,0,0,0,1,0,0,0,0,0,0,0,1,123,F
61993,0,0,0,0,0,0,0,0,0,0,0,0,0,0,0,0,0,0,0,0,0,1,92,F
61994,-1,0,0,0,-1,-1,-1,0,-1,-1,0,-1,-1,0,-1,1,-1,-1,-1,-1,0,1,92,F
61995,0,0,0,1,0,-1,-1,0,0,0,0,-1,0,0,0,0,0,0,0,-1,0,1,123,T
61996,0,0,0,0,0,0,0,0,0,0,0,0,0,0,0,0,0,0,0,-1,0,1,61,F
61997,0,0,0,0,-1,-1,1,0,-1,-1,0,0,0,0,0,-1,0,0,-1,-1,0,1,61,F
61998,0,0,0,0,0,0,0,0,0,0,0,0,0,0,0,0,0,0,0,0,0,1,0,F
61999,0,0,0,1,0,0,1,0,0,1,1,0,0,0,0,0,0,0,0,0,0,1,123,T
62007,0,0,0,0,0,1,1,-1,1,-1,0,1,0,0,0,0,-1,0,0,1,0,1,123,F
62008,1,0,0,1,-1,-1,-1,0,-1,-1,0,-1,0,0,0,-1,0,0,-1,-1,-1,1,123,T
62014,0,0,0,1,0,1,1,0,0,-1,0,0,0,1,0,0,0,0,0,1,0,1,123,T
62016,-1,0,-1,0,1,-1,-1,0,-1,-1,0,-1,0,0,0,-1,0,0,-1,-1,0,1,61,F
62030,0,0,0,0,0,0,0,0,0,0,0,-1,0,0,0,0,0,0,0,0,0,1,123,F
62031,0,0,0,0,0,0,1,0,0,-1,0,0,0,0,0,0,0,0,0,0,0,1,61,F
62032,-1,1,0,0,0,1,1,0,0,-1,0,0,0,0,0,0,0,0,0,-1,0,1,123,F
62033,0,0,-1,0,0,1,-1,0,0,0,0,1,0,0,0,0,0,0,0,1,0,1,123,F
62034,0,0,0,1,-1,1,1,0,0,-1,0,0,0,0,0,0,0,0,0,-1,0,1,92,T
62035,0,0,0,0,0,-1,0,0,0,0,0,0,0,0,0,-1,-1,0,-1,-1,0,1,123,F
62040,0,0,0,0,1,-1,0,0,0,0,0,0,0,0,1,-1,0,0,0,-1,0,1,92,F
62041,0,1,0,0,0,-1,1,0,1,-1,1,0,0,0,0,0,0,0,0,-1,0,1,123,F
62042,0,0,0,0,0,0,1,-1,0,1,1,0,-1,-1,0,0,0,0,0,-1,0,1,92,F
62043,0,0,0,0,0,1,0,0,0,0,0,0,0,1,0,0,0,0,0,1,0,1,92,F
62044,0,0,0,0,0,1,1,-1,0,-1,0,0,0,-1,0,-1,0,0,0,-1,0,1,123,F
62047,0,0,0,0,0,1,-1,0,1,0,0,1,0,0,0,0,0,0,0,-1,0,1,92,F
62048,0,-1,0,0,0,0,1,0,1,0,0,0,0,0,0,0,0,0,0,1,0,1,61,F
62049,0,0,0,1,0,0,1,0,1,-1,0,0,0,0,0,-1,0,0,0,1,0,1,123,T
62051,0,0,0,0,0,-1,1,-1,0,1,0,0,0,0,0,0,0,0,0,-1,0,1,31,F
62054,0,0,0,1,1,-1,-1,-1,-1,0,-1,-1,0,0,0,0,0,0,0,-1,0,1,92,T
62058,0,0,0,0,0,0,1,0,-1,0,0,-1,0,0,0,0,0,0,0,-1,0,1,92,F
62060,0,0,0,0,0,-1,-1,0,-1,0,1,0,0,0,0,0,0,0,0,0,0,1,92,F
62061,0,0,0,0,0,0,1,0,-1,0,0,0,0,0,0,1,0,0,0,-1,0,1,92,F
62064,0,0,0,-1,-1,-1,1,0,-1,1,0,0,-1,0,-1,1,-1,0,-1,-1,0,1,92,F
62065,0,0,0,1,1,1,1,-1,1,0,0,0,0,0,0,0,0,0,0,-1,0,1,92,T
62067,0,0,0,0,0,0,1,0,0,1,0,0,0,1,0,0,0,0,0,0,0,1,92,F
62069,0,0,0,0,0,0,0,0,0,0,0,0,0,0,0,0,0,0,0,0,0,1,30,F
62070,0,0,0,0,0,0,1,0,0,0,0,0,0,0,0,0,0,0,0,0,0,1,92,F
62071,-1,0,0,1,0,0,1,0,0,1,0,0,0,-1,0,0,0,0,0,-1,0,1,92,T
62072,-1,-1,0,1,0,0,1,0,0,1,0,-1,0,0,0,0,0,0,0,1,0,1,92,T
62075,-1,0,0,0,-1,-1,-1,0,0,-1,0,0,0,1,-1,0,0,0,0,-1,0,1,30,F
62077,0,0,0,0,0,-1,1,0,0,0,0,1,0,-1,0,1,-1,0,0,-1,0,1,92,F
62078,-1,0,0,0,-1,1,1,0,-1,-1,0,0,-1,-1,0,-1,0,0,0,-1,0,1,92,F
62080,0,-1,-1,0,0,1,-1,0,-1,1,-1,0,0,0,0,-1,0,0,0,-1,0,1,184,F
62081,0,0,0,0,0,0,-1,0,1,1,0,0,0,0,0,0,0,0,0,-1,0,1,92,F
62084,0,0,0,0,-1,0,1,0,0,1,0,0,0,1,0,-1,0,0,0,-1,0,1,92,F
62085,-1,0,0,0,-1,-1,-1,0,-1,0,0,1,0,-1,0,-1,0,0,-1,-1,0,1,123,F
62087,1,0,0,0,0,1,1,0,0,-1,0,0,0,-1,0,0,0,0,0,-1,0,1,30,F
62088,0,0,0,0,0,0,-1,0,0,0,0,0,0,0,0,-1,0,0,0,1,0,1,61,F
62089,0,0,0,0,0,-1,-1,0,0,-1,0,0,0,0,0,-1,0,0,-1,1,0,1,61,F
62090,0,0,0,-1,-1,0,-1,0,-1,-1,0,0,0,0,-1,-1,-1,0,-1,-1,0,1,92,F
62091,0,0,0,0,0,-1,1,0,0,0,0,0,0,0,0,0,0,0,0,1,0,1,92,F
62092,0,0,0,0,0,0,-1,0,-1,1,0,0,0,-1,0,0,0,0,0,1,0,1,92,F
62093,0,0,0,0,0,-1,-1,-1,0,1,1,0,-1,-1,0,-1,0,0,-1,-1,0,1,31,F
62094,1,0,0,0,1,0,1,0,0,1,-1,0,0,0,0,0,0,0,0,-1,0,1,31,F
62095,0,0,0,0,0,0,1,0,0,1,0,0,0,0,0,0,0,0,0,0,0,1,123,F
62096,-1,0,0,0,0,1,1,0,0,0,0,0,0,0,0,-1,0,0,0,1,0,1,123,F
62097,0,0,0,0,0,-1,-1,0,0,1,0,0,0,-1,0,-1,0,0,0,-1,0,1,0,F
62098,-1,0,0,0,0,0,-1,-1,-1,-1,0,0,-1,0,0,0,0,0,0,-1,0,1,92,F
62099,0,0,0,0,0,0,0,0,-1,0,0,0,0,-1,0,0,0,0,0,1,0,1,92,F
62101,0,-1,-1,0,-1,0,-1,0,-1,1,-1,0,0,0,0,-1,0,0,-1,-1,0,1,123,F
62110,0,0,0,0,0,-1,-1,0,-1,0,0,0,-1,0,1,0,-1,0,0,-1,0,1,123,F
62112,0,-1,0,0,0,0,0,0,0,0,0,0,0,0,0,0,0,0,0,1,0,1,30,F
62113,0,0,0,0,0,0,1,0,0,0,0,0,0,0,0,0,0,0,0,1,0,1,30,F
62114,0,0,0,1,0,0,1,-1,-1,-1,0,0,0,0,0,0,0,0,0,0,0,1,92,T
62115,0,0,0,0,-1,-1,-1,0,-1,-1,0,0,1,-1,0,0,0,0,0,-1,0,1,92,F
62117,0,0,0,0,0,1,-1,0,0,0,0,0,0,0,0,-1,0,0,0,1,0,1,92,F
62119,0,0,0,0,0,0,-1,0,0,-1,0,0,0,0,0,0,0,0,0,-1,0,1,92,F
62121,0,0,0,0,0,1,1,0,0,0,0,0,0,0,0,0,0,0,0,1,0,1,92,F
62122,0,0,0,0,0,0,-1,0,-1,-1,0,0,0,0,0,0,0,0,0,-1,0,1,92,F
62123,0,0,0,0,-1,-1,-1,0,0,-1,0,0,0,0,-1,-1,-1,0,-1,-1,0,1,92,F
62124,0,0,-1,1,0,-1,1,0,1,-1,0,0,0,-1,0,0,0,0,0,1,0,1,92,T
62125,0,-1,-1,0,0,-1,1,0,-1,0,0,0,0,0,0,-1,0,0,0,1,0,1,92,F
62126,0,0,0,0,-1,-1,1,0,1,1,0,0,0,0,0,0,0,0,0,1,-1,1,92,F
62127,0,0,-1,0,0,0,1,0,0,1,0,0,0,0,0,0,0,0,0,1,0,1,30,F
62132,0,0,0,-1,0,-1,-1,0,-1,-1,0,0,-1,0,1,0,0,0,0,1,0,1,92,F
62133,0,0,0,0,0,0,-1,0,-1,0,0,0,0,0,0,0,0,0,0,1,0,1,0,F
62134,0,0,0,0,0,1,1,0,0,1,0,0,0,0,0,0,0,0,0,1,0,1,92,F
62135,-1,0,0,0,0,0,-1,0,0,1,0,0,-1,-1,0,-1,0,0,-1,1,0,1,30,F
62136,0,0,0,1,0,0,1,0,0,1,0,0,0,0,0,0,0,0,0,0,0,1,92,T
62137,0,-1,0,0,0,-1,1,0,0,1,-1,-1,0,-1,0,0,0,0,0,-1,0,1,30,F
62138,0,0,0,1,-1,0,-1,0,-1,-1,0,-1,0,1,0,-1,0,0,-1,-1,0,1,92,T
62144,0,0,0,0,0,1,1,0,0,1,0,0,0,-1,0,0,0,0,0,1,0,1,92,F
62146,1,0,0,0,-1,1,1,0,0,1,0,0,0,1,0,-1,0,0,-1,-1,0,1,92,F
62147,0,0,0,0,0,0,-1,0,0,0,-1,0,0,1,0,0,0,0,0,-1,0,1,92,F
62148,0,0,0,0,0,0,0,0,0,0,0,0,0,0,0,0,0,0,0,0,0,1,61,F
62149,-1,0,0,0,-1,-1,-1,0,1,-1,-1,0,1,0,0,0,0,0,0,1,0,1,30,F
62150,1,0,0,1,0,1,1,0,0,0,0,0,0,0,0,0,0,0,0,-1,0,1,92,T
62153,0,0,0,0,0,0,-1,0,-1,0,-1,-1,0,0,0,0,0,0,0,-1,0,1,92,F
62156,0,0,0,0,-1,1,-1,0,0,-1,0,0,0,-1,0,0,0,0,0,-1,0,1,61,F
62158,0,-1,-1,0,0,0,1,0,0,0,0,-1,0,0,0,0,0,0,0,-1,0,1,30,F
62163,0,0,0,1,-1,1,-1,0,1,0,0,0,0,0,0,0,0,0,0,-1,0,1,62,T
62165,0,0,0,0,0,0,0,0,0,0,0,0,0,0,0,0,0,0,0,0,0,1,61,F
62166,0,0,0,-1,0,0,1,0,-1,0,0,0,0,1,1,0,0,0,0,1,0,1,62,F
62168,0,0,0,0,0,1,-1,-1,-1,-1,0,0,0,-1,0,0,0,0,0,-1,0,1,30,F
62169,0,0,0,0,0,1,1,0,0,1,0,0,0,0,0,0,0,0,0,1,0,1,30,F
62173,0,0,0,0,0,1,1,0,-1,1,-1,0,0,0,0,0,0,0,0,1,0,1,62,F
62177,0,-1,-1,0,0,0,-1,0,-1,-1,-1,1,0,0,0,0,0,0,0,1,0,1,62,F
62178,0,-1,-1,0,0,0,-1,0,0,0,-1,0,0,0,0,0,0,0,0,1,0,1,92,F
62179,0,0,0,0,0,-1,-1,-1,-1,-1,0,-1,0,0,0,-1,0,0,0,-1,0,1,62,F
62181,0,0,0,1,0,0,1,0,0,0,0,0,0,0,0,0,0,0,0,1,0,1,92,T
62184,0,-1,0,0,0,-1,-1,0,0,0,0,0,0,0,0,-1,0,0,-1,-1,0,1,62,F
62186,0,0,0,0,0,1,-1,0,0,0,0,0,0,0,0,0,0,0,0,0,0,1,62,F
62188,0,-1,-1,0,0,0,-1,0,-1,0,-1,-1,0,0,0,0,0,0,0,-1,-1,1,62,F
62189,0,0,0,0,0,-1,-1,-1,-1,-1,0,-1,0,-1,0,0,0,0,0,-1,0,1,62,F
62196,1,0,0,-1,-1,-1,-1,0,0,0,-1,-1,0,0,0,0,0,0,0,-1,0,1,123,F
62197,0,0,0,0,0,0,0,0,0,0,0,0,0,0,0,0,0,0,0,0,0,1,62,F
62198,0,0,0,0,0,0,0,0,0,0,0,0,0,0,0,0,0,0,0,0,0,1,30,F
62199,1,0,-1,0,0,-1,-1,0,-1,-1,0,1,0,0,0,1,0,0,-1,-1,0,1,31,F
62202,0,0,0,0,0,0,-1,-1,0,0,-1,0,0,0,0,0,0,0,0,-1,0,1,30,F
62204,0,0,0,0,-1,-1,-1,0,-1,0,0,0,0,0,0,-1,0,0,-1,-1,0,1,62,F
62205,0,0,0,-1,0,-1,1,0,0,0,0,0,0,0,1,0,1,0,0,-1,0,1,62,F
62208,0,0,0,0,0,0,0,0,0,0,0,0,0,0,0,0,0,0,0,1,0,1,62,F
62209,-1,0,0,1,-1,-1,1,0,-1,0,0,0,0,-1,-1,1,-1,0,0,-1,0,1,62,T
62211,0,0,0,-1,1,-1,1,0,1,1,0,0,1,0,-1,1,-1,-1,0,1,0,1,62,F
62212,0,0,0,1,0,0,-1,0,1,0,-1,0,0,0,0,0,0,0,0,-1,-1,1,62,T
62213,0,0,0,0,0,0,-1,0,0,0,0,-1,0,0,0,0,0,0,0,-1,0,1,62,F
62214,0,0,0,0,0,1,1,0,0,0,0,0,0,-1,0,-1,0,0,0,1,0,1,92,F
62219,0,0,0,0,0,0,1,0,1,1,0,0,0,0,0,0,0,0,0,-1,0,1,30,F
62220,0,0,0,-1,-1,0,1,0,0,1,0,0,0,0,1,0,0,0,0,-1,0,1,0,F
62221,0,0,0,0,0,0,0,0,0,0,0,0,0,0,0,0,0,0,0,0,0,1,62,F
62222,0,0,0,1,0,0,0,0,0,0,0,0,0,0,0,0,0,0,0,0,0,1,30,T
62228,0,0,0,0,0,0,1,0,1,0,0,0,0,0,0,0,0,0,0,1,0,1,62,F
62230,0,-1,-1,0,0,1,-1,-1,-1,-1,-1,-1,0,0,0,0,0,0,0,-1,0,1,31,F
62232,0,0,0,0,0,0,1,0,0,0,0,0,0,0,0,0,0,0,0,-1,0,1,62,F
62235,0,0,0,0,0,0,-1,0,0,0,0,0,0,0,0,0,0,0,0,-1,0,1,62,F
62237,1,-1,-1,0,0,-1,-1,0,0,1,0,0,0,0,0,0,0,0,0,0,0,1,31,F
62244,0,-1,-1,0,0,1,-1,0,0,0,0,0,0,0,0,0,0,0,0,0,0,1,92,F
62248,0,-1,-1,0,0,1,0,0,1,0,0,0,0,0,0,0,0,0,0,1,0,1,62,F
62249,0,0,0,0,0,0,0,0,0,0,0,0,0,0,0,0,0,0,0,0,0,1,62,F
62250,0,0,0,1,0,0,0,0,0,0,0,0,0,0,1,0,0,0,0,1,0,1,62,T
62251,-1,-1,-1,0,0,-1,-1,0,0,-1,0,0,0,-1,0,-1,0,0,-1,-1,0,1,62,F
62252,0,0,0,0,0,0,1,0,0,0,0,0,0,0,0,0,0,0,0,1,0,1,30,F
62253,0,0,0,0,0,-1,1,-1,0,0,0,0,0,0,0,0,0,0,0,-1,0,1,30,F
62254,-1,0,0,0,0,0,-1,0,1,-1,0,-1,0,-1,0,0,0,0,0,0,0,1,62,F
62255,0,0,0,1,0,-1,1,-1,0,-1,0,0,0,-1,0,-1,0,0,-1,-1,0,1,62,T
62258,-1,0,0,0,0,-1,1,0,0,-1,0,0,0,0,1,-1,-1,0,-1,-1,0,1,62,F
62262,0,0,0,0,0,0,1,0,-1,-1,0,0,1,0,0,0,1,1,0,0,0,1,62,F
62263,0,0,0,0,1,0,-1,0,0,0,0,0,0,0,0,0,0,0,0,0,0,1,62,F
62269,0,0,0,0,0,0,0,0,0,0,0,0,0,0,0,0,0,0,0,0,0,1,62,F
62271,-1,0,0,0,0,0,1,0,-1,1,0,-1,0,0,0,-1,0,0,-1,-1,0,1,0,F
62274,0,0,0,0,0,0,0,0,0,0,0,0,0,0,0,0,0,0,0,0,0,1,0,F
62275,0,0,0,0,-1,-1,1,0,0,1,0,0,0,0,0,-1,0,0,0,-1,0,1,184,F
62276,-1,0,0,0,0,1,1,0,1,1,0,0,-1,-1,0,0,0,0,0,1,0,1,62,F
62277,-1,-1,-1,1,-1,1,-1,0,1,1,-1,-1,0,-1,0,0,0,0,0,-1,0,1,62,T
62279,0,0,0,1,0,0,1,0,0,0,0,0,0,0,1,0,0,0,0,1,0,1,62,T
62280,0,0,0,0,0,0,1,0,1,1,1,0,0,0,0,0,0,0,0,1,0,1,61,F
62282,0,0,0,0,0,0,0,0,0,0,0,0,0,0,0,0,0,0,0,0,0,1,62,F
62283,0,0,0,0,0,-1,-1,0,0,-1,0,0,0,0,0,-1,0,0,0,-1,0,1,62,F
62284,0,-1,0,0,0,-1,-1,0,0,0,0,0,0,0,0,0,0,0,0,1,0,1,62,F
62285,0,0,0,0,0,0,1,0,-1,-1,0,0,0,0,0,0,0,0,0,0,0,1,62,F
62286,0,0,0,1,0,0,1,0,1,1,0,0,0,0,0,0,0,0,0,1,0,1,62,T
62287,0,0,0,1,0,0,0,0,0,0,0,0,0,0,0,0,0,0,0,0,0,1,62,T
62288,1,0,0,0,-1,0,1,0,1,-1,-1,0,0,1,1,-1,1,0,0,1,0,1,62,F
62289,1,0,0,0,0,0,1,0,-1,1,0,0,-1,-1,0,0,0,0,0,0,0,1,62,F
62290,0,0,0,0,0,-1,1,0,0,0,0,0,0,0,0,-1,0,0,-1,-1,0,1,31,F
62291,0,0,0,0,0,-1,-1,-1,-1,-1,-1,0,0,-1,0,0,0,0,0,-1,0,1,62,F
62292,0,0,0,0,0,0,1,0,0,1,0,0,0,1,0,0,0,0,0,-1,0,1,62,F
62293,0,0,0,0,0,1,1,-1,1,0,0,-1,0,0,0,0,-1,0,0,-1,0,1,62,F
62294,0,0,0,0,0,-1,-1,0,0,-1,0,0,0,-1,0,0,0,0,0,-1,0,1,62,F
62295,0,0,0,0,0,0,-1,0,1,0,0,0,0,0,0,0,0,0,0,0,0,1,62,F
62296,-1,0,0,0,-1,0,-1,0,0,-1,0,0,0,0,0,-1,0,0,-1,-1,0,1,31,F
62299,0,0,0,0,0,0,0,0,0,0,0,0,0,0,0,0,0,0,0,-1,0,1,31,F
62301,0,0,0,0,0,0,-1,0,0,-1,0,0,0,0,0,0,0,0,0,1,0,1,92,F
62304,0,0,0,0,0,0,-1,0,0,-1,0,-1,0,-1,0,0,0,0,0,-1,0,1,31,F
62305,1,0,0,0,-1,-1,-1,0,0,0,-1,0,-1,0,0,1,1,-1,0,-1,0,1,62,F
62306,0,0,0,0,0,-1,-1,0,0,0,0,0,0,0,0,0,0,0,0,-1,0,1,31,F
62307,0,-1,-1,0,0,1,1,0,0,-1,0,0,0,0,0,0,0,0,0,0,0,1,92,F
62313,-1,0,0,0,0,-1,1,0,0,0,0,-1,-1,0,0,0,0,0,0,0,0,1,31,F
62314,-1,0,0,0,0,1,1,0,0,1,0,0,0,1,0,0,0,0,0,1,0,1,62,F
62320,0,0,0,0,0,0,1,0,0,-1,-1,0,0,0,0,0,0,0,0,-1,0,1,31,F
62321,0,0,0,0,0,0,0,0,0,0,0,0,0,0,0,0,0,0,0,0,0,1,31,F
62323,0,0,0,0,0,0,-1,0,0,1,0,0,0,1,0,0,0,0,0,-1,0,1,31,F
62327,0,0,0,0,0,0,0,0,0,0,0,0,0,0,0,0,0,0,0,0,0,1,62,F
62331,1,-1,0,0,-1,-1,-1,-1,1,-1,0,-1,0,0,0,-1,0,0,0,-1,0,1,31,F
62334,0,0,0,0,1,0,-1,0,-1,-1,0,0,0,-1,0,0,0,0,0,0,0,1,245,F
62335,0,0,0,0,0,0,0,0,0,0,0,0,0,0,0,0,0,0,0,0,0,1,92,F
62336,0,0,0,0,0,0,-1,0,0,-1,0,0,-1,0,0,0,0,0,0,-1,0,1,184,F
62337,0,0,0,0,0,0,1,0,0,0,0,0,0,0,0,-1,0,0,0,0,0,1,92,F
62339,0,0,0,0,0,1,0,0,0,0,0,0,0,0,0,0,0,0,0,1,0,1,62,F
62349,0,0,0,0,0,-1,-1,0,-1,-1,0,0,0,0,0,-1,0,0,0,0,0,1,31,F
62351,0,0,0,0,1,0,1,0,-1,-1,-1,0,0,0,0,-1,0,0,-1,-1,0,1,31,F
62355,0,0,0,0,0,0,-1,0,0,0,1,0,0,0,0,0,0,0,0,-1,0,1,61,F
62365,1,1,0,0,-1,1,1,0,-1,-1,0,0,-1,0,0,-1,0,0,-1,-1,0,1,276,F
62380,0,0,0,0,0,-1,-1,0,0,-1,0,0,0,0,0,0,0,0,0,-1,0,1,31,F
62381,0,0,0,0,0,0,0,0,0,0,0,0,0,0,0,0,0,0,0,0,0,1,306,F
62390,0,-1,-1,0,0,-1,-1,-1,-1,-1,0,-1,0,-1,0,0,0,0,0,-1,0,1,31,F
62392,1,-1,-1,0,-1,-1,1,0,1,1,0,-1,-1,0,0,-1,0,0,0,1,0,1,62,F
62394,-1,0,0,0,0,-1,1,0,0,0,0,0,1,0,0,0,0,0,0,-1,0,1,31,F
62403,0,0,0,0,0,-1,1,0,0,1,0,0,0,0,0,0,0,0,0,-1,0,1,61,F
62409,0,0,0,0,0,-1,-1,-1,1,1,0,-1,0,0,0,0,0,0,0,1,0,1,62,F
62456,0,0,0,0,-1,-1,1,0,0,1,1,-1,-1,0,0,-1,0,0,-1,-1,0,1,306,F
62465,0,0,0,0,0,0,-1,0,0,1,0,0,0,0,0,0,0,0,0,1,0,1,123,F