"","CASE_ID","close_dt","start_dt","duration","X","nClients","nMH","nClose","ratio","CASE_ID.1","MHt"
"1",28892,2016-01-01,2009-02-01,2525,1,4,1,3,0.25,28892,0
"2",28994,2017-01-01,2008-08-01,3075,2,4,1,2,0.25,28994,0
"3",29003,2017-04-01,2008-03-01,3318,3,4,2,3,0.5,29003,0
"4",29057,2016-06-01,2008-10-01,2800,4,7,2,3,0.29,29057,0
"5",29128,2017-04-01,2008-02-01,3347,5,3,1,2,0.33,29128,0
"6",29164,2017-04-01,2016-12-01,121,6,7,2,3,0.29,29164,0
"7",29206,2017-04-01,2009-02-01,2981,7,3,2,6,0.67,29206,-1
"8",29350,2017-04-01,2000-09-01,6056,8,10,5,3,0.5,29350,0
"9",29521,2016-11-01,2005-06-01,4171,9,6,2,2,0.33,29521,0
"10",29540,2017-04-01,2010-08-01,2435,10,11,2,4,0.18,29540,0
"11",29578,2017-04-01,2005-10-01,4200,11,3,2,1,0.67,29578,0
"12",29589,2017-04-01,2016-02-01,425,12,11,6,2,0.55,29589,-1
"13",29594,2017-04-01,2012-02-01,1886,13,5,3,2,0.6,29594,-1
"14",29646,2017-04-01,2007-06-01,3592,14,6,3,2,0.5,29646,0
"15",29666,2016-10-01,2007-05-01,3441,15,9,6,2,0.67,29666,-1
"16",29668,2017-04-01,2004-09-01,4595,16,11,6,3,0.55,29668,0
"17",29671,2017-04-01,1996-03-01,7701,17,2,0,2,0,29671,0
"18",29679,2016-12-01,2009-01-01,2891,18,3,0,2,0,29679,0
"19",29710,2016-11-01,2013-07-01,1219,19,11,7,2,0.64,29710,0
"20",29734,2017-04-01,2008-01-01,3378,20,8,5,3,0.62,29734,0
"21",29901,2017-02-01,2003-10-01,4872,21,3,2,3,0.67,29901,0
"22",29913,2017-01-01,2008-03-01,3228,22,4,1,1,0.25,29913,0
"23",29935,2017-01-01,1997-12-01,6971,23,3,0,2,0,29935,-1
"24",29968,2017-04-01,2008-03-01,3318,24,8,5,3,0.62,29968,-1
"25",29980,2016-09-01,2016-02-01,213,25,9,0,3,0,29980,NA
"26",30096,2017-04-01,2008-06-01,3226,26,6,4,3,0.67,30096,0
"27",30100,2017-04-01,2008-04-01,3287,27,5,3,3,0.6,30100,0
"28",30102,2016-11-01,2016-06-01,153,28,8,7,4,0.88,30102,-1
"29",30151,2017-04-01,2016-05-01,335,29,6,4,4,0.67,30151,-1
"30",30163,2017-04-01,2016-03-01,396,30,6,4,3,0.67,30163,-1
"31",30171,2017-04-01,2015-02-01,790,31,6,3,5,0.5,30171,0
"32",30249,2017-04-01,2007-12-01,3409,32,5,2,2,0.4,30249,0
"33",30290,2017-04-01,2009-01-01,3012,33,5,2,2,0.4,30290,-1
"34",30342,2017-04-01,2008-03-01,3318,34,7,4,2,0.57,30342,0
"35",30346,2017-04-01,2007-07-01,3562,35,4,1,3,0.25,30346,-1
"36",30368,2017-04-01,2014-08-01,974,36,9,7,3,0.78,30368,0
"37",30383,2017-04-01,2016-11-01,151,37,6,2,3,0.33,30383,-1
"38",30442,2017-04-01,2007-04-01,3653,38,3,1,2,0.33,30442,0
"39",30444,2017-04-01,2008-04-01,3287,39,12,4,3,0.33,30444,-1
"40",30452,2017-04-01,2014-04-01,1096,40,13,9,3,0.69,30452,0
"41",30495,2017-04-01,2008-07-01,3196,41,7,0,2,0,30495,-1
"42",30516,2017-04-01,2000-12-01,5965,42,3,2,3,0.67,30516,0
"43",30572,2017-04-01,2008-09-01,3134,43,4,3,3,0.75,30572,0
"44",30643,2016-08-01,2008-12-01,2800,44,4,3,2,0.75,30643,-1
"45",30645,2016-10-01,2002-03-01,5328,45,10,4,3,0.4,30645,0
"46",30648,2017-01-01,2008-12-01,2953,46,7,3,2,0.43,30648,-1
"47",30670,2016-12-01,2016-04-01,244,47,3,2,2,0.67,30670,0
"48",30701,2016-10-01,2008-12-01,2861,48,7,2,2,0.29,30701,0
"49",30737,2017-04-01,2006-05-01,3988,49,10,8,4,0.8,30737,-1
"50",30743,2017-04-01,2009-02-01,2981,50,10,6,3,0.6,30743,0
"51",30747,2017-04-01,2008-12-01,3043,51,8,7,6,0.88,30747,-1
"52",30772,2016-06-01,2008-12-01,2739,52,5,1,3,0.2,30772,-1
"53",30779,2017-04-01,2009-03-01,2953,53,10,7,3,0.7,30779,-1
"54",30788,2017-04-01,2009-02-01,2981,54,3,1,3,0.33,30788,0
"55",30869,2017-04-01,2015-10-01,548,55,10,5,5,0.5,30869,-1
"56",30901,2016-10-01,2008-10-01,2922,56,5,2,2,0.4,30901,-1
"57",30902,2017-04-01,2005-11-01,4169,57,6,2,2,0.33,30902,0
"58",30905,2016-07-01,2008-07-01,2922,58,7,3,2,0.43,30905,-1
"59",30943,2016-03-01,2006-08-01,3500,59,3,2,6,0.67,30943,0
"60",30990,2017-04-01,2007-10-01,3470,60,6,4,6,0.67,30990,0
"61",31041,2017-04-01,2008-09-01,3134,61,6,4,2,0.67,31041,-1
"62",31052,2016-02-01,2008-03-01,2893,62,6,3,2,0.5,31052,0
"63",31053,2017-04-01,2009-04-01,2922,63,9,5,6,0.56,31053,0
"64",31119,2017-04-01,2007-08-01,3531,64,13,5,3,0.38,31119,0
"65",31188,2017-04-01,2016-01-01,456,65,3,2,3,0.67,31188,0
"66",31197,2017-04-01,2008-03-01,3318,66,4,0,2,0,31197,-1
"67",31209,2017-04-01,2006-07-01,3927,67,6,4,4,0.67,31209,0
"68",31219,2016-09-01,2008-06-01,3014,68,3,1,2,0.33,31219,0
"69",31258,2017-04-01,2009-02-01,2981,69,10,4,4,0.4,31258,0
"70",31285,2016-10-01,2008-04-01,3105,70,4,0,3,0,31285,0
"71",31314,2016-12-01,2016-07-01,153,71,6,4,3,0.67,31314,0
"72",31316,2016-04-01,2009-04-01,2557,72,5,3,2,0.6,31316,0
"73",31339,2016-02-01,2005-11-01,3744,73,4,0,3,0,31339,0
"74",31341,2016-11-01,2006-10-01,3684,74,3,0,4,0,31341,0
"75",31368,2017-04-01,2014-03-01,1127,75,9,6,4,0.67,31368,-1
"76",31520,2017-04-01,2006-09-01,3865,76,7,3,2,0.43,31520,-1
"77",31523,2017-04-01,2011-04-01,2192,77,4,2,3,0.5,31523,-1
"78",31524,2017-04-01,2006-09-01,3865,78,6,2,3,0.33,31524,0
"79",31540,2016-10-01,2006-09-01,3683,79,5,0,4,0,31540,-1
"80",31600,2017-04-01,2016-08-01,243,80,7,5,5,0.71,31600,-1
"81",31610,2017-04-01,2016-10-01,182,81,16,5,6,0.31,31610,0
"82",31652,2017-04-01,2016-05-01,335,82,8,4,3,0.5,31652,-1
"83",31659,2017-01-01,2007-03-01,3594,83,7,2,2,0.29,31659,0
"84",31661,2017-04-01,2009-04-01,2922,84,7,3,2,0.43,31661,0
"85",31683,2016-08-01,2007-04-01,3410,85,14,6,3,0.43,31683,-1
"86",31707,2016-03-01,2008-11-01,2677,86,5,1,3,0.2,31707,0
"87",31712,2016-11-01,2008-11-01,2922,87,5,2,5,0.4,31712,0
"88",31718,2017-04-01,2007-06-01,3592,88,10,6,5,0.6,31718,-1
"89",31734,2017-04-01,2012-01-01,1917,89,9,4,5,0.44,31734,0
"90",31772,2017-04-01,2016-02-01,425,90,11,4,2,0.36,31772,-1
"91",31779,2017-04-01,2005-02-01,4442,91,7,5,2,0.71,31779,-1
"92",31782,2017-04-01,2016-12-01,121,92,3,1,3,0.33,31782,-1
"93",31795,2016-09-01,2005-10-01,3988,93,3,1,2,0.33,31795,0
"94",31796,2017-04-01,2007-09-01,3500,94,5,4,5,0.8,31796,0
"95",31812,2017-04-01,2015-09-01,578,95,6,2,3,0.33,31812,0
"96",31826,2017-04-01,2016-01-01,456,96,7,4,4,0.57,31826,0
"97",31835,2017-04-01,2007-10-01,3470,97,7,4,3,0.57,31835,0
"98",31837,2016-07-01,2007-11-01,3165,98,5,1,4,0.2,31837,0
"99",31853,2017-04-01,2007-11-01,3439,99,5,2,2,0.4,31853,-1
"100",31856,2017-04-01,2007-11-01,3439,100,12,5,2,0.42,31856,-1
"101",31869,2016-12-01,2007-11-01,3318,101,3,1,3,0.33,31869,0
"102",31884,2017-04-01,2007-12-01,3409,102,11,3,3,0.27,31884,0
"103",31942,2016-07-01,2008-06-01,2952,103,3,2,3,0.67,31942,0
"104",31962,2017-04-01,2009-04-01,2922,104,3,2,4,0.67,31962,0
"105",31978,2017-04-01,2008-03-01,3318,105,7,5,2,0.71,31978,-1
"106",31991,2017-04-01,2009-03-01,2953,106,10,2,4,0.2,31991,0
"107",31999,2016-10-01,2016-01-01,274,107,4,3,2,0.75,31999,-1
"108",32007,2017-04-01,2009-05-01,2892,108,7,5,4,0.71,32007,0
"109",32048,2017-04-01,2016-11-01,151,109,5,3,2,0.6,32048,0
"110",32055,2016-06-01,2016-03-01,92,110,4,3,2,0.75,32055,-1
"111",32078,2016-09-01,2008-07-01,2984,111,6,3,3,0.5,32078,-1
"112",32086,2017-04-01,2015-08-01,609,112,6,2,4,0.33,32086,0
"113",32091,2017-04-01,2008-06-01,3226,113,7,4,3,0.57,32091,-1
"114",32095,2016-08-01,2008-06-01,2983,114,8,4,3,0.5,32095,0
"115",32124,2017-04-01,2008-07-01,3196,115,5,3,2,0.6,32124,0
"116",32169,2017-04-01,2009-03-01,2953,116,3,0,3,0,32169,0
"117",32209,2017-04-01,2008-08-01,3165,117,5,3,2,0.6,32209,-1
"118",32274,2016-08-01,2008-10-01,2861,118,4,2,2,0.5,32274,0
"119",32301,2017-04-01,2008-11-01,3073,119,3,2,2,0.67,32301,0
"120",32324,2017-04-01,2008-11-01,3073,120,8,4,5,0.5,32324,0
"121",32334,2017-04-01,2016-06-01,304,121,14,6,5,0.43,32334,-1
"122",32397,2017-04-01,2009-01-01,3012,122,6,2,2,0.33,32397,-1
"123",32418,2016-05-01,2009-02-01,2646,123,7,2,3,0.29,32418,0
"124",32428,2017-04-01,2009-02-01,2981,124,7,5,2,0.71,32428,0
"125",32478,2017-04-01,2009-03-01,2953,125,8,4,2,0.5,32478,-1
"126",32542,2016-10-01,2014-07-01,823,126,12,8,5,0.67,32542,-1
"127",32604,2017-04-01,2008-09-01,3134,127,6,0,2,0,32604,0
"128",32613,2017-04-01,2009-04-01,2922,128,13,7,3,0.54,32613,-1
"129",32615,2016-04-01,2008-12-01,2678,129,6,5,4,0.83,32615,-1
"130",32659,2017-04-01,2008-09-01,3134,130,4,3,4,0.75,32659,0
"131",32668,2016-07-01,2008-11-01,2799,131,6,1,5,0.17,32668,-1
"132",32680,2016-09-01,2012-10-01,1431,132,11,7,4,0.64,32680,-1
"133",32716,2017-01-01,2008-12-01,2953,133,5,2,3,0.4,32716,0
"134",32731,2016-07-01,2011-09-01,1765,134,4,1,4,0.25,32731,0
"135",32754,2017-04-01,2009-03-01,2953,135,7,5,3,0.71,32754,-1
"136",32790,2017-04-01,2012-01-01,1917,136,8,5,3,0.62,32790,-1
"137",32801,2017-04-01,2009-05-01,2892,137,7,1,3,0.14,32801,0
"138",32809,2016-11-01,2009-01-01,2861,138,4,2,2,0.5,32809,0
"139",32839,2016-05-01,2008-01-01,3043,139,6,2,3,0.33,32839,0
"140",32902,2017-04-01,2009-06-01,2861,140,5,2,6,0.4,32902,0
"141",32945,2017-04-01,2009-07-01,2831,141,6,2,4,0.33,32945,0
"142",32961,2016-11-01,2009-07-01,2680,142,4,3,2,0.75,32961,-1
"143",32980,2016-09-01,2016-07-01,62,143,5,1,2,0.2,32980,0
"144",32993,2017-04-01,2009-07-01,2831,144,5,1,2,0.2,32993,0
"145",33098,2017-04-01,2009-08-01,2800,145,10,6,2,0.6,33098,-1
"146",33101,2017-04-01,2009-08-01,2800,146,5,2,2,0.4,33101,0
"147",33102,2016-09-01,2009-08-01,2588,147,6,3,3,0.5,33102,0
"148",33135,2017-04-01,2009-08-01,2800,148,13,8,6,0.62,33135,0
"149",33138,2017-04-01,2009-08-01,2800,149,9,3,2,0.33,33138,-1
"150",33139,2017-04-01,2009-08-01,2800,150,15,7,4,0.47,33139,-1
"151",33170,2016-06-01,2009-08-01,2496,151,4,3,3,0.75,33170,0
"152",33197,2016-12-01,2009-09-01,2648,152,5,2,2,0.4,33197,0
"153",33255,2017-04-01,2009-09-01,2769,153,5,4,2,0.8,33255,0
"154",33268,2017-04-01,2009-09-01,2769,154,6,3,2,0.5,33268,0
"155",33274,2017-04-01,2009-09-01,2769,155,4,2,2,0.5,33274,0
"156",33289,2016-07-01,2009-09-01,2495,156,4,0,3,0,33289,-1
"157",33301,2017-04-01,2009-09-01,2769,157,5,2,3,0.4,33301,-1
"158",33339,2017-04-01,2009-09-01,2769,158,9,3,3,0.33,33339,0
"159",33342,2017-04-01,2009-09-01,2769,159,7,2,2,0.29,33342,0
"160",33349,2017-04-01,2009-09-01,2769,160,4,3,4,0.75,33349,0
"161",33366,2017-04-01,2016-04-01,365,161,11,2,2,0.18,33366,-1
"162",33405,2017-04-01,2015-09-01,578,162,4,1,2,0.25,33405,-1
"163",33410,2017-04-01,2009-10-01,2739,163,4,0,5,0,33410,NA
"164",33413,2016-10-01,2012-02-01,1704,164,8,2,3,0.25,33413,0
"165",33453,2017-04-01,2009-10-01,2739,165,9,3,3,0.33,33453,-1
"166",33472,2017-04-01,2009-11-01,2708,166,4,1,3,0.25,33472,-1
"167",33514,2017-04-01,2009-11-01,2708,167,6,2,3,0.33,33514,0
"168",33598,2016-05-01,2016-02-01,90,168,12,7,4,0.58,33598,-1
"169",33624,2017-04-01,2009-12-01,2678,169,4,0,2,0,33624,-1
"170",33648,2017-04-01,2009-12-01,2678,170,11,5,4,0.45,33648,-1
"171",33651,2016-12-01,2009-12-01,2557,171,2,0,4,0,33651,0
"172",33671,2017-04-01,2011-09-01,2039,172,7,2,5,0.29,33671,0
"173",33673,2017-04-01,2010-01-01,2647,173,9,6,5,0.67,33673,-1
"174",33692,2017-04-01,2009-07-01,2831,174,6,1,3,0.17,33692,0
"175",33693,2016-05-01,2010-01-01,2312,175,3,0,2,0,33693,NA
"176",33700,2016-07-01,2010-01-01,2373,176,5,1,2,0.2,33700,-1
"177",33724,2016-08-01,2010-01-01,2404,177,5,2,5,0.4,33724,0
"178",33771,2016-12-01,2010-01-01,2526,178,7,1,2,0.14,33771,0
"179",33809,2016-12-01,2010-02-01,2495,179,8,2,2,0.25,33809,0
"180",33820,2016-07-01,2016-02-01,151,180,9,3,4,0.33,33820,-1
"181",33824,2017-04-01,2010-02-01,2616,181,7,4,3,0.57,33824,0
"182",33841,2016-12-01,2010-02-01,2495,182,6,4,2,0.67,33841,-1
"183",33876,2016-10-01,2010-02-01,2434,183,5,4,2,0.8,33876,-1
"184",33902,2016-08-01,2010-03-01,2345,184,4,2,2,0.5,33902,0
"185",33904,2017-04-01,2010-03-01,2588,185,3,0,2,0,33904,0
"186",33941,2017-04-01,2010-03-01,2588,186,6,0,2,0,33941,NA
"187",33950,2017-04-01,2010-03-01,2588,187,7,1,2,0.14,33950,0
"188",33958,2017-04-01,2010-03-01,2588,188,2,1,2,0.5,33958,0
"189",34021,2017-01-01,2010-04-01,2467,189,5,3,2,0.6,34021,-1
"190",34082,2017-04-01,2010-04-01,2557,190,8,4,3,0.5,34082,-1
"191",34126,2017-04-01,2010-04-01,2557,191,6,0,2,0,34126,-1
"192",34145,2016-12-01,2010-05-01,2406,192,8,4,3,0.5,34145,-1
"193",34154,2017-04-01,2016-03-01,396,193,9,8,2,0.89,34154,-1
"194",34155,2017-04-01,2010-05-01,2527,194,6,3,3,0.5,34155,0
"195",34193,2016-12-01,2010-05-01,2406,195,16,2,5,0.12,34193,-1
"196",34279,2017-04-01,2010-05-01,2527,196,9,5,5,0.56,34279,-1
"197",34312,2017-04-01,2010-05-01,2527,197,4,1,3,0.25,34312,0
"198",34319,2017-04-01,2016-10-01,182,198,6,5,2,0.83,34319,-1
"199",34341,2016-12-01,2010-05-01,2406,199,6,1,3,0.17,34341,0
"200",34622,2017-04-01,2004-04-01,4748,200,4,3,3,0.75,34622,-1
"201",34771,2017-04-01,2010-06-01,2496,201,5,4,3,0.8,34771,0
"202",34779,2017-04-01,2010-06-01,2496,202,7,6,3,0.86,34779,0
"203",34815,2017-04-01,2010-06-01,2496,203,7,2,2,0.29,34815,0
"204",34842,2017-04-01,2010-06-01,2496,204,3,1,2,0.33,34842,0
"205",34851,2016-10-01,2016-09-01,30,205,7,4,3,0.57,34851,-1
"206",34866,2017-04-01,2010-07-01,2466,206,10,6,4,0.6,34866,-1
"207",34868,2016-12-01,2010-07-01,2345,207,14,5,2,0.36,34868,-1
"208",34871,2017-04-01,2016-08-01,243,208,5,0,4,0,34871,NA
"209",34889,2016-10-01,2010-07-01,2284,209,5,2,2,0.4,34889,0
"210",34896,2017-04-01,2010-07-01,2466,210,6,4,3,0.67,34896,-1
"211",34902,2017-04-01,2010-07-01,2466,211,5,2,4,0.4,34902,0
"212",34933,2017-04-01,2013-12-01,1217,212,10,4,3,0.4,34933,0
"213",34938,2016-05-01,2010-07-01,2131,213,3,2,2,0.67,34938,0
"214",35045,2017-04-01,2016-05-01,335,214,4,2,2,0.5,35045,0
"215",35070,2016-03-01,2008-03-01,2922,215,5,4,2,0.8,35070,0
"216",35095,2017-04-01,2009-07-01,2831,216,5,4,2,0.8,35095,-1
"217",35137,2017-04-01,2010-08-01,2435,217,3,1,2,0.33,35137,0
"218",35211,2016-04-01,2010-08-01,2070,218,3,2,3,0.67,35211,-1
"219",35279,2016-12-01,2010-09-01,2283,219,14,5,3,0.36,35279,-1
"220",35292,2017-04-01,2016-10-01,182,220,9,4,2,0.44,35292,-1
"221",35343,2017-04-01,2014-10-01,913,221,8,3,4,0.38,35343,-1
"222",35460,2017-04-01,2016-07-01,274,222,7,4,3,0.57,35460,0
"223",35475,2017-04-01,2010-11-01,2343,223,10,7,3,0.7,35475,-1
"224",35485,2016-07-01,2010-11-01,2069,224,5,3,3,0.6,35485,0
"225",35486,2017-04-01,2010-11-01,2343,225,3,0,3,0,35486,-1
"226",35495,2016-01-01,2010-11-01,1887,226,7,5,4,0.71,35495,-1
"227",36008,2016-02-01,2016-01-01,31,227,5,2,3,0.4,36008,-1
"228",36714,2017-04-01,2009-01-01,3012,228,3,1,2,0.33,36714,0
"229",37967,2017-04-01,2012-12-01,1582,229,5,3,4,0.6,37967,-1
"230",38507,2017-04-01,2010-07-01,2466,230,3,2,2,0.67,38507,0
"231",39033,2017-04-01,2003-09-01,4961,231,5,1,2,0.2,39033,0
"232",39138,2017-04-01,2004-03-01,4779,232,4,1,2,0.25,39138,0
"233",39146,2017-04-01,2005-04-01,4383,233,4,3,2,0.75,39146,-1
"234",39179,2017-04-01,2004-07-01,4657,234,6,3,3,0.5,39179,-1
"235",39962,2017-04-01,2007-05-01,3623,235,8,5,2,0.62,39962,0
"236",40541,2017-04-01,2016-07-01,274,236,7,0,2,0,40541,NA
"237",40747,2017-04-01,2010-10-01,2374,237,4,3,1,0.75,40747,0
"238",41622,2017-04-01,2012-04-01,1826,238,9,5,2,0.56,41622,0
"239",41785,2016-08-01,2004-11-01,4291,239,5,3,3,0.6,41785,0
"240",42009,2017-04-01,2016-01-01,456,240,6,4,1,0.67,42009,0
"241",42049,2016-02-01,2008-07-01,2771,241,8,4,2,0.5,42049,0
"242",42175,2017-04-01,2016-08-01,243,242,5,3,2,0.6,42175,-1
"243",43069,2017-04-01,2007-04-01,3653,243,4,0,3,0,43069,0
"244",43283,2017-04-01,2016-05-01,335,244,3,0,2,0,43283,NA
"245",47057,2017-04-01,2010-12-01,2313,245,5,0,2,0,47057,0
"246",47089,2017-04-01,2010-12-01,2313,246,8,4,2,0.5,47089,-1
"247",47106,2016-10-01,2010-12-01,2131,247,5,1,2,0.2,47106,0
"248",47149,2017-04-01,2011-01-01,2282,248,6,3,3,0.5,47149,-1
"249",47157,2017-04-01,2011-01-01,2282,249,7,4,4,0.57,47157,0
"250",47220,2017-04-01,2016-05-01,335,250,9,4,3,0.44,47220,-1
"251",47253,2017-04-01,2011-01-01,2282,251,4,3,2,0.75,47253,0
"252",47271,2016-04-01,2011-01-01,1917,252,4,1,3,0.25,47271,0
"253",47289,2017-04-01,2011-02-01,2251,253,5,2,3,0.4,47289,-1
"254",47530,2017-04-01,2011-02-01,2251,254,5,3,2,0.6,47530,-1
"255",47536,2017-04-01,2011-02-01,2251,255,1,0,2,0,47536,0
"256",47572,2017-04-01,2016-11-01,151,256,7,4,3,0.57,47572,-1
"257",47573,2016-06-01,2012-09-01,1369,257,6,2,4,0.33,47573,-1
"258",47590,2017-04-01,2011-02-01,2251,258,8,3,2,0.38,47590,0
"259",47592,2017-04-01,2011-02-01,2251,259,7,1,3,0.14,47592,0
"260",47653,2017-04-01,2011-03-01,2223,260,5,1,3,0.2,47653,0
"261",47655,2016-10-01,2015-09-01,396,261,11,5,3,0.45,47655,-1
"262",47678,2017-04-01,2011-03-01,2223,262,10,2,3,0.2,47678,0
"263",47740,2016-09-01,2011-03-01,2011,263,5,2,2,0.4,47740,0
"264",47767,2016-08-01,2011-03-01,1980,264,10,8,2,0.8,47767,-1
"265",47775,2016-11-01,2011-03-01,2072,265,12,4,3,0.33,47775,0
"266",47804,2017-04-01,2016-10-01,182,266,3,2,2,0.67,47804,-1
"267",47829,2016-09-01,2009-02-01,2769,267,4,3,2,0.75,47829,0
"268",48227,2017-04-01,2010-02-01,2616,268,3,2,5,0.67,48227,0
"269",48241,2017-04-01,2010-02-01,2616,269,7,2,2,0.29,48241,0
"270",48256,2016-06-01,2009-08-01,2496,270,5,1,2,0.2,48256,1
"271",48289,2017-04-01,2016-09-01,212,271,6,3,2,0.5,48289,-1
"272",48296,2017-04-01,2016-05-01,335,272,9,8,2,0.89,48296,-1
"273",48337,2017-04-01,2011-02-01,2251,273,4,3,2,0.75,48337,-1
"274",48361,2017-01-01,2009-04-01,2832,274,6,4,3,0.67,48361,0
"275",48366,2016-04-01,2008-05-01,2892,275,5,1,2,0.2,48366,-1
"276",48398,2017-04-01,2009-05-01,2892,276,5,2,2,0.4,48398,0
"277",48433,2017-04-01,2009-03-01,2953,277,7,4,3,0.57,48433,-1
"278",48475,2017-04-01,2009-04-01,2922,278,7,5,3,0.71,48475,-1
"279",48488,2017-04-01,2009-11-01,2708,279,6,0,2,0,48488,-1
"280",48526,2017-04-01,2011-01-01,2282,280,5,4,3,0.8,48526,-1
"281",48532,2017-04-01,2010-03-01,2588,281,6,1,3,0.17,48532,0
"282",48539,2017-04-01,2009-02-01,2981,282,4,2,2,0.5,48539,-1
"283",48555,2016-08-01,2008-09-01,2891,283,6,3,3,0.5,48555,0
"284",48565,2016-05-01,2009-03-01,2618,284,3,0,2,0,48565,-1
"285",48613,2017-01-01,2010-02-01,2526,285,4,0,2,0,48613,-1
"286",48665,2017-04-01,2009-06-01,2861,286,3,0,2,0,48665,NA
"287",48717,2017-04-01,2009-04-01,2922,287,9,5,4,0.56,48717,-1
"288",48721,2016-05-01,2011-01-01,1947,288,5,4,4,0.8,48721,-1
"289",48753,2016-12-01,2008-08-01,3044,289,7,2,2,0.29,48753,0
"290",48756,2017-04-01,2009-12-01,2678,290,6,4,3,0.67,48756,0
"291",48776,2016-03-01,2009-05-01,2496,291,9,0,2,0,48776,NA
"292",48782,2016-12-01,2010-04-01,2436,292,3,1,2,0.33,48782,0
"293",48805,2017-04-01,2013-04-01,1461,293,11,8,3,0.73,48805,-1
"294",48810,2017-04-01,2008-07-01,3196,294,7,1,3,0.14,48810,0
"295",48817,2016-11-01,2008-11-01,2922,295,7,5,2,0.71,48817,0
"296",48820,2016-08-01,2008-10-01,2861,296,5,1,2,0.2,48820,-1
"297",48828,2017-04-01,2010-12-01,2313,297,5,3,3,0.6,48828,0
"298",48851,2017-04-01,2016-12-01,121,298,6,1,4,0.17,48851,0
"299",48879,2017-01-01,2009-09-01,2679,299,15,3,2,0.2,48879,-1
"300",48947,2017-01-01,2007-08-01,3441,300,7,3,2,0.43,48947,0
"301",49016,2017-04-01,2015-12-01,487,301,5,2,2,0.4,49016,0
"302",49055,2016-06-01,2009-05-01,2588,302,4,2,3,0.5,49055,0
"303",49081,2016-09-01,2008-04-01,3075,303,7,1,2,0.14,49081,-1
"304",49086,2017-04-01,2008-10-01,3104,304,4,1,2,0.25,49086,0
"305",49188,2016-06-01,2008-06-01,2922,305,7,0,3,0,49188,NA
"306",49410,2017-04-01,2016-01-01,456,306,11,3,2,0.27,49410,0
"307",49447,2017-01-01,2009-05-01,2802,307,8,1,4,0.12,49447,-1
"308",49456,2017-04-01,2009-02-01,2981,308,6,2,2,0.33,49456,-1
"309",49551,2017-04-01,2009-04-01,2922,309,4,1,2,0.25,49551,0
"310",49562,2017-04-01,2010-12-01,2313,310,3,0,2,0,49562,0
"311",49568,2017-04-01,2009-05-01,2892,311,6,4,4,0.67,49568,0
"312",49584,2016-11-01,2009-05-01,2741,312,5,4,3,0.8,49584,0
"313",49634,2017-04-01,2009-06-01,2861,313,6,2,2,0.33,49634,0
"314",49662,2016-03-01,2009-07-01,2435,314,7,3,3,0.43,49662,-1
"315",49678,2017-04-01,2009-07-01,2831,315,6,2,2,0.33,49678,-1
"316",49680,2017-04-01,2016-04-01,365,316,5,2,2,0.4,49680,0
"317",49689,2016-12-01,2009-07-01,2710,317,5,1,2,0.2,49689,0
"318",49740,2017-01-01,2015-10-01,458,318,5,3,2,0.6,49740,-1
"319",49870,2016-06-01,2010-10-01,2070,319,4,1,4,0.25,49870,0
"320",49946,2016-02-01,2016-01-01,31,320,8,4,2,0.5,49946,-1
"321",50096,2016-04-01,2010-07-01,2101,321,4,2,2,0.5,50096,0
"322",50199,2017-04-01,2010-10-01,2374,322,8,2,3,0.25,50199,-1
"323",50263,2017-01-01,2010-12-01,2223,323,7,4,2,0.57,50263,-1
"324",50545,2017-01-01,2012-06-01,1675,324,3,2,3,0.67,50545,0
"325",50644,2017-04-01,2009-09-01,2769,325,8,4,2,0.5,50644,-1
"326",50647,2017-01-01,2006-07-01,3837,326,4,3,3,0.75,50647,0
"327",50662,2017-04-01,2006-09-01,3865,327,6,4,3,0.67,50662,-1
"328",50805,2017-04-01,2011-04-01,2192,328,5,4,2,0.8,50805,0
"329",50813,2016-10-01,2011-04-01,2010,329,5,4,5,0.8,50813,0
"330",50815,2017-04-01,2011-04-01,2192,330,9,4,3,0.44,50815,-1
"331",50867,2017-04-01,2012-06-01,1765,331,6,3,3,0.5,50867,-1
"332",50874,2017-04-01,2011-04-01,2192,332,6,4,2,0.67,50874,0
"333",50942,2017-01-01,2011-05-01,2072,333,8,1,2,0.12,50942,0
"334",50985,2016-06-01,2009-11-01,2404,334,4,1,2,0.25,50985,0
"335",51053,2017-04-01,2011-05-01,2162,335,7,5,2,0.71,51053,-1
"336",51085,2017-04-01,2016-10-01,182,336,8,3,3,0.38,51085,0
"337",51098,2016-10-01,2011-06-01,1949,337,7,5,2,0.71,51098,-1
"338",51129,2016-06-01,2011-06-01,1827,338,7,2,4,0.29,51129,0
"339",51132,2017-04-01,2011-06-01,2131,339,5,4,2,0.8,51132,0
"340",51178,2017-04-01,2011-06-01,2131,340,3,1,2,0.33,51178,0
"341",51184,2017-04-01,2011-06-01,2131,341,5,4,2,0.8,51184,0
"342",51196,2017-04-01,2011-06-01,2131,342,4,2,2,0.5,51196,0
"343",51306,2017-04-01,2011-07-01,2101,343,8,3,2,0.38,51306,0
"344",51334,2016-06-01,2016-04-01,61,344,6,1,2,0.17,51334,0
"345",51337,2016-11-01,2011-07-01,1950,345,5,0,2,0,51337,NA
"346",51343,2016-04-01,2016-02-01,60,346,5,3,2,0.6,51343,0
"347",51388,2017-04-01,2011-07-01,2101,347,3,0,2,0,51388,NA
"348",51404,2016-03-01,2011-07-01,1705,348,6,2,3,0.33,51404,-1
"349",51416,2016-09-01,2011-07-01,1889,349,5,3,2,0.6,51416,0
"350",51473,2017-04-01,2011-08-01,2070,350,7,3,2,0.43,51473,-1
"351",51485,2016-08-01,2016-02-01,182,351,3,0,1,0,51485,NA
"352",51645,2017-04-01,2011-08-01,2070,352,9,4,3,0.44,51645,0
"353",51650,2016-07-01,2011-08-01,1796,353,8,4,2,0.5,51650,-1
"354",51689,2016-09-01,2011-08-01,1858,354,3,2,4,0.67,51689,0
"355",51692,2016-10-01,2011-08-01,1888,355,5,0,2,0,51692,NA
"356",51693,2016-12-01,2011-08-01,1949,356,7,2,2,0.29,51693,0
"357",51696,2017-01-01,2011-08-01,1980,357,5,2,2,0.4,51696,0
"358",51908,2017-04-01,2011-09-01,2039,358,6,2,4,0.33,51908,0
"359",51910,2017-04-01,2011-09-01,2039,359,7,5,1,0.71,51910,-1
"360",51922,2016-02-01,2011-09-01,1614,360,6,1,2,0.17,51922,0
"361",51950,2017-04-01,2016-12-01,121,361,10,4,5,0.4,51950,-1
"362",52005,2017-04-01,2011-09-01,2039,362,4,1,2,0.25,52005,0
"363",52058,2017-04-01,2011-09-01,2039,363,6,2,4,0.33,52058,-1
"364",52085,2017-04-01,2016-07-01,274,364,9,4,4,0.44,52085,0
"365",52145,2017-04-01,2011-10-01,2009,365,7,5,3,0.71,52145,-1
"366",52184,2016-06-01,2011-10-01,1705,366,6,2,2,0.33,52184,-1
"367",52204,2017-04-01,2016-09-01,212,367,4,3,2,0.75,52204,-1
"368",52223,2016-08-01,2011-10-01,1766,368,5,1,3,0.2,52223,0
"369",52239,2017-04-01,2016-09-01,212,369,14,2,2,0.14,52239,-1
"370",52276,2016-03-01,2011-11-01,1582,370,5,2,2,0.4,52276,0
"371",52283,2016-10-01,2011-11-01,1796,371,5,3,2,0.6,52283,0
"372",52302,2016-09-01,2016-03-01,184,372,9,4,2,0.44,52302,-1
"373",52338,2017-04-01,2011-11-01,1978,373,4,3,2,0.75,52338,-1
"374",52343,2016-11-01,2011-11-01,1827,374,6,3,2,0.5,52343,-1
"375",52359,2017-04-01,2016-10-01,182,375,6,2,2,0.33,52359,-1
"376",52372,2017-04-01,2011-11-01,1978,376,6,2,2,0.33,52372,0
"377",52375,2017-04-01,2011-11-01,1978,377,5,2,2,0.4,52375,0
"378",52396,2016-05-01,2016-03-01,61,378,5,1,2,0.2,52396,-1
"379",52405,2017-04-01,2015-12-01,487,379,5,3,3,0.6,52405,-1
"380",52485,2016-12-01,2011-12-01,1827,380,3,0,4,0,52485,NA
"381",52546,2016-03-01,2011-12-01,1552,381,5,3,3,0.6,52546,-1
"382",52552,2016-12-01,2011-12-01,1827,382,8,3,2,0.38,52552,0
"383",52761,2016-03-01,2012-02-01,1490,383,8,1,3,0.12,52761,-1
"384",52926,2017-04-01,2012-02-01,1886,384,5,1,2,0.2,52926,-1
"385",52937,2016-08-01,2012-02-01,1643,385,4,3,3,0.75,52937,0
"386",52947,2016-06-01,2015-07-01,336,386,6,2,4,0.33,52947,-1
"387",52964,2017-04-01,2012-03-01,1857,387,4,0,3,0,52964,NA
"388",52971,2016-12-01,2012-03-01,1736,388,5,0,2,0,52971,NA
"389",52976,2016-04-01,2011-11-01,1613,389,6,1,2,0.17,52976,0
"390",53000,2017-04-01,2012-03-01,1857,390,3,2,2,0.67,53000,0
"391",53005,2016-07-01,2012-03-01,1583,391,9,5,2,0.56,53005,-1
"392",53054,2017-04-01,2012-03-01,1857,392,3,2,2,0.67,53054,0
"393",53115,2016-12-01,2012-03-01,1736,393,5,2,2,0.4,53115,0
"394",53194,2016-03-01,2012-04-01,1430,394,4,1,2,0.25,53194,0
"395",53200,2017-04-01,2012-04-01,1826,395,7,2,2,0.29,53200,-1
"396",53205,2017-04-01,2012-04-01,1826,396,10,5,1,0.5,53205,0
"397",53215,2016-08-01,2012-04-01,1583,397,3,1,2,0.33,53215,0
"398",53264,2017-04-01,2012-04-01,1826,398,4,2,2,0.5,53264,0
"399",53266,2017-04-01,2012-04-01,1826,399,5,1,2,0.2,53266,0
"400",53282,2017-04-01,2012-04-01,1826,400,8,4,2,0.5,53282,0
"401",53305,2017-04-01,2012-04-01,1826,401,8,2,2,0.25,53305,-1
"402",53410,2017-01-01,2012-05-01,1706,402,5,0,2,0,53410,NA
"403",53426,2017-04-01,2012-05-01,1796,403,6,2,2,0.33,53426,0
"404",53432,2017-04-01,2012-05-01,1796,404,10,5,2,0.5,53432,0
"405",53446,2017-04-01,2012-05-01,1796,405,4,2,2,0.5,53446,0
"406",53534,2016-04-01,2012-05-01,1431,406,5,4,3,0.8,53534,0
"407",53561,2017-04-01,2012-05-01,1796,407,7,5,2,0.71,53561,-1
"408",53573,2017-01-01,2012-06-01,1675,408,5,1,2,0.2,53573,-1
"409",53575,2017-04-01,2012-06-01,1765,409,7,5,4,0.71,53575,0
"410",53603,2016-01-01,2012-06-01,1309,410,8,3,2,0.38,53603,-1
"411",53659,2017-04-01,2012-06-01,1765,411,5,3,3,0.6,53659,0
"412",53673,2017-04-01,2012-06-01,1765,412,6,3,2,0.5,53673,-1
"413",53679,2017-04-01,2016-05-01,335,413,3,1,1,0.33,53679,0
"414",53688,2017-04-01,2016-10-01,182,414,6,0,3,0,53688,NA
"415",53742,2017-04-01,2012-06-01,1765,415,6,2,2,0.33,53742,-1
"416",53793,2017-01-01,2016-04-01,275,416,9,5,3,0.56,53793,0
"417",53838,2017-04-01,2012-07-01,1735,417,3,1,3,0.33,53838,-1
"418",53929,2016-05-01,2012-07-01,1400,418,4,3,2,0.75,53929,-1
"419",53948,2016-09-01,2012-07-01,1523,419,5,2,2,0.4,53948,0
"420",54075,2017-01-01,2014-08-01,884,420,5,1,3,0.2,54075,0
"421",54083,2017-04-01,2016-02-01,425,421,7,4,2,0.57,54083,0
"422",54120,2017-04-01,2016-07-01,274,422,6,1,2,0.17,54120,0
"423",54125,2016-06-01,2012-08-01,1400,423,4,1,2,0.25,54125,-1
"424",54158,2017-01-01,2012-08-01,1614,424,5,2,2,0.4,54158,0
"425",54179,2017-04-01,2012-08-01,1704,425,10,7,3,0.7,54179,0
"426",54207,2017-04-01,2013-10-01,1278,426,6,5,2,0.83,54207,-1
"427",54231,2017-04-01,2013-03-01,1492,427,7,1,3,0.14,54231,-1
"428",54237,2016-07-01,2012-09-01,1399,428,2,1,3,0.5,54237,0
"429",54256,2017-01-01,2012-09-01,1583,429,5,1,2,0.2,54256,0
"430",54269,2016-07-01,2016-04-01,91,430,10,6,3,0.6,54269,0
"431",54285,2017-04-01,2016-09-01,212,431,4,0,2,0,54285,0
"432",54390,2016-09-01,2016-07-01,62,432,10,7,2,0.7,54390,-1
"433",54394,2016-11-01,2012-12-01,1431,433,6,3,2,0.5,54394,-1
"434",54427,2017-04-01,2012-10-01,1643,434,8,4,2,0.5,54427,0
"435",54505,2017-04-01,2012-10-01,1643,435,7,4,3,0.57,54505,-1
"436",54538,2017-04-01,2013-09-01,1308,436,8,1,1,0.12,54538,0
"437",54586,2016-10-01,2014-02-01,973,437,7,3,4,0.43,54586,-1
"438",54600,2017-04-01,2012-10-01,1643,438,6,1,2,0.17,54600,-1
"439",54642,2016-12-01,2012-11-01,1491,439,6,5,2,0.83,54642,-1
"440",54680,2017-04-01,2011-05-01,2162,440,5,3,3,0.6,54680,0
"441",54686,2017-04-01,2012-11-01,1612,441,6,4,2,0.67,54686,-1
"442",54748,2016-05-01,2012-11-01,1277,442,4,3,2,0.75,54748,-1
"443",54758,2016-12-01,2016-09-01,91,443,7,4,3,0.57,54758,0
"444",54781,2017-04-01,2012-11-01,1612,444,7,3,1,0.43,54781,-1
"445",54788,2016-05-01,2012-12-01,1247,445,5,3,2,0.6,54788,0
"446",54814,2017-04-01,2012-12-01,1582,446,3,0,2,0,54814,0
"447",54856,2016-10-01,2016-10-01,0,447,5,2,1,0.4,54856,-1
"448",54859,2017-04-01,2012-12-01,1582,448,7,2,2,0.29,54859,0
"449",54874,2017-04-01,2012-12-01,1582,449,15,4,3,0.27,54874,-1
"450",54935,2017-04-01,2013-01-01,1551,450,7,1,3,0.14,54935,0
"451",54949,2016-11-01,2013-01-01,1400,451,5,4,2,0.8,54949,-1
"452",54950,2017-04-01,2013-01-01,1551,452,11,6,2,0.55,54950,-1
"453",54954,2016-04-01,2013-01-01,1186,453,9,2,3,0.22,54954,0
"454",54968,2017-04-01,2013-01-01,1551,454,5,1,3,0.2,54968,0
"455",55040,2016-08-01,2016-10-01,-61,455,12,5,4,0.42,55040,-1
"456",55059,2017-04-01,2013-01-01,1551,456,4,2,2,0.5,55059,0
"457",55101,2016-06-01,2013-01-01,1247,457,4,2,2,0.5,55101,-1
"458",55112,2017-04-01,2016-10-01,182,458,10,6,2,0.6,55112,-1
"459",55133,2017-04-01,2016-12-01,121,459,5,3,2,0.6,55133,-1
"460",55136,2016-08-01,2012-12-01,1339,460,5,2,2,0.4,55136,0
"461",55175,2017-04-01,2013-01-01,1551,461,5,3,3,0.6,55175,-1
"462",55198,2016-03-01,2016-01-01,60,462,6,5,3,0.83,55198,-1
"463",55219,2017-04-01,2012-11-01,1612,463,6,2,3,0.33,55219,0
"464",55236,2016-06-01,2013-02-01,1216,464,5,4,2,0.8,55236,-1
"465",55245,2017-04-01,2013-02-01,1520,465,1,0,3,0,55245,-1
"466",55273,2017-04-01,2013-02-01,1520,466,3,1,2,0.33,55273,0
"467",55335,2017-04-01,2016-05-01,335,467,7,2,3,0.29,55335,-1
"468",55383,2017-04-01,2013-03-01,1492,468,6,1,2,0.17,55383,-1
"469",55392,2017-04-01,2013-03-01,1492,469,5,0,3,0,55392,0
"470",55504,2016-06-01,2013-03-01,1188,470,5,2,2,0.4,55504,0
"471",55525,2016-09-01,2013-03-01,1280,471,3,2,2,0.67,55525,0
"472",55600,2017-04-01,2014-12-01,852,472,13,8,3,0.62,55600,-1
"473",55615,2016-08-01,2013-04-01,1218,473,3,2,2,0.67,55615,0
"474",55623,2017-04-01,2016-06-01,304,474,6,2,2,0.33,55623,0
"475",55700,2016-08-01,2013-04-01,1218,475,8,3,3,0.38,55700,0
"476",55719,2017-04-01,2016-08-01,243,476,11,6,4,0.55,55719,-1
"477",55823,2017-04-01,2013-05-01,1431,477,8,2,2,0.25,55823,0
"478",55839,2017-04-01,2013-05-01,1431,478,3,1,3,0.33,55839,0
"479",55841,2016-04-01,2013-02-01,1155,479,8,0,2,0,55841,NA
"480",55869,2017-04-01,2013-05-01,1431,480,4,0,2,0,55869,-1
"481",55881,2017-04-01,2013-05-01,1431,481,10,9,2,0.9,55881,-1
"482",55993,2016-07-01,2013-06-01,1126,482,8,5,2,0.62,55993,-1
"483",56007,2017-04-01,2013-06-01,1400,483,5,2,2,0.4,56007,0
"484",56008,2017-04-01,2013-06-01,1400,484,7,3,3,0.43,56008,-1
"485",56103,2017-04-01,2013-07-01,1370,485,4,2,3,0.5,56103,0
"486",56115,2016-02-01,2013-06-01,975,486,5,1,2,0.2,56115,0
"487",56122,2017-04-01,2013-07-01,1370,487,6,1,3,0.17,56122,0
"488",56127,2016-12-01,2016-07-01,153,488,5,2,2,0.4,56127,0
"489",56141,2017-04-01,2013-07-01,1370,489,3,1,2,0.33,56141,-1
"490",56156,2017-02-01,2013-07-01,1311,490,9,1,2,0.11,56156,-1
"491",56183,2017-04-01,2013-06-01,1400,491,3,1,2,0.33,56183,0
"492",56191,2017-04-01,2016-02-01,425,492,6,0,3,0,56191,NA
"493",56197,2016-09-01,2013-07-01,1158,493,3,2,2,0.67,56197,0
"494",56237,2017-04-01,2013-06-01,1400,494,6,3,2,0.5,56237,-1
"495",56265,2017-01-01,2013-07-01,1280,495,3,1,1,0.33,56265,0
"496",56306,2017-04-01,2013-07-01,1370,496,11,1,2,0.09,56306,0
"497",56314,2017-01-01,2013-07-01,1280,497,4,2,2,0.5,56314,0
"498",56318,2017-04-01,2013-07-01,1370,498,7,4,2,0.57,56318,0
"499",56319,2017-04-01,2013-07-01,1370,499,6,2,2,0.33,56319,0
"500",56370,2016-09-01,2013-08-01,1127,500,5,2,2,0.4,56370,0
"501",56397,2017-04-01,2012-11-01,1612,501,8,5,3,0.62,56397,-1
"502",56405,2017-04-01,2013-08-01,1339,502,5,3,2,0.6,56405,0
"503",56490,2016-09-01,2013-08-01,1127,503,4,2,2,0.5,56490,0
"504",56499,2016-04-01,2013-08-01,974,504,3,2,2,0.67,56499,-1
"505",56504,2017-04-01,2016-07-01,274,505,5,1,2,0.2,56504,-1
"506",56525,2017-04-01,2016-08-01,243,506,5,1,3,0.2,56525,-1
"507",56531,2017-04-01,2013-05-01,1431,507,7,2,3,0.29,56531,0
"508",56538,2017-01-01,2013-08-01,1249,508,3,2,2,0.67,56538,0
"509",56549,2016-08-01,2013-09-01,1065,509,9,3,2,0.33,56549,-1
"510",56561,2017-01-01,2013-09-01,1218,510,4,3,2,0.75,56561,0
"511",56588,2017-04-01,2013-09-01,1308,511,8,3,2,0.38,56588,-1
"512",56638,2017-04-01,2016-01-01,456,512,10,4,2,0.4,56638,-1
"513",56660,2016-05-01,2016-03-01,61,513,9,6,2,0.67,56660,-1
"514",56685,2017-04-01,2013-10-01,1278,514,6,2,2,0.33,56685,0
"515",56693,2017-04-01,2013-10-01,1278,515,9,1,3,0.11,56693,0
"516",56725,2016-12-01,2013-10-01,1157,516,9,1,2,0.11,56725,0
"517",56744,2017-04-01,2013-10-01,1278,517,5,1,2,0.2,56744,-1
"518",56768,2017-01-01,2013-10-01,1188,518,6,2,2,0.33,56768,0
"519",56799,2017-04-01,2013-09-01,1308,519,5,2,2,0.4,56799,0
"520",56804,2017-04-01,2013-11-01,1247,520,5,2,3,0.4,56804,0
"521",56813,2017-04-01,2013-11-01,1247,521,9,5,2,0.56,56813,-1
"522",56840,2017-04-01,2014-11-01,882,522,9,5,3,0.56,56840,0
"523",56847,2016-06-01,2013-11-01,943,523,5,2,2,0.4,56847,0
"524",56860,2016-11-01,2013-11-01,1096,524,5,2,3,0.4,56860,-1
"525",56865,2017-01-01,2013-11-01,1157,525,3,2,2,0.67,56865,0
"526",56912,2016-03-01,2016-02-01,29,526,5,2,2,0.4,56912,0
"527",56925,2016-06-01,2013-12-01,913,527,6,2,2,0.33,56925,0
"528",57046,2017-04-01,2013-12-01,1217,528,3,0,2,0,57046,0
"529",57088,2016-11-01,2016-02-01,274,529,6,2,2,0.33,57088,0
"530",57145,2016-08-01,2014-01-01,943,530,3,0,2,0,57145,NA
"531",57158,2016-02-01,2014-01-01,761,531,3,2,2,0.67,57158,0
"532",57164,2017-04-01,2016-10-01,182,532,9,3,2,0.33,57164,-1
"533",57171,2016-12-01,2016-12-01,0,533,3,0,2,0,57171,-1
"534",57217,2017-04-01,2014-01-01,1186,534,3,2,2,0.67,57217,0
"535",57274,2016-12-01,2016-09-01,91,535,4,3,2,0.75,57274,0
"536",57303,2016-11-01,2014-02-01,1004,536,6,4,3,0.67,57303,0
"537",57410,2016-10-01,2013-12-01,1035,537,6,2,2,0.33,57410,0
"538",57436,2016-04-01,2014-02-01,790,538,3,1,2,0.33,57436,-1
"539",57444,2017-01-01,2013-11-01,1157,539,3,1,3,0.33,57444,0
"540",57490,2017-01-01,2014-03-01,1037,540,5,0,2,0,57490,NA
"541",57492,2017-04-01,2016-05-01,335,541,9,1,2,0.11,57492,-1
"542",57509,2017-04-01,2014-03-01,1127,542,8,3,3,0.38,57509,0
"543",57525,2017-04-01,2014-03-01,1127,543,4,1,2,0.25,57525,-1
"544",57556,2017-04-01,2014-03-01,1127,544,7,2,3,0.29,57556,-1
"545",57623,2016-06-01,2014-04-01,792,545,4,2,3,0.5,57623,-1
"546",57630,2017-04-01,2016-01-01,456,546,10,4,4,0.4,57630,0
"547",57663,2017-04-01,2014-04-01,1096,547,4,1,3,0.25,57663,0
"548",57683,2017-04-01,2014-04-01,1096,548,8,3,3,0.38,57683,0
"549",57697,2017-04-01,2014-04-01,1096,549,12,8,1,0.67,57697,-1
"550",57698,2017-01-01,2016-08-01,153,550,7,3,2,0.43,57698,-1
"551",57728,2017-04-01,2014-05-01,1066,551,6,1,2,0.17,57728,0
"552",57732,2017-01-01,2015-10-01,458,552,4,3,3,0.75,57732,0
"553",57744,2017-04-01,2014-03-01,1127,553,3,2,2,0.67,57744,0
"554",57759,2017-04-01,2016-12-01,121,554,6,0,2,0,57759,NA
"555",57816,2017-04-01,2014-04-01,1096,555,4,1,2,0.25,57816,0
"556",57840,2017-04-01,2014-04-01,1096,556,6,3,3,0.5,57840,0
"557",57870,2017-04-01,2016-03-01,396,557,5,2,1,0.4,57870,0
"558",57887,2016-10-01,2016-07-01,92,558,3,2,2,0.67,57887,-1
"559",57972,2017-04-01,2016-06-01,304,559,4,3,2,0.75,57972,-1
"560",58022,2017-04-01,2014-04-01,1096,560,6,2,2,0.33,58022,0
"561",58040,2016-11-01,2014-06-01,884,561,5,0,2,0,58040,-1
"562",58080,2017-04-01,2014-06-01,1035,562,4,2,3,0.5,58080,0
"563",58092,2017-04-01,2014-07-01,1005,563,4,3,2,0.75,58092,-1
"564",58181,2017-04-01,2014-07-01,1005,564,5,1,2,0.2,58181,0
"565",58232,2017-04-01,2016-08-01,243,565,11,4,2,0.36,58232,-1
"566",58245,2016-08-01,2014-07-01,762,566,5,3,3,0.6,58245,0
"567",58280,2017-04-01,2015-11-01,517,567,7,0,3,0,58280,-1
"568",58291,2017-04-01,2014-07-01,1005,568,11,2,3,0.18,58291,-1
"569",58302,2016-10-01,2014-08-01,792,569,3,0,2,0,58302,NA
"570",58339,2017-04-01,2015-02-01,790,570,8,5,2,0.62,58339,0
"571",58347,2017-04-01,2016-11-01,151,571,7,2,1,0.29,58347,-1
"572",58379,2017-04-01,2016-05-01,335,572,6,4,4,0.67,58379,0
"573",58381,2016-10-01,2016-03-01,214,573,3,1,2,0.33,58381,0
"574",58383,2016-10-01,2014-08-01,792,574,7,2,2,0.29,58383,0
"575",58406,2017-04-01,2014-08-01,974,575,3,2,2,0.67,58406,0
"576",58427,2016-10-01,2014-09-01,761,576,3,2,2,0.67,58427,-1
"577",58428,2017-04-01,2016-07-01,274,577,7,3,3,0.43,58428,-1
"578",58431,2016-12-01,2016-10-01,61,578,8,4,1,0.5,58431,0
"579",58447,2016-11-01,2016-09-01,61,579,9,1,2,0.11,58447,0
"580",58451,2016-12-01,2014-09-01,822,580,4,2,2,0.5,58451,0
"581",58463,2016-06-01,2014-08-01,670,581,5,3,2,0.6,58463,0
"582",58492,2017-04-01,2014-09-01,943,582,4,1,2,0.25,58492,0
"583",58552,2017-04-01,2016-06-01,304,583,8,3,2,0.38,58552,-1
"584",58561,2017-04-01,2014-09-01,943,584,6,3,2,0.5,58561,-1
"585",58583,2017-04-01,2016-08-01,243,585,14,6,3,0.43,58583,-1
"586",58618,2017-04-01,2014-10-01,913,586,6,2,2,0.33,58618,-1
"587",58638,2017-04-01,2014-10-01,913,587,5,3,3,0.6,58638,0
"588",58643,2017-04-01,2014-10-01,913,588,8,2,2,0.25,58643,0
"589",58668,2017-01-01,2014-10-01,823,589,3,0,2,0,58668,0
"590",58697,2017-04-01,2014-10-01,913,590,6,0,1,0,58697,-1
"591",58702,2016-10-01,2014-10-01,731,591,3,2,2,0.67,58702,0
"592",58704,2016-06-01,2014-10-01,609,592,6,4,2,0.67,58704,0
"593",58712,2017-02-01,2014-10-01,854,593,7,2,3,0.29,58712,-1
"594",58723,2017-04-01,2016-08-01,243,594,5,4,1,0.8,58723,-1
"595",58734,2016-04-01,2016-03-01,31,595,4,2,2,0.5,58734,-1
"596",58735,2016-05-01,2015-03-01,427,596,6,2,3,0.33,58735,0
"597",58761,2017-04-01,2015-09-01,578,597,1,0,3,0,58761,NA
"598",58784,2016-12-01,2014-10-01,792,598,8,4,2,0.5,58784,-1
"599",58787,2017-04-01,2016-03-01,396,599,5,0,1,0,58787,-1
"600",58802,2016-09-01,2014-11-01,670,600,4,3,3,0.75,58802,-1
"601",58824,2017-04-01,2016-12-01,121,601,14,5,3,0.36,58824,-1
"602",58844,2016-11-01,2014-12-01,701,602,5,3,2,0.6,58844,-1
"603",58857,2017-04-01,2014-12-01,852,603,8,2,2,0.25,58857,0
"604",58973,2017-04-01,2014-12-01,852,604,4,0,2,0,58973,-1
"605",58994,2016-08-01,2015-01-01,578,605,6,3,2,0.5,58994,0
"606",58998,2017-04-01,2014-12-01,852,606,5,3,2,0.6,58998,0
"607",58999,2016-06-01,2015-01-01,517,607,3,1,2,0.33,58999,0
"608",59012,2017-04-01,2016-01-01,456,608,5,3,2,0.6,59012,-1
"609",59034,2016-06-01,2016-03-01,92,609,6,2,2,0.33,59034,-1
"610",59036,2016-05-01,2016-03-01,61,610,7,5,2,0.71,59036,-1
"611",59054,2017-04-01,2015-01-01,821,611,5,3,2,0.6,59054,-1
"612",59086,2016-04-01,2015-01-01,456,612,3,1,2,0.33,59086,0
"613",59093,2016-09-01,2015-01-01,609,613,8,4,2,0.5,59093,-1
"614",59110,2017-04-01,2014-12-01,852,614,3,2,2,0.67,59110,-1
"615",59156,2016-12-01,2015-02-01,669,615,4,3,2,0.75,59156,-1
"616",59162,2016-10-01,2016-10-01,0,616,12,3,2,0.25,59162,-1
"617",59180,2016-04-01,2016-02-01,60,617,5,2,2,0.4,59180,0
"618",59226,2017-04-01,2015-02-01,790,618,11,3,2,0.27,59226,-1
"619",59233,2016-04-01,2016-02-01,60,619,6,5,2,0.83,59233,-1
"620",59263,2016-04-01,2014-07-01,640,620,8,1,3,0.12,59263,-1
"621",59282,2017-04-01,2015-01-01,821,621,5,1,1,0.2,59282,0
"622",59384,2017-04-01,2015-04-01,731,622,4,2,2,0.5,59384,0
"623",59398,2017-04-01,2016-12-01,121,623,5,2,2,0.4,59398,0
"624",59433,2017-04-01,2015-04-01,731,624,6,2,2,0.33,59433,0
"625",59457,2017-04-01,2015-04-01,731,625,7,4,3,0.57,59457,0
"626",59458,2017-04-01,2015-09-01,578,626,8,4,2,0.5,59458,-1
"627",59465,2017-04-01,2015-04-01,731,627,5,0,2,0,59465,NA
"628",59476,2016-06-01,2015-04-01,427,628,9,1,2,0.11,59476,0
"629",59486,2017-04-01,2015-04-01,731,629,6,4,2,0.67,59486,-1
"630",59512,2017-04-01,2015-05-01,701,630,3,2,2,0.67,59512,-1
"631",59576,2016-06-01,2015-05-01,397,631,5,2,2,0.4,59576,-1
"632",59592,2017-04-01,2016-12-01,121,632,7,4,2,0.57,59592,-1
"633",59605,2017-04-01,2015-05-01,701,633,3,2,2,0.67,59605,-1
"634",59632,2017-04-01,2016-08-01,243,634,3,2,2,0.67,59632,-1
"635",59661,2016-12-01,2015-05-01,580,635,3,2,2,0.67,59661,-1
"636",59663,2017-04-01,2015-05-01,701,636,2,1,2,0.5,59663,-1
"637",59677,2017-04-01,2015-05-01,701,637,4,1,2,0.25,59677,0
"638",59679,2017-04-01,2015-06-01,670,638,7,3,2,0.43,59679,-1
"639",59693,2017-04-01,2016-01-01,456,639,10,6,1,0.6,59693,-1
"640",59697,2017-04-01,2015-06-01,670,640,8,2,2,0.25,59697,-1
"641",59717,2017-04-01,2015-06-01,670,641,4,2,1,0.5,59717,-1
"642",59722,2017-04-01,2015-06-01,670,642,7,3,2,0.43,59722,-1
"643",59765,2016-12-01,2015-06-01,549,643,5,1,2,0.2,59765,0
"644",59783,2017-04-01,2015-06-01,670,644,3,1,1,0.33,59783,0
"645",59798,2017-04-01,2015-06-01,670,645,8,4,2,0.5,59798,-1
"646",59815,2017-04-01,2015-06-01,670,646,7,3,2,0.43,59815,0
"647",59841,2017-04-01,2015-07-01,640,647,5,2,2,0.4,59841,-1
"648",59855,2017-04-01,2015-07-01,640,648,5,2,2,0.4,59855,0
"649",59883,2017-04-01,2015-07-01,640,649,4,2,2,0.5,59883,0
"650",59888,2017-04-01,2016-12-01,121,650,10,4,2,0.4,59888,-1
"651",59899,2016-12-01,2015-07-01,519,651,6,1,2,0.17,59899,-1
"652",59906,2017-01-01,2015-07-01,550,652,10,5,2,0.5,59906,-1
"653",60003,2016-11-01,2015-08-01,458,653,5,1,2,0.2,60003,0
"654",60033,2017-04-01,2015-07-01,640,654,4,0,2,0,60033,NA
"655",60035,2017-04-01,2015-08-01,609,655,5,3,2,0.6,60035,0
"656",60064,2017-04-01,2015-08-01,609,656,3,2,2,0.67,60064,-1
"657",60071,2017-04-01,2015-08-01,609,657,4,0,2,0,60071,NA
"658",60083,2016-10-01,2015-08-01,427,658,3,1,2,0.33,60083,0
"659",60090,2016-07-01,2015-08-01,335,659,5,3,2,0.6,60090,-1
"660",60103,2016-08-01,2016-04-01,122,660,4,3,1,0.75,60103,-1
"661",60111,2017-04-01,2015-08-01,609,661,5,3,2,0.6,60111,-1
"662",60132,2017-04-01,2015-09-01,578,662,3,2,2,0.67,60132,0
"663",60133,2016-02-01,2015-08-01,184,663,3,1,2,0.33,60133,0
"664",60166,2017-04-01,2015-07-01,640,664,8,5,2,0.62,60166,-1
"665",60173,2017-04-01,2015-09-01,578,665,5,1,2,0.2,60173,0
"666",60180,2017-04-01,2016-10-01,182,666,5,2,2,0.4,60180,-1
"667",60205,2017-04-01,2015-09-01,578,667,6,3,2,0.5,60205,0
"668",60250,2017-04-01,2016-12-01,121,668,4,2,2,0.5,60250,0
"669",60298,2016-10-01,2016-08-01,61,669,7,3,2,0.43,60298,-1
"670",60334,2016-12-01,2016-07-01,153,670,4,2,2,0.5,60334,-1
"671",60372,2017-04-01,2015-10-01,548,671,5,1,2,0.2,60372,0
"672",60374,2017-04-01,2016-12-01,121,672,13,9,2,0.69,60374,-1
"673",60380,2017-04-01,2015-10-01,548,673,5,2,2,0.4,60380,0
"674",60383,2017-04-01,2015-10-01,548,674,5,2,2,0.4,60383,-1
"675",60400,2016-08-01,2015-10-01,305,675,5,0,2,0,60400,NA
"676",60410,2017-04-01,2016-11-01,151,676,11,3,2,0.27,60410,-1
"677",60414,2016-11-01,2015-10-01,397,677,6,2,2,0.33,60414,-1
"678",60416,2017-04-01,2015-10-01,548,678,3,0,2,0,60416,NA
"679",60441,2017-04-01,2015-11-01,517,679,3,1,2,0.33,60441,0
"680",60456,2017-04-01,2015-11-01,517,680,8,4,2,0.5,60456,-1
"681",60497,2017-04-01,2015-11-01,517,681,7,4,2,0.57,60497,0
"682",60516,2017-04-01,2015-11-01,517,682,7,5,2,0.71,60516,-1
"683",60533,2017-01-01,2015-11-01,427,683,3,2,2,0.67,60533,0
"684",60543,2017-01-01,2016-10-01,92,684,6,1,2,0.17,60543,0
"685",60549,2017-04-01,2015-12-01,487,685,5,2,2,0.4,60549,0
"686",60604,2017-04-01,2015-12-01,487,686,4,0,2,0,60604,NA
"687",60612,2017-04-01,2015-12-01,487,687,6,2,2,0.33,60612,-1
"688",60633,2017-04-01,2015-12-01,487,688,3,2,2,0.67,60633,0
"689",60639,2017-04-01,2016-02-01,425,689,12,5,2,0.42,60639,-1
"690",60643,2017-04-01,2015-12-01,487,690,2,0,2,0,60643,-1
"691",60671,2016-04-01,2015-12-01,122,691,4,0,2,0,60671,-1
"692",60680,2017-04-01,2015-12-01,487,692,7,4,2,0.57,60680,-1
"693",60694,2017-04-01,2015-11-01,517,693,4,3,1,0.75,60694,-1
"694",60697,2016-01-01,2016-01-01,0,694,5,1,1,0.2,60697,0
"695",60699,2016-02-01,2016-01-01,31,695,3,0,1,0,60699,NA
"696",60700,2017-04-01,2015-12-01,487,696,10,3,2,0.3,60700,-1
"697",60701,2016-03-01,2016-01-01,60,697,2,1,1,0.5,60701,0
"698",60706,2017-04-01,2016-01-01,456,698,5,2,2,0.4,60706,-1
"699",60707,2017-04-01,2016-01-01,456,699,3,0,1,0,60707,NA
"700",60710,2017-04-01,2016-01-01,456,700,7,2,1,0.29,60710,-1
"701",60713,2017-04-01,2016-01-01,456,701,4,3,1,0.75,60713,0
"702",60715,2016-01-01,2016-01-01,0,702,4,2,1,0.5,60715,-1
"703",60718,2016-05-01,2016-01-01,121,703,6,4,1,0.67,60718,-1
"704",60719,2016-01-01,2016-01-01,0,704,6,0,1,0,60719,NA
"705",60720,2016-05-01,2016-01-01,121,705,10,1,1,0.1,60720,0
"706",60723,2016-05-01,2016-01-01,121,706,4,2,1,0.5,60723,0
"707",60729,2016-05-01,2016-01-01,121,707,3,2,1,0.67,60729,0
"708",60730,2017-04-01,2016-01-01,456,708,4,1,1,0.25,60730,0
"709",60731,2016-11-01,2016-06-01,153,709,14,7,1,0.5,60731,-1
"710",60735,2016-01-01,2016-01-01,0,710,6,4,1,0.67,60735,-1
"711",60736,2016-08-01,2016-01-01,213,711,5,1,1,0.2,60736,-1
"712",60738,2016-09-01,2016-01-01,244,712,4,0,1,0,60738,NA
"713",60740,2016-08-01,2016-01-01,213,713,3,0,1,0,60740,NA
"714",60741,2016-07-01,2016-01-01,182,714,5,3,1,0.6,60741,-1
"715",60743,2017-04-01,2016-01-01,456,715,5,0,1,0,60743,NA
"716",60744,2016-04-01,2016-01-01,91,716,4,2,1,0.5,60744,0
"717",60745,2017-04-01,2016-01-01,456,717,4,0,1,0,60745,-1
"718",60747,2016-02-01,2016-01-01,31,718,7,1,1,0.14,60747,-1
"719",60750,2016-03-01,2016-01-01,60,719,6,3,1,0.5,60750,-1
"720",60752,2016-07-01,2016-01-01,182,720,3,2,1,0.67,60752,-1
"721",60753,2016-02-01,2016-01-01,31,721,9,2,1,0.22,60753,-1
"722",60755,2016-04-01,2016-01-01,91,722,2,1,1,0.5,60755,0
"723",60756,2016-03-01,2016-01-01,60,723,5,1,1,0.2,60756,-1
"724",60760,2016-02-01,2016-01-01,31,724,1,0,1,0,60760,0
"725",60762,2016-11-01,2016-01-01,305,725,5,2,1,0.4,60762,0
"726",60764,2017-04-01,2016-01-01,456,726,4,3,1,0.75,60764,0
"727",60766,2016-05-01,2016-01-01,121,727,4,0,1,0,60766,-1
"728",60767,2016-07-01,2016-01-01,182,728,3,2,1,0.67,60767,-1
"729",60770,2016-02-01,2016-01-01,31,729,4,0,1,0,60770,NA
"730",60771,2016-03-01,2016-01-01,60,730,6,4,1,0.67,60771,-1
"731",60772,2017-04-01,2016-01-01,456,731,4,3,1,0.75,60772,-1
"732",60774,2016-05-01,2016-01-01,121,732,3,0,1,0,60774,NA
"733",60777,2016-12-01,2016-01-01,335,733,4,1,1,0.25,60777,-1
"734",60781,2016-11-01,2016-01-01,305,734,3,1,1,0.33,60781,0
"735",60782,2016-10-01,2016-01-01,274,735,7,1,1,0.14,60782,0
"736",60787,2016-06-01,2016-01-01,152,736,2,1,1,0.5,60787,0
"737",60788,2016-06-01,2016-03-01,92,737,6,2,1,0.33,60788,0
"738",60789,2017-04-01,2016-01-01,456,738,7,4,1,0.57,60789,0
"739",60793,2017-04-01,2016-02-01,425,739,7,2,1,0.29,60793,-1
"740",60794,2017-04-01,2016-02-01,425,740,3,1,1,0.33,60794,0
"741",60799,2016-09-01,2016-02-01,213,741,5,2,1,0.4,60799,0
"742",60806,2016-09-01,2016-02-01,213,742,3,2,1,0.67,60806,0
"743",60807,2016-05-01,2016-01-01,121,743,4,0,1,0,60807,NA
"744",60811,2016-10-01,2016-02-01,243,744,3,0,1,0,60811,NA
"745",60814,2016-04-01,2016-01-01,91,745,5,1,1,0.2,60814,1
"746",60817,2016-11-01,2016-01-01,305,746,8,0,2,0,60817,NA
"747",60818,2016-06-01,2016-02-01,121,747,7,4,1,0.57,60818,-1
"748",60820,2017-04-01,2016-01-01,456,748,5,0,1,0,60820,-1
"749",60821,2016-02-01,2016-01-01,31,749,4,3,1,0.75,60821,-1
"750",60822,2017-04-01,2016-02-01,425,750,4,2,1,0.5,60822,0
"751",60823,2017-04-01,2016-02-01,425,751,4,1,1,0.25,60823,0
"752",60825,2017-04-01,2016-02-01,425,752,3,1,1,0.33,60825,-1
"753",60829,2016-02-01,2016-01-01,31,753,4,0,1,0,60829,-1
"754",60836,2016-06-01,2016-02-01,121,754,4,2,1,0.5,60836,0
"755",60838,2016-09-01,2016-02-01,213,755,3,2,2,0.67,60838,-1
"756",60839,2016-07-01,2016-02-01,151,756,3,2,1,0.67,60839,0
"757",60841,2016-03-01,2016-02-01,29,757,1,0,1,0,60841,0
"758",60842,2016-11-01,2016-02-01,274,758,3,1,1,0.33,60842,0
"759",60843,2016-04-01,2016-02-01,60,759,7,6,1,0.86,60843,-1
"760",60847,2016-12-01,2016-02-01,304,760,5,2,1,0.4,60847,0
"761",60850,2016-10-01,2016-01-01,274,761,5,3,1,0.6,60850,-1
"762",60852,2017-04-01,2016-01-01,456,762,4,1,1,0.25,60852,0
"763",60853,2016-02-01,2016-02-01,0,763,3,1,1,0.33,60853,0
"764",60854,2016-04-01,2016-01-01,91,764,5,1,1,0.2,60854,0
"765",60856,2017-04-01,2016-04-01,365,765,6,1,1,0.17,60856,0
"766",60857,2016-09-01,2016-01-01,244,766,5,2,1,0.4,60857,0
"767",60859,2016-08-01,2016-02-01,182,767,3,0,1,0,60859,NA
"768",60862,2017-04-01,2016-02-01,425,768,4,2,1,0.5,60862,0
"769",60863,2017-04-01,2016-02-01,425,769,5,1,1,0.2,60863,0
"770",60864,2016-12-01,2016-10-01,61,770,6,5,2,0.83,60864,0
"771",60869,2016-02-01,2016-02-01,0,771,4,1,1,0.25,60869,0
"772",60870,2017-04-01,2016-02-01,425,772,3,2,1,0.67,60870,0
"773",60871,2017-04-01,2016-02-01,425,773,4,3,1,0.75,60871,0
"774",60872,2016-05-01,2016-02-01,90,774,5,4,1,0.8,60872,-1
"775",60873,2016-06-01,2016-02-01,121,775,4,3,1,0.75,60873,-1
"776",60874,2016-06-01,2016-02-01,121,776,3,0,1,0,60874,0
"777",60875,2016-03-01,2016-02-01,29,777,3,0,1,0,60875,NA
"778",60876,2016-06-01,2016-02-01,121,778,5,2,1,0.4,60876,-1
"779",60877,2016-04-01,2016-02-01,60,779,3,0,1,0,60877,NA
"780",60878,2017-04-01,2016-02-01,425,780,3,1,1,0.33,60878,0
"781",60882,2017-04-01,2016-02-01,425,781,3,1,1,0.33,60882,-1
"782",60883,2016-12-01,2016-02-01,304,782,7,3,2,0.43,60883,-1
"783",60884,2016-05-01,2016-02-01,90,783,5,1,1,0.2,60884,1
"784",60885,2016-04-01,2016-02-01,60,784,5,0,1,0,60885,NA
"785",60888,2017-04-01,2016-02-01,425,785,3,1,2,0.33,60888,0
"786",60889,2016-04-01,2016-02-01,60,786,6,0,1,0,60889,NA
"787",60890,2017-04-01,2016-02-01,425,787,4,2,1,0.5,60890,-1
"788",60893,2016-08-01,2016-02-01,182,788,4,0,1,0,60893,-1
"789",60895,2016-10-01,2016-02-01,243,789,2,1,1,0.5,60895,0
"790",60896,2017-04-01,2016-02-01,425,790,5,1,1,0.2,60896,0
"791",60897,2016-07-01,2016-02-01,151,791,3,2,1,0.67,60897,0
"792",60900,2017-04-01,2016-05-01,335,792,14,2,2,0.14,60900,0
"793",60901,2016-02-01,2016-02-01,0,793,3,1,1,0.33,60901,-1
"794",60902,2017-04-01,2016-02-01,425,794,2,1,1,0.5,60902,0
"795",60903,2017-04-01,2016-02-01,425,795,7,3,1,0.43,60903,-1
"796",60904,2016-04-01,2016-02-01,60,796,4,2,1,0.5,60904,-1
"797",60906,2016-11-01,2016-02-01,274,797,2,1,1,0.5,60906,-1
"798",60907,2017-04-01,2016-06-01,304,798,15,8,1,0.53,60907,-1
"799",60908,2016-04-01,2016-02-01,60,799,5,3,1,0.6,60908,-1
"800",60909,2017-04-01,2016-02-01,425,800,8,1,1,0.12,60909,-1
"801",60914,2017-04-01,2016-02-01,425,801,7,4,1,0.57,60914,-1
"802",60915,2017-04-01,2016-02-01,425,802,3,0,2,0,60915,NA
"803",60916,2016-05-01,2016-02-01,90,803,5,1,1,0.2,60916,-1
"804",60919,2017-04-01,2016-09-01,212,804,5,1,1,0.2,60919,0
"805",60920,2017-04-01,2016-03-01,396,805,2,1,1,0.5,60920,-1
"806",60921,2016-02-01,2016-02-01,0,806,5,3,1,0.6,60921,-1
"807",60923,2016-04-01,2016-03-01,31,807,6,1,1,0.17,60923,-1
"808",60925,2016-07-01,2016-03-01,122,808,7,2,1,0.29,60925,-1
"809",60928,2016-07-01,2016-03-01,122,809,4,0,1,0,60928,NA
"810",60929,2017-02-01,2016-03-01,337,810,3,0,1,0,60929,-1
"811",60930,2017-04-01,2016-01-01,456,811,3,1,1,0.33,60930,0
"812",60932,2017-04-01,2016-03-01,396,812,4,2,1,0.5,60932,-1
"813",60937,2016-11-01,2016-02-01,274,813,4,3,1,0.75,60937,0
"814",60938,2016-03-01,2016-03-01,0,814,7,0,1,0,60938,NA
"815",60943,2017-04-01,2016-03-01,396,815,4,1,1,0.25,60943,-1
"816",60945,2016-05-01,2016-03-01,61,816,4,1,1,0.25,60945,0
"817",60946,2017-04-01,2016-03-01,396,817,7,1,1,0.14,60946,0
"818",60948,2017-04-01,2016-03-01,396,818,5,3,1,0.6,60948,-1
"819",60949,2017-04-01,2016-03-01,396,819,4,2,1,0.5,60949,0
"820",60950,2016-12-01,2016-03-01,275,820,7,3,2,0.43,60950,-1
"821",60951,2016-05-01,2016-03-01,61,821,3,1,1,0.33,60951,0
"822",60953,2017-04-01,2016-03-01,396,822,6,4,1,0.67,60953,0
"823",60961,2016-04-01,2016-03-01,31,823,2,1,1,0.5,60961,0
"824",60962,2016-07-01,2016-03-01,122,824,5,2,1,0.4,60962,-1
"825",60964,2016-06-01,2016-03-01,92,825,5,1,1,0.2,60964,0
"826",60966,2016-06-01,2016-03-01,92,826,3,2,1,0.67,60966,0
"827",60967,2016-05-01,2016-03-01,61,827,4,2,1,0.5,60967,-1
"828",60968,2016-07-01,2016-03-01,122,828,4,0,1,0,60968,NA
"829",60969,2017-04-01,2016-03-01,396,829,5,1,1,0.2,60969,0
"830",60970,2016-05-01,2016-03-01,61,830,6,2,1,0.33,60970,-1
"831",60971,2016-06-01,2016-03-01,92,831,5,0,1,0,60971,NA
"832",60972,2016-03-01,2016-03-01,0,832,6,2,1,0.33,60972,0
"833",60975,2016-05-01,2016-03-01,61,833,6,5,1,0.83,60975,-1
"834",60978,2017-04-01,2016-03-01,396,834,9,3,3,0.33,60978,-1
"835",60979,2017-04-01,2016-03-01,396,835,6,0,1,0,60979,NA
"836",60980,2016-05-01,2016-03-01,61,836,4,0,1,0,60980,NA
"837",60983,2016-07-01,2016-03-01,122,837,5,1,1,0.2,60983,1
"838",60984,2016-08-01,2016-03-01,153,838,4,2,1,0.5,60984,0
"839",60986,2016-08-01,2016-03-01,153,839,6,5,1,0.83,60986,0
"840",60988,2016-11-01,2016-03-01,245,840,3,1,1,0.33,60988,-1
"841",60989,2016-04-01,2016-03-01,31,841,6,5,1,0.83,60989,0
"842",60990,2017-04-01,2016-03-01,396,842,6,1,1,0.17,60990,0
"843",60991,2016-11-01,2016-03-01,245,843,3,2,1,0.67,60991,0
"844",60994,2017-04-01,2016-03-01,396,844,8,1,1,0.12,60994,-1
"845",60995,2016-10-01,2016-03-01,214,845,4,2,1,0.5,60995,-1
"846",60996,2016-04-01,2016-03-01,31,846,4,1,1,0.25,60996,0
"847",60998,2016-03-01,2016-03-01,0,847,2,0,1,0,60998,0
"848",61000,2017-04-01,2016-03-01,396,848,3,0,1,0,61000,-1
"849",61002,2017-04-01,2016-07-01,274,849,4,1,1,0.25,61002,0
"850",61003,2017-04-01,2016-03-01,396,850,5,3,1,0.6,61003,0
"851",61005,2016-04-01,2016-03-01,31,851,4,1,1,0.25,61005,1
"852",61006,2017-04-01,2016-03-01,396,852,4,0,1,0,61006,NA
"853",61010,2016-08-01,2016-03-01,153,853,2,0,1,0,61010,NA
"854",61011,2017-04-01,2016-03-01,396,854,5,1,1,0.2,61011,0
"855",61014,2017-04-01,2016-03-01,396,855,4,2,2,0.5,61014,-1
"856",61015,2016-08-01,2016-03-01,153,856,3,1,1,0.33,61015,0
"857",61020,2016-07-01,2016-03-01,122,857,3,1,1,0.33,61020,-1
"858",61022,2016-07-01,2016-03-01,122,858,4,1,1,0.25,61022,0
"859",61023,2017-04-01,2016-03-01,396,859,6,1,1,0.17,61023,0
"860",61024,2016-07-01,2016-03-01,122,860,3,2,1,0.67,61024,-1
"861",61025,2017-04-01,2016-10-01,182,861,10,5,1,0.5,61025,-1
"862",61026,2016-04-01,2016-03-01,31,862,4,2,1,0.5,61026,0
"863",61029,2017-04-01,2016-03-01,396,863,5,4,1,0.8,61029,-1
"864",61033,2017-04-01,2016-03-01,396,864,3,0,1,0,61033,NA
"865",61035,2016-04-01,2016-01-01,91,865,5,1,1,0.2,61035,-1
"866",61037,2017-01-01,2016-03-01,306,866,9,2,1,0.22,61037,-1
"867",61039,2016-10-01,2016-03-01,214,867,4,3,1,0.75,61039,0
"868",61040,2016-05-01,2016-03-01,61,868,7,2,1,0.29,61040,-1
"869",61041,2016-05-01,2016-03-01,61,869,7,1,1,0.14,61041,1
"870",61043,2017-04-01,2016-03-01,396,870,7,2,1,0.29,61043,0
"871",61044,2016-04-01,2016-03-01,31,871,5,2,1,0.4,61044,0
"872",61045,2017-04-01,2016-03-01,396,872,3,1,1,0.33,61045,0
"873",61047,2016-09-01,2016-03-01,184,873,4,2,1,0.5,61047,-1
"874",61053,2016-05-01,2016-04-01,30,874,3,0,1,0,61053,NA
"875",61054,2016-11-01,2016-04-01,214,875,3,1,1,0.33,61054,0
"876",61055,2016-05-01,2016-03-01,61,876,5,1,1,0.2,61055,-1
"877",61056,2016-04-01,2016-03-01,31,877,5,3,1,0.6,61056,-1
"878",61057,2017-04-01,2016-04-01,365,878,6,2,1,0.33,61057,0
"879",61058,2016-07-01,2016-04-01,91,879,5,1,1,0.2,61058,-1
"880",61060,2016-07-01,2016-04-01,91,880,5,2,1,0.4,61060,0
"881",61061,2016-05-01,2016-04-01,30,881,5,1,1,0.2,61061,0
"882",61062,2016-08-01,2016-04-01,122,882,3,0,1,0,61062,NA
"883",61063,2017-04-01,2016-03-01,396,883,3,2,1,0.67,61063,0
"884",61064,2017-04-01,2016-04-01,365,884,6,3,1,0.5,61064,-1
"885",61065,2017-04-01,2016-04-01,365,885,4,2,1,0.5,61065,-1
"886",61066,2016-10-01,2016-04-01,183,886,4,2,1,0.5,61066,-1
"887",61067,2016-07-01,2016-04-01,91,887,7,2,1,0.29,61067,-1
"888",61068,2017-04-01,2016-04-01,365,888,3,2,1,0.67,61068,0
"889",61071,2017-04-01,2016-04-01,365,889,5,2,1,0.4,61071,0
"890",61073,2017-04-01,2016-04-01,365,890,6,2,1,0.33,61073,0
"891",61074,2016-07-01,2016-04-01,91,891,8,3,1,0.38,61074,0
"892",61080,2016-10-01,2016-04-01,183,892,5,1,1,0.2,61080,0
"893",61083,2017-04-01,2016-04-01,365,893,6,3,2,0.5,61083,0
"894",61084,2017-04-01,2016-04-01,365,894,3,1,1,0.33,61084,-1
"895",61085,2016-05-01,2016-04-01,30,895,3,1,1,0.33,61085,0
"896",61086,2016-04-01,2016-04-01,0,896,4,0,1,0,61086,NA
"897",61089,2016-09-01,2016-04-01,153,897,5,0,1,0,61089,NA
"898",61095,2016-09-01,2016-04-01,153,898,6,3,1,0.5,61095,-1
"899",61096,2017-04-01,2016-04-01,365,899,4,1,2,0.25,61096,0
"900",61100,2017-04-01,2016-04-01,365,900,4,2,1,0.5,61100,-1
"901",61101,2017-04-01,2016-04-01,365,901,4,1,1,0.25,61101,0
"902",61103,2016-08-01,2016-04-01,122,902,3,0,1,0,61103,NA
"903",61104,2016-08-01,2016-04-01,122,903,5,1,1,0.2,61104,0
"904",61106,2016-04-01,2016-04-01,0,904,9,5,1,0.56,61106,-1
"905",61109,2016-08-01,2016-04-01,122,905,5,1,1,0.2,61109,0
"906",61110,2016-11-01,2016-06-01,153,906,12,4,1,0.33,61110,-1
"907",61111,2016-12-01,2016-04-01,244,907,3,0,1,0,61111,NA
"908",61112,2017-04-01,2016-04-01,365,908,6,3,1,0.5,61112,-1
"909",61115,2016-09-01,2016-04-01,153,909,3,0,1,0,61115,NA
"910",61116,2016-11-01,2016-04-01,214,910,5,3,1,0.6,61116,-1
"911",61117,2017-04-01,2016-04-01,365,911,11,4,1,0.36,61117,-1
"912",61118,2016-07-01,2016-04-01,91,912,4,3,1,0.75,61118,0
"913",61119,2016-04-01,2016-04-01,0,913,2,0,1,0,61119,NA
"914",61120,2017-04-01,2016-04-01,365,914,1,0,1,0,61120,0
"915",61121,2017-04-01,2016-04-01,365,915,6,4,1,0.67,61121,0
"916",61122,2016-07-01,2016-04-01,91,916,4,1,1,0.25,61122,0
"917",61123,2016-07-01,2016-04-01,91,917,3,0,1,0,61123,NA
"918",61128,2017-04-01,2016-04-01,365,918,6,1,1,0.17,61128,0
"919",61129,2017-04-01,2016-05-01,335,919,7,3,1,0.43,61129,0
"920",61130,2016-06-01,2016-04-01,61,920,3,0,1,0,61130,-1
"921",61133,2016-08-01,2016-04-01,122,921,4,0,1,0,61133,NA
"922",61134,2016-04-01,2016-03-01,31,922,10,5,1,0.5,61134,-1
"923",61135,2016-06-01,2016-04-01,61,923,3,0,1,0,61135,NA
"924",61136,2016-05-01,2016-04-01,30,924,4,0,1,0,61136,NA
"925",61137,2016-06-01,2016-04-01,61,925,6,5,1,0.83,61137,-1
"926",61142,2016-10-01,2016-04-01,183,926,7,1,1,0.14,61142,-1
"927",61144,2017-04-01,2016-04-01,365,927,6,0,1,0,61144,NA
"928",61145,2017-04-01,2016-04-01,365,928,5,2,1,0.4,61145,0
"929",61146,2016-06-01,2016-04-01,61,929,3,1,1,0.33,61146,0
"930",61148,2017-04-01,2016-04-01,365,930,7,4,1,0.57,61148,-1
"931",61151,2017-01-01,2016-04-01,275,931,4,1,1,0.25,61151,-1
"932",61152,2016-12-01,2016-04-01,244,932,7,4,1,0.57,61152,-1
"933",61156,2017-04-01,2016-04-01,365,933,5,3,1,0.6,61156,-1
"934",61158,2017-04-01,2016-04-01,365,934,16,7,1,0.44,61158,0
"935",61159,2016-06-01,2016-04-01,61,935,4,0,1,0,61159,NA
"936",61160,2017-04-01,2016-04-01,365,936,2,0,1,0,61160,0
"937",61162,2017-04-01,2016-06-01,304,937,3,2,1,0.67,61162,0
"938",61163,2017-04-01,2016-04-01,365,938,7,1,1,0.14,61163,0
"939",61164,2016-07-01,2016-04-01,91,939,1,0,1,0,61164,0
"940",61166,2017-04-01,2016-04-01,365,940,5,3,1,0.6,61166,-1
"941",61167,2016-12-01,2016-05-01,214,941,3,1,1,0.33,61167,0
"942",61168,2016-12-01,2016-05-01,214,942,6,1,1,0.17,61168,0
"943",61170,2016-08-01,2016-05-01,92,943,5,1,1,0.2,61170,0
"944",61171,2016-07-01,2016-05-01,61,944,5,1,1,0.2,61171,-1
"945",61175,2016-09-01,2016-05-01,123,945,3,1,1,0.33,61175,0
"946",61176,2016-11-01,2016-05-01,184,946,3,1,1,0.33,61176,0
"947",61179,2017-04-01,2016-05-01,335,947,6,4,1,0.67,61179,-1
"948",61180,2016-06-01,2016-06-01,0,948,2,1,1,0.5,61180,0
"949",61181,2016-11-01,2016-05-01,184,949,6,2,1,0.33,61181,0
"950",61186,2016-12-01,2016-05-01,214,950,10,2,1,0.2,61186,0
"951",61190,2017-04-01,2016-07-01,274,951,5,4,1,0.8,61190,-1
"952",61191,2017-04-01,2016-05-01,335,952,7,2,1,0.29,61191,-1
"953",61192,2017-04-01,2016-05-01,335,953,5,2,1,0.4,61192,-1
"954",61198,2016-05-01,2016-04-01,30,954,2,0,1,0,61198,NA
"955",61200,2016-05-01,2016-04-01,30,955,4,0,1,0,61200,NA
"956",61206,2016-06-01,2016-05-01,31,956,3,1,1,0.33,61206,-1
"957",61208,2017-04-01,2016-06-01,304,957,5,1,1,0.2,61208,0
"958",61210,2016-09-01,2016-05-01,123,958,4,2,1,0.5,61210,1
"959",61212,2016-05-01,2016-05-01,0,959,4,0,1,0,61212,NA
"960",61214,2016-09-01,2016-09-01,0,960,1,0,1,0,61214,0
"961",61215,2017-04-01,2016-05-01,335,961,2,1,1,0.5,61215,0
"962",61216,2016-12-01,2016-05-01,214,962,5,1,1,0.2,61216,0
"963",61217,2017-01-01,2016-05-01,245,963,3,2,1,0.67,61217,0
"964",61218,2016-08-01,2016-05-01,92,964,8,1,1,0.12,61218,0
"965",61219,2016-08-01,2016-05-01,92,965,5,2,1,0.4,61219,-1
"966",61220,2017-04-01,2016-05-01,335,966,3,1,1,0.33,61220,0
"967",61224,2016-10-01,2016-05-01,153,967,3,2,1,0.67,61224,0
"968",61227,2016-05-01,2016-05-01,0,968,3,1,1,0.33,61227,0
"969",61235,2016-10-01,2016-05-01,153,969,3,2,1,0.67,61235,0
"970",61240,2017-04-01,2016-05-01,335,970,3,2,1,0.67,61240,-1
"971",61242,2017-04-01,2016-05-01,335,971,4,2,1,0.5,61242,0
"972",61243,2016-09-01,2016-05-01,123,972,4,1,1,0.25,61243,-1
"973",61246,2016-08-01,2016-05-01,92,973,3,2,1,0.67,61246,0
"974",61247,2017-04-01,2016-05-01,335,974,3,1,1,0.33,61247,0
"975",61249,2017-04-01,2016-05-01,335,975,3,1,1,0.33,61249,0
"976",61253,2017-04-01,2016-05-01,335,976,1,0,1,0,61253,0
"977",61254,2016-06-01,2016-05-01,31,977,9,2,1,0.22,61254,-1
"978",61255,2017-04-01,2016-05-01,335,978,5,4,1,0.8,61255,0
"979",61256,2016-08-01,2016-04-01,122,979,5,2,1,0.4,61256,-1
"980",61257,2016-07-01,2016-05-01,61,980,4,2,1,0.5,61257,0
"981",61260,2016-06-01,2016-04-01,61,981,5,2,1,0.4,61260,-1
"982",61261,2017-01-01,2016-05-01,245,982,5,2,1,0.4,61261,0
"983",61262,2017-04-01,2016-05-01,335,983,16,5,1,0.31,61262,-1
"984",61264,2017-04-01,2016-05-01,335,984,2,0,1,0,61264,0
"985",61265,2017-04-01,2016-05-01,335,985,4,2,1,0.5,61265,-1
"986",61269,2017-04-01,2016-05-01,335,986,5,1,1,0.2,61269,0
"987",61271,2016-10-01,2016-05-01,153,987,3,2,1,0.67,61271,-1
"988",61274,2017-04-01,2016-08-01,243,988,8,4,1,0.5,61274,0
"989",61275,2016-07-01,2016-05-01,61,989,3,1,1,0.33,61275,0
"990",61278,2017-04-01,2016-05-01,335,990,3,1,1,0.33,61278,0
"991",61279,2016-06-01,2016-05-01,31,991,4,2,1,0.5,61279,-1
"992",61282,2017-04-01,2016-06-01,304,992,1,0,1,0,61282,NA
"993",61283,2017-04-01,2016-06-01,304,993,3,1,1,0.33,61283,0
"994",61285,2017-04-01,2016-05-01,335,994,9,2,1,0.22,61285,-1
"995",61286,2017-04-01,2016-05-01,335,995,10,4,1,0.4,61286,-1
"996",61290,2016-11-01,2016-05-01,184,996,6,3,1,0.5,61290,-1
"997",61295,2017-04-01,2016-05-01,335,997,4,3,1,0.75,61295,0
"998",61296,2017-04-01,2016-05-01,335,998,1,0,1,0,61296,NA
"999",61297,2017-04-01,2016-06-01,304,999,4,0,1,0,61297,NA
"1000",61301,2016-06-01,2016-05-01,31,1000,4,2,1,0.5,61301,-1
"1001",61303,2017-04-01,2016-05-01,335,1001,4,2,1,0.5,61303,0
"1002",61308,2016-09-01,2016-06-01,92,1002,4,2,1,0.5,61308,-1
"1003",61309,2017-04-01,2016-06-01,304,1003,5,3,1,0.6,61309,-1
"1004",61311,2016-06-01,2016-06-01,0,1004,4,2,1,0.5,61311,0
"1005",61312,2016-08-01,2016-06-01,61,1005,4,0,1,0,61312,NA
"1006",61315,2017-04-01,2016-06-01,304,1006,2,0,1,0,61315,NA
"1007",61320,2017-04-01,2016-06-01,304,1007,6,2,1,0.33,61320,-1
"1008",61321,2017-04-01,2016-06-01,304,1008,9,4,1,0.44,61321,0
"1009",61325,2016-08-01,2016-05-01,92,1009,6,3,1,0.5,61325,0
"1010",61328,2017-04-01,2016-06-01,304,1010,3,1,1,0.33,61328,0
"1011",61330,2017-04-01,2016-06-01,304,1011,2,0,1,0,61330,NA
"1012",61331,2017-04-01,2016-08-01,243,1012,4,2,1,0.5,61331,-1
"1013",61338,2016-10-01,2016-06-01,122,1013,5,2,1,0.4,61338,-1
"1014",61342,2017-04-01,2016-12-01,121,1014,6,2,1,0.33,61342,-1
"1015",61343,2017-04-01,2016-06-01,304,1015,10,5,1,0.5,61343,0
"1016",61345,2017-04-01,2016-06-01,304,1016,3,1,1,0.33,61345,0
"1017",61346,2016-11-01,2016-06-01,153,1017,4,1,1,0.25,61346,1
"1018",61347,2016-06-01,2016-06-01,0,1018,7,5,1,0.71,61347,-1
"1019",61348,2016-09-01,2016-05-01,123,1019,3,2,1,0.67,61348,-1
"1020",61349,2016-08-01,2016-06-01,61,1020,3,1,1,0.33,61349,0
"1021",61350,2016-09-01,2016-05-01,123,1021,4,2,1,0.5,61350,-1
"1022",61351,2016-12-01,2016-06-01,183,1022,5,4,1,0.8,61351,-1
"1023",61352,2017-04-01,2016-06-01,304,1023,5,2,1,0.4,61352,0
"1024",61359,2017-04-01,2016-06-01,304,1024,3,1,1,0.33,61359,0
"1025",61360,2017-01-01,2016-06-01,214,1025,2,0,1,0,61360,0
"1026",61361,2017-04-01,2016-06-01,304,1026,2,1,1,0.5,61361,0
"1027",61362,2017-04-01,2016-06-01,304,1027,6,4,1,0.67,61362,0
"1028",61363,2017-04-01,2016-06-01,304,1028,4,0,1,0,61363,-1
"1029",61370,2017-04-01,2016-06-01,304,1029,3,1,1,0.33,61370,0
"1030",61374,2016-06-01,2016-06-01,0,1030,3,1,1,0.33,61374,-1
"1031",61375,2016-06-01,2016-06-01,0,1031,2,0,1,0,61375,NA
"1032",61381,2016-12-01,2016-06-01,183,1032,8,4,1,0.5,61381,-1
"1033",61385,2017-04-01,2016-06-01,304,1033,5,1,1,0.2,61385,0
"1034",61386,2017-04-01,2016-06-01,304,1034,5,3,1,0.6,61386,0
"1035",61388,2016-07-01,2016-06-01,30,1035,3,0,1,0,61388,NA
"1036",61391,2017-04-01,2016-06-01,304,1036,7,3,1,0.43,61391,0
"1037",61392,2017-04-01,2016-06-01,304,1037,7,4,1,0.57,61392,0
"1038",61395,2016-09-01,2016-06-01,92,1038,5,2,1,0.4,61395,-1
"1039",61396,2016-09-01,2016-06-01,92,1039,3,2,1,0.67,61396,0
"1040",61398,2017-04-01,2016-06-01,304,1040,8,2,2,0.25,61398,0
"1041",61399,2017-04-01,2016-06-01,304,1041,3,2,1,0.67,61399,0
"1042",61400,2016-07-01,2016-06-01,30,1042,1,0,1,0,61400,0
"1043",61401,2017-04-01,2016-06-01,304,1043,4,2,1,0.5,61401,-1
"1044",61402,2016-10-01,2016-06-01,122,1044,2,0,1,0,61402,-1
"1045",61403,2017-04-01,2016-07-01,274,1045,2,0,1,0,61403,0
"1046",61404,2017-04-01,2016-06-01,304,1046,5,4,1,0.8,61404,-1
"1047",61405,2017-04-01,2016-06-01,304,1047,3,1,1,0.33,61405,0
"1048",61407,2016-08-01,2016-06-01,61,1048,3,2,1,0.67,61407,-1
"1049",61408,2017-04-01,2016-06-01,304,1049,3,2,1,0.67,61408,0
"1050",61409,2016-07-01,2016-06-01,30,1050,3,2,1,0.67,61409,-1
"1051",61410,2016-07-01,2016-06-01,30,1051,3,1,1,0.33,61410,0
"1052",61412,2016-09-01,2016-06-01,92,1052,3,1,1,0.33,61412,1
"1053",61413,2017-04-01,2016-07-01,274,1053,4,0,1,0,61413,NA
"1054",61414,2017-04-01,2016-06-01,304,1054,12,2,1,0.17,61414,0
"1055",61415,2016-07-01,2016-06-01,30,1055,4,3,1,0.75,61415,0
"1056",61416,2016-07-01,2016-06-01,30,1056,6,1,1,0.17,61416,-1
"1057",61417,2016-08-01,2016-07-01,31,1057,3,0,1,0,61417,NA
"1058",61420,2017-04-01,2016-07-01,274,1058,3,2,1,0.67,61420,-1
"1059",61421,2017-04-01,2016-07-01,274,1059,5,0,1,0,61421,NA
"1060",61422,2017-04-01,2016-11-01,151,1060,5,0,1,0,61422,-1
"1061",61423,2017-04-01,2016-06-01,304,1061,3,2,2,0.67,61423,-1
"1062",61427,2017-04-01,2016-06-01,304,1062,4,1,1,0.25,61427,-1
"1063",61428,2017-04-01,2016-07-01,274,1063,7,1,1,0.14,61428,0
"1064",61429,2017-04-01,2016-07-01,274,1064,11,4,1,0.36,61429,-1
"1065",61431,2016-10-01,2016-07-01,92,1065,4,0,1,0,61431,NA
"1066",61438,2017-04-01,2016-07-01,274,1066,5,2,1,0.4,61438,-1
"1067",61439,2017-04-01,2016-07-01,274,1067,3,0,1,0,61439,0
"1068",61441,2016-08-01,2016-07-01,31,1068,10,3,1,0.3,61441,-1
"1069",61442,2017-04-01,2016-07-01,274,1069,3,2,1,0.67,61442,0
"1070",61443,2017-04-01,2016-07-01,274,1070,6,3,1,0.5,61443,-1
"1071",61444,2017-04-01,2016-07-01,274,1071,6,0,1,0,61444,NA
"1072",61445,2017-04-01,2016-07-01,274,1072,5,1,1,0.2,61445,0
"1073",61447,2017-04-01,2016-07-01,274,1073,6,1,1,0.17,61447,0
"1074",61448,2016-09-01,2016-07-01,62,1074,5,0,1,0,61448,NA
"1075",61450,2017-04-01,2016-07-01,274,1075,9,5,1,0.56,61450,-1
"1076",61451,2016-12-01,2016-07-01,153,1076,7,2,1,0.29,61451,-1
"1077",61452,2017-04-01,2016-07-01,274,1077,5,3,1,0.6,61452,-1
"1078",61454,2016-10-01,2016-06-01,122,1078,3,1,1,0.33,61454,0
"1079",61455,2016-08-01,2016-06-01,61,1079,4,1,1,0.25,61455,0
"1080",61456,2017-01-01,2016-07-01,184,1080,3,1,1,0.33,61456,0
"1081",61457,2017-01-01,2016-07-01,184,1081,7,2,1,0.29,61457,-1
"1082",61461,2017-04-01,2016-07-01,274,1082,12,7,1,0.58,61461,-1
"1083",61465,2017-04-01,2016-07-01,274,1083,11,4,1,0.36,61465,-1
"1084",61469,2016-07-01,2016-06-01,30,1084,5,0,1,0,61469,NA
"1085",61472,2016-07-01,2016-07-01,0,1085,2,1,1,0.5,61472,0
"1086",61473,2017-04-01,2016-07-01,274,1086,7,5,1,0.71,61473,-1
"1087",61474,2017-04-01,2016-07-01,274,1087,3,1,1,0.33,61474,0
"1088",61475,2017-04-01,2016-07-01,274,1088,2,0,1,0,61475,NA
"1089",61476,2016-07-01,2016-07-01,0,1089,3,0,1,0,61476,NA
"1090",61478,2016-08-01,2016-07-01,31,1090,1,0,1,0,61478,NA
"1091",61479,2016-10-01,2016-07-01,92,1091,3,1,1,0.33,61479,-1
"1092",61480,2017-04-01,2016-07-01,274,1092,4,3,1,0.75,61480,0
"1093",61481,2016-09-01,2016-07-01,62,1093,4,1,1,0.25,61481,-1
"1094",61482,2017-04-01,2016-07-01,274,1094,3,0,1,0,61482,0
"1095",61483,2017-04-01,2016-07-01,274,1095,2,1,1,0.5,61483,0
"1096",61484,2016-09-01,2016-07-01,62,1096,5,0,1,0,61484,NA
"1097",61485,2016-07-01,2016-05-01,61,1097,4,2,1,0.5,61485,-1
"1098",61486,2017-04-01,2016-07-01,274,1098,3,2,1,0.67,61486,0
"1099",61487,2017-04-01,2016-07-01,274,1099,5,2,1,0.4,61487,-1
"1100",61489,2016-10-01,2016-07-01,92,1100,3,0,1,0,61489,NA
"1101",61490,2017-04-01,2016-07-01,274,1101,3,1,1,0.33,61490,0
"1102",61492,2017-01-01,2016-07-01,184,1102,1,0,2,0,61492,0
"1103",61493,2017-04-01,2016-08-01,243,1103,2,0,1,0,61493,NA
"1104",61495,2016-11-01,2016-07-01,123,1104,7,4,1,0.57,61495,-1
"1105",61496,2016-12-01,2016-07-01,153,1105,4,0,1,0,61496,NA
"1106",61497,2017-04-01,2016-07-01,274,1106,2,0,1,0,61497,-1
"1107",61499,2017-01-01,2016-07-01,184,1107,4,1,1,0.25,61499,-1
"1108",61500,2016-07-01,2016-06-01,30,1108,8,4,1,0.5,61500,-1
"1109",61501,2016-09-01,2016-07-01,62,1109,7,1,1,0.14,61501,-1
"1110",61503,2017-01-01,2016-07-01,184,1110,5,4,1,0.8,61503,-1
"1111",61506,2016-11-01,2016-07-01,123,1111,6,4,1,0.67,61506,0
"1112",61511,2016-08-01,2016-07-01,31,1112,5,1,1,0.2,61511,0
"1113",61512,2017-04-01,2016-08-01,243,1113,4,1,1,0.25,61512,0
"1114",61513,2017-04-01,2016-08-01,243,1114,7,2,1,0.29,61513,-1
"1115",61515,2017-04-01,2016-07-01,274,1115,3,0,1,0,61515,NA
"1116",61516,2016-09-01,2016-08-01,31,1116,1,0,1,0,61516,0
"1117",61517,2016-09-01,2016-08-01,31,1117,3,1,1,0.33,61517,0
"1118",61521,2016-09-01,2016-07-01,62,1118,3,0,1,0,61521,NA
"1119",61522,2017-04-01,2016-07-01,274,1119,2,1,1,0.5,61522,0
"1120",61523,2016-08-01,2016-06-01,61,1120,6,5,1,0.83,61523,0
"1121",61524,2017-04-01,2016-08-01,243,1121,4,1,1,0.25,61524,0
"1122",61527,2017-04-01,2016-08-01,243,1122,8,4,1,0.5,61527,-1
"1123",61528,2017-04-01,2016-08-01,243,1123,5,1,1,0.2,61528,-1
"1124",61529,2016-12-01,2016-08-01,122,1124,3,1,1,0.33,61529,-1
"1125",61530,2017-04-01,2016-08-01,243,1125,6,2,1,0.33,61530,-1
"1126",61533,2016-09-01,2016-07-01,62,1126,3,1,1,0.33,61533,0
"1127",61534,2017-04-01,2016-08-01,243,1127,5,2,1,0.4,61534,-1
"1128",61535,2016-09-01,2016-08-01,31,1128,6,2,1,0.33,61535,-1
"1129",61538,2017-04-01,2016-08-01,243,1129,6,0,1,0,61538,NA
"1130",61539,2017-04-01,2016-08-01,243,1130,2,1,1,0.5,61539,-1
"1131",61540,2016-12-01,2016-08-01,122,1131,7,4,1,0.57,61540,-1
"1132",61542,2016-10-01,2016-08-01,61,1132,6,4,1,0.67,61542,-1
"1133",61544,2017-04-01,2016-08-01,243,1133,3,1,1,0.33,61544,0
"1134",61546,2017-04-01,2016-08-01,243,1134,4,2,1,0.5,61546,-1
"1135",61547,2016-09-01,2016-08-01,31,1135,6,0,1,0,61547,NA
"1136",61548,2017-04-01,2016-08-01,243,1136,4,2,1,0.5,61548,0
"1137",61549,2017-04-01,2016-07-01,274,1137,3,0,1,0,61549,NA
"1138",61551,2017-04-01,2016-08-01,243,1138,6,2,1,0.33,61551,-1
"1139",61554,2016-09-01,2016-07-01,62,1139,2,0,1,0,61554,NA
"1140",61555,2017-04-01,2016-08-01,243,1140,3,1,1,0.33,61555,0
"1141",61556,2017-04-01,2016-08-01,243,1141,7,4,1,0.57,61556,0
"1142",61557,2017-04-01,2016-08-01,243,1142,4,1,1,0.25,61557,0
"1143",61560,2017-04-01,2016-08-01,243,1143,7,1,1,0.14,61560,-1
"1144",61561,2017-04-01,2016-08-01,243,1144,3,2,1,0.67,61561,0
"1145",61562,2016-11-01,2016-08-01,92,1145,2,0,1,0,61562,NA
"1146",61563,2017-04-01,2016-08-01,243,1146,5,1,1,0.2,61563,0
"1147",61565,2016-08-01,2016-07-01,31,1147,1,0,1,0,61565,NA
"1148",61566,2016-12-01,2016-08-01,122,1148,3,1,1,0.33,61566,-1
"1149",61569,2017-04-01,2016-08-01,243,1149,4,3,1,0.75,61569,-1
"1150",61571,2016-11-01,2016-08-01,92,1150,4,3,1,0.75,61571,0
"1151",61572,2017-04-01,2016-08-01,243,1151,8,6,1,0.75,61572,-1
"1152",61573,2017-04-01,2016-08-01,243,1152,4,2,1,0.5,61573,0
"1153",61575,2017-01-01,2016-08-01,153,1153,5,2,1,0.4,61575,-1
"1154",61584,2017-01-01,2016-08-01,153,1154,7,2,1,0.29,61584,0
"1155",61587,2016-12-01,2016-07-01,153,1155,6,3,2,0.5,61587,-1
"1156",61588,2017-04-01,2016-08-01,243,1156,5,3,1,0.6,61588,-1
"1157",61589,2017-04-01,2016-08-01,243,1157,4,0,1,0,61589,0
"1158",61590,2017-04-01,2016-08-01,243,1158,3,1,1,0.33,61590,0
"1159",61594,2016-12-01,2016-08-01,122,1159,7,0,1,0,61594,NA
"1160",61600,2017-04-01,2016-08-01,243,1160,3,2,1,0.67,61600,-1
"1161",61602,2016-10-01,2016-08-01,61,1161,3,0,1,0,61602,NA
"1162",61606,2017-04-01,2016-08-01,243,1162,8,2,1,0.25,61606,-1
"1163",61608,2017-04-01,2016-08-01,243,1163,6,2,1,0.33,61608,0
"1164",61609,2016-11-01,2016-08-01,92,1164,3,1,1,0.33,61609,0
"1165",61610,2017-04-01,2016-08-01,243,1165,4,1,2,0.25,61610,0
"1166",61611,2016-10-01,2016-07-01,92,1166,6,2,1,0.33,61611,-1
"1167",61612,2017-04-01,2016-08-01,243,1167,5,1,1,0.2,61612,-1
"1168",61613,2017-04-01,2016-08-01,243,1168,3,1,1,0.33,61613,0
"1169",61616,2016-09-01,2016-08-01,31,1169,4,1,1,0.25,61616,0
"1170",61618,2017-04-01,2016-08-01,243,1170,4,2,1,0.5,61618,-1
"1171",61622,2016-12-01,2016-08-01,122,1171,2,1,1,0.5,61622,-1
"1172",61626,2017-04-01,2016-08-01,243,1172,3,2,1,0.67,61626,-1
"1173",61627,2016-10-01,2016-08-01,61,1173,4,0,1,0,61627,NA
"1174",61629,2017-04-01,2016-08-01,243,1174,7,4,1,0.57,61629,-1
"1175",61631,2016-08-01,2016-06-01,61,1175,7,0,1,0,61631,NA
"1176",61634,2016-09-01,2016-07-01,62,1176,4,3,1,0.75,61634,0
"1177",61635,2017-04-01,2016-08-01,243,1177,6,3,1,0.5,61635,-1
"1178",61637,2016-11-01,2016-08-01,92,1178,4,1,1,0.25,61637,0
"1179",61638,2017-04-01,2016-08-01,243,1179,3,2,1,0.67,61638,0
"1180",61639,2017-01-01,2016-08-01,153,1180,4,0,1,0,61639,NA
"1181",61640,2017-01-01,2016-08-01,153,1181,3,1,1,0.33,61640,0
"1182",61643,2017-01-01,2016-08-01,153,1182,6,3,1,0.5,61643,0
"1183",61649,2017-01-01,2016-08-01,153,1183,3,2,1,0.67,61649,0
"1184",61650,2017-04-01,2016-08-01,243,1184,4,2,1,0.5,61650,-1
"1185",61651,2017-04-01,2016-08-01,243,1185,5,3,1,0.6,61651,0
"1186",61653,2016-08-01,2016-08-01,0,1186,5,2,1,0.4,61653,-1
"1187",61654,2017-04-01,2016-08-01,243,1187,3,0,1,0,61654,NA
"1188",61655,2016-09-01,2016-08-01,31,1188,3,1,1,0.33,61655,-1
"1189",61656,2017-04-01,2016-08-01,243,1189,4,0,1,0,61656,-1
"1190",61657,2017-04-01,2016-08-01,243,1190,6,0,1,0,61657,NA
"1191",61658,2016-10-01,2016-08-01,61,1191,3,0,1,0,61658,-1
"1192",61659,2017-04-01,2016-08-01,243,1192,3,2,1,0.67,61659,0
"1193",61660,2017-04-01,2016-08-01,243,1193,1,0,1,0,61660,NA
"1194",61661,2017-04-01,2016-08-01,243,1194,3,0,1,0,61661,NA
"1195",61662,2016-10-01,2016-08-01,61,1195,5,2,1,0.4,61662,-1
"1196",61665,2016-09-01,2016-08-01,31,1196,6,1,1,0.17,61665,-1
"1197",61666,2017-04-01,2016-08-01,243,1197,5,0,1,0,61666,NA
"1198",61668,2016-10-01,2016-08-01,61,1198,3,2,1,0.67,61668,0
"1199",61669,2017-01-01,2016-08-01,153,1199,2,0,1,0,61669,-1
"1200",61671,2016-08-01,2016-08-01,0,1200,4,0,1,0,61671,NA
"1201",61674,2017-04-01,2016-08-01,243,1201,3,2,1,0.67,61674,-1
"1202",61675,2017-04-01,2016-08-01,243,1202,4,3,1,0.75,61675,0
"1203",61676,2017-04-01,2016-08-01,243,1203,5,1,1,0.2,61676,0
"1204",61677,2016-10-01,2016-08-01,61,1204,4,2,1,0.5,61677,0
"1205",61678,2016-11-01,2016-08-01,92,1205,4,2,1,0.5,61678,0
"1206",61679,2016-09-01,2016-08-01,31,1206,5,1,1,0.2,61679,0
"1207",61680,2016-09-01,2016-08-01,31,1207,5,3,1,0.6,61680,-1
"1208",61681,2017-04-01,2016-08-01,243,1208,4,2,1,0.5,61681,-1
"1209",61682,2016-09-01,2016-08-01,31,1209,1,0,1,0,61682,NA
"1210",61684,2016-12-01,2016-08-01,122,1210,7,2,1,0.29,61684,-1
"1211",61685,2016-09-01,2016-08-01,31,1211,4,1,1,0.25,61685,-1
"1212",61686,2017-04-01,2016-12-01,121,1212,3,2,2,0.67,61686,-1
"1213",61687,2016-11-01,2016-09-01,61,1213,7,6,1,0.86,61687,-1
"1214",61688,2017-04-01,2016-08-01,243,1214,5,2,1,0.4,61688,-1
"1215",61689,2016-10-01,2016-08-01,61,1215,3,0,1,0,61689,NA
"1216",61693,2016-10-01,2016-09-01,30,1216,5,2,1,0.4,61693,-1
"1217",61697,2017-04-01,2016-09-01,212,1217,3,1,1,0.33,61697,0
"1218",61701,2017-01-01,2016-09-01,122,1218,4,3,1,0.75,61701,-1
"1219",61702,2017-04-01,2016-08-01,243,1219,5,3,1,0.6,61702,0
"1220",61703,2017-04-01,2016-09-01,212,1220,8,5,1,0.62,61703,-1
"1221",61708,2016-11-01,2016-08-01,92,1221,4,2,1,0.5,61708,-1
"1222",61709,2017-04-01,2016-08-01,243,1222,3,1,1,0.33,61709,0
"1223",61710,2016-09-01,2016-07-01,62,1223,4,2,1,0.5,61710,0
"1224",61711,2017-04-01,2016-09-01,212,1224,6,4,1,0.67,61711,0
"1225",61714,2017-01-01,2016-08-01,153,1225,8,3,1,0.38,61714,-1
"1226",61715,2016-12-01,2016-09-01,91,1226,4,3,1,0.75,61715,-1
"1227",61716,2016-12-01,2016-09-01,91,1227,5,0,1,0,61716,NA
"1228",61718,2017-04-01,2016-08-01,243,1228,12,3,1,0.25,61718,-1
"1229",61719,2017-04-01,2016-09-01,212,1229,9,6,1,0.67,61719,-1
"1230",61722,2017-04-01,2016-09-01,212,1230,4,0,1,0,61722,NA
"1231",61723,2017-04-01,2016-09-01,212,1231,4,0,1,0,61723,NA
"1232",61724,2017-04-01,2016-09-01,212,1232,4,2,1,0.5,61724,-1
"1233",61726,2016-10-01,2016-09-01,30,1233,2,1,1,0.5,61726,1
"1234",61728,2016-09-01,2016-09-01,0,1234,4,1,1,0.25,61728,0
"1235",61730,2017-04-01,2016-09-01,212,1235,4,2,1,0.5,61730,0
"1236",61731,2016-12-01,2016-09-01,91,1236,4,0,1,0,61731,NA
"1237",61732,2017-04-01,2016-09-01,212,1237,1,0,1,0,61732,0
"1238",61738,2016-09-01,2016-09-01,0,1238,3,1,1,0.33,61738,0
"1239",61739,2017-04-01,2016-08-01,243,1239,2,1,1,0.5,61739,0
"1240",61740,2016-10-01,2016-09-01,30,1240,4,0,1,0,61740,NA
"1241",61745,2017-04-01,2016-12-01,121,1241,5,2,1,0.4,61745,-1
"1242",61746,2017-04-01,2016-08-01,243,1242,4,3,1,0.75,61746,0
"1243",61747,2017-04-01,2016-09-01,212,1243,7,2,1,0.29,61747,-1
"1244",61748,2016-09-01,2016-07-01,62,1244,3,1,1,0.33,61748,0
"1245",61749,2017-04-01,2016-09-01,212,1245,3,2,1,0.67,61749,-1
"1246",61750,2016-11-01,2016-08-01,92,1246,5,4,1,0.8,61750,0
"1247",61752,2017-04-01,2016-09-01,212,1247,3,1,1,0.33,61752,-1
"1248",61753,2017-04-01,2016-09-01,212,1248,4,1,1,0.25,61753,-1
"1249",61765,2017-04-01,2016-09-01,212,1249,8,4,1,0.5,61765,-1
"1250",61768,2017-04-01,2016-09-01,212,1250,4,1,1,0.25,61768,0
"1251",61778,2016-09-01,2016-08-01,31,1251,3,2,1,0.67,61778,-1
"1252",61779,2016-10-01,2016-09-01,30,1252,3,0,1,0,61779,NA
"1253",61780,2017-04-01,2016-09-01,212,1253,3,2,1,0.67,61780,-1
"1254",61781,2016-11-01,2016-07-01,123,1254,2,0,1,0,61781,-1
"1255",61782,2017-01-01,2016-09-01,122,1255,5,2,1,0.4,61782,0
"1256",61789,2016-10-01,2016-08-01,61,1256,5,1,1,0.2,61789,0
"1257",61790,2017-04-01,2016-09-01,212,1257,3,2,1,0.67,61790,0
"1258",61792,2016-10-01,2016-09-01,30,1258,3,1,1,0.33,61792,-1
"1259",61794,2016-10-01,2016-05-01,153,1259,2,1,1,0.5,61794,0
"1260",61795,2016-10-01,2016-05-01,153,1260,2,0,1,0,61795,-1
"1261",61797,2017-04-01,2016-09-01,212,1261,2,1,1,0.5,61797,0
"1262",61800,2017-04-01,2016-09-01,212,1262,3,0,1,0,61800,NA
"1263",61813,2017-01-01,2016-09-01,122,1263,7,2,1,0.29,61813,-1
"1264",61814,2017-04-01,2016-09-01,212,1264,4,2,1,0.5,61814,-1
"1265",61816,2016-12-01,2016-09-01,91,1265,5,1,1,0.2,61816,-1
"1266",61817,2017-04-01,2016-09-01,212,1266,3,0,1,0,61817,NA
"1267",61818,2016-12-01,2016-09-01,91,1267,4,1,1,0.25,61818,-1
"1268",61819,2017-04-01,2016-09-01,212,1268,5,0,1,0,61819,NA
"1269",61825,2017-04-01,2016-09-01,212,1269,4,1,1,0.25,61825,-1
"1270",61828,2017-04-01,2016-09-01,212,1270,7,3,1,0.43,61828,-1
"1271",61830,2016-11-01,2016-09-01,61,1271,5,2,1,0.4,61830,0
"1272",61831,2017-04-01,2016-09-01,212,1272,5,1,1,0.2,61831,0
"1273",61839,2017-04-01,2016-09-01,212,1273,3,0,1,0,61839,NA
"1274",61840,2016-11-01,2016-09-01,61,1274,4,1,1,0.25,61840,-1
"1275",61842,2017-04-01,2016-09-01,212,1275,4,0,1,0,61842,NA
"1276",61843,2017-01-01,2016-09-01,122,1276,5,0,1,0,61843,NA
"1277",61844,2017-04-01,2016-09-01,212,1277,4,2,1,0.5,61844,-1
"1278",61848,2017-02-01,2016-09-01,153,1278,4,1,1,0.25,61848,0
"1279",61849,2017-04-01,2016-10-01,182,1279,4,2,1,0.5,61849,-1
"1280",61858,2016-10-01,2016-09-01,30,1280,5,0,1,0,61858,NA
"1281",61859,2017-04-01,2016-09-01,212,1281,4,0,1,0,61859,NA
"1282",61860,2017-04-01,2016-10-01,182,1282,5,3,1,0.6,61860,0
"1283",61865,2017-04-01,2016-10-01,182,1283,4,1,1,0.25,61865,0
"1284",61867,2017-04-01,2016-10-01,182,1284,4,0,1,0,61867,NA
"1285",61869,2016-10-01,2016-01-01,274,1285,4,3,1,0.75,61869,-1
"1286",61870,2017-02-01,2016-09-01,153,1286,5,1,1,0.2,61870,0
"1287",61871,2017-01-01,2016-09-01,122,1287,4,2,1,0.5,61871,-1
"1288",61873,2016-11-01,2016-10-01,31,1288,5,2,1,0.4,61873,-1
"1289",61877,2017-04-01,2016-10-01,182,1289,9,1,1,0.11,61877,-1
"1290",61879,2016-09-01,2016-10-01,-30,1290,4,0,1,0,61879,NA
"1291",61881,2017-04-01,2016-09-01,212,1291,2,1,1,0.5,61881,-1
"1292",61882,2017-04-01,2016-10-01,182,1292,5,4,1,0.8,61882,-1
"1293",61887,2016-12-01,2016-10-01,61,1293,4,2,1,0.5,61887,-1
"1294",61888,2017-04-01,2016-10-01,182,1294,3,2,1,0.67,61888,0
"1295",61889,2017-04-01,2016-10-01,182,1295,12,6,1,0.5,61889,-1
"1296",61890,2017-04-01,2016-10-01,182,1296,3,0,1,0,61890,NA
"1297",61891,2017-04-01,2016-10-01,182,1297,4,2,1,0.5,61891,-1
"1298",61892,2017-04-01,2016-10-01,182,1298,7,1,1,0.14,61892,-1
"1299",61893,2017-04-01,2016-09-01,212,1299,3,1,1,0.33,61893,-1
"1300",61894,2017-04-01,2016-10-01,182,1300,3,1,1,0.33,61894,0
"1301",61896,2017-04-01,2016-10-01,182,1301,2,1,1,0.5,61896,0
"1302",61897,2016-11-01,2016-10-01,31,1302,4,1,1,0.25,61897,-1
"1303",61900,2017-04-01,2016-10-01,182,1303,7,2,1,0.29,61900,-1
"1304",61902,2016-10-01,2016-09-01,30,1304,4,0,1,0,61902,NA
"1305",61903,2016-11-01,2016-08-01,92,1305,3,2,1,0.67,61903,-1
"1306",61905,2017-04-01,2016-10-01,182,1306,4,0,1,0,61905,-1
"1307",61906,2017-04-01,2016-10-01,182,1307,9,3,1,0.33,61906,-1
"1308",61908,2016-12-01,2016-10-01,61,1308,4,1,1,0.25,61908,0
"1309",61910,2016-10-01,2016-10-01,0,1309,3,0,1,0,61910,NA
"1310",61911,2017-04-01,2016-10-01,182,1310,2,1,1,0.5,61911,0
"1311",61912,2017-04-01,2016-10-01,182,1311,1,0,1,0,61912,-1
"1312",61913,2017-04-01,2016-10-01,182,1312,8,2,1,0.25,61913,-1
"1313",61914,2017-04-01,2016-10-01,182,1313,5,3,1,0.6,61914,-1
"1314",61916,2017-04-01,2016-09-01,212,1314,3,0,1,0,61916,NA
"1315",61919,2017-01-01,2016-10-01,92,1315,9,3,1,0.33,61919,0
"1316",61922,2017-04-01,2016-10-01,182,1316,3,2,1,0.67,61922,0
"1317",61923,2016-11-01,2016-10-01,31,1317,2,1,1,0.5,61923,-1
"1318",61924,2016-10-01,2016-10-01,0,1318,3,2,1,0.67,61924,-1
"1319",61925,2017-02-01,2016-10-01,123,1319,7,3,1,0.43,61925,-1
"1320",61926,2017-04-01,2016-10-01,182,1320,5,1,1,0.2,61926,-1
"1321",61927,2017-04-01,2016-09-01,212,1321,3,1,1,0.33,61927,0
"1322",61929,2017-04-01,2016-10-01,182,1322,1,0,1,0,61929,NA
"1323",61930,2017-04-01,2016-10-01,182,1323,5,1,1,0.2,61930,-1
"1324",61931,2017-04-01,2016-10-01,182,1324,6,2,1,0.33,61931,-1
"1325",61932,2017-04-01,2016-09-01,212,1325,2,1,1,0.5,61932,0
"1326",61933,2017-04-01,2016-10-01,182,1326,3,2,1,0.67,61933,-1
"1327",61934,2017-04-01,2016-10-01,182,1327,2,0,1,0,61934,0
"1328",61935,2016-10-01,2016-10-01,0,1328,6,2,1,0.33,61935,-1
"1329",61936,2016-10-01,2016-09-01,30,1329,5,2,1,0.4,61936,-1
"1330",61937,2017-04-01,2016-10-01,182,1330,3,2,1,0.67,61937,-1
"1331",61943,2016-10-01,2016-10-01,0,1331,2,1,1,0.5,61943,0
"1332",61944,2016-10-01,2016-07-01,92,1332,6,3,1,0.5,61944,-1
"1333",61945,2016-10-01,2016-09-01,30,1333,3,2,1,0.67,61945,0
"1334",61946,2017-04-01,2016-09-01,212,1334,3,1,1,0.33,61946,-1
"1335",61950,2017-01-01,2016-10-01,92,1335,5,3,1,0.6,61950,0
"1336",61951,2017-04-01,2016-10-01,182,1336,3,2,1,0.67,61951,-1
"1337",61952,2017-04-01,2016-12-01,121,1337,5,3,1,0.6,61952,-1
"1338",61953,2017-04-01,2016-10-01,182,1338,4,1,1,0.25,61953,-1
"1339",61954,2017-04-01,2016-10-01,182,1339,5,3,1,0.6,61954,-1
"1340",61955,2016-10-01,2016-10-01,0,1340,4,3,1,0.75,61955,-1
"1341",61959,2017-04-01,2016-10-01,182,1341,3,1,1,0.33,61959,-1
"1342",61960,2017-04-01,2016-10-01,182,1342,5,0,1,0,61960,NA
"1343",61963,2017-04-01,2016-10-01,182,1343,8,4,1,0.5,61963,-1
"1344",61966,2017-04-01,2016-10-01,182,1344,4,1,1,0.25,61966,0
"1345",61967,2016-10-01,2016-10-01,0,1345,4,1,1,0.25,61967,0
"1346",61968,2016-10-01,2016-10-01,0,1346,4,1,1,0.25,61968,0
"1347",61969,2016-10-01,2016-10-01,0,1347,4,1,1,0.25,61969,-1
"1348",61973,2017-01-01,2016-09-01,122,1348,1,0,1,0,61973,-1
"1349",61979,2017-04-01,2016-09-01,212,1349,4,1,1,0.25,61979,-1
"1350",61980,2016-10-01,2016-10-01,0,1350,3,1,1,0.33,61980,-1
"1351",61981,2017-04-01,2016-10-01,182,1351,4,1,1,0.25,61981,0
"1352",61983,2017-01-01,2016-10-01,92,1352,2,1,1,0.5,61983,-1
"1353",61985,2017-04-01,2016-10-01,182,1353,6,4,1,0.67,61985,-1
"1354",61986,2016-10-01,2016-10-01,0,1354,8,1,1,0.12,61986,0
"1355",61987,2016-10-01,2016-10-01,0,1355,3,2,1,0.67,61987,-1
"1356",61988,2017-04-01,2016-10-01,182,1356,4,1,1,0.25,61988,0
"1357",61990,2016-10-01,2016-10-01,0,1357,4,1,1,0.25,61990,1
"1358",61991,2017-04-01,2016-10-01,182,1358,3,2,1,0.67,61991,0
"1359",61992,2017-04-01,2016-10-01,182,1359,9,0,1,0,61992,NA
"1360",61993,2017-01-01,2016-10-01,92,1360,3,0,1,0,61993,NA
"1361",61994,2017-01-01,2016-10-01,92,1361,6,3,1,0.5,61994,-1
"1362",61995,2017-04-01,2016-10-01,182,1362,7,1,1,0.14,61995,-1
"1363",61996,2016-11-01,2016-09-01,61,1363,5,1,1,0.2,61996,-1
"1364",61997,2016-12-01,2016-10-01,61,1364,3,2,1,0.67,61997,-1
"1365",61998,2016-10-01,2016-10-01,0,1365,3,0,1,0,61998,NA
"1366",61999,2017-04-01,2016-10-01,182,1366,6,0,1,0,61999,NA
"1367",62007,2017-04-01,2016-12-01,121,1367,5,2,1,0.4,62007,0
"1368",62008,2017-04-01,2016-10-01,182,1368,3,2,1,0.67,62008,-1
"1369",62014,2017-04-01,2016-10-01,182,1369,3,2,1,0.67,62014,0
"1370",62016,2016-12-01,2016-10-01,61,1370,8,3,1,0.38,62016,-1
"1371",62030,2017-04-01,2016-10-01,182,1371,4,0,1,0,62030,NA
"1372",62031,2016-12-01,2016-10-01,61,1372,3,0,1,0,62031,NA
"1373",62032,2016-11-01,2016-07-01,123,1373,4,1,1,0.25,62032,-1
"1374",62033,2017-04-01,2016-10-01,182,1374,4,1,1,0.25,62033,0
"1375",62034,2017-04-01,2016-11-01,151,1375,5,3,1,0.6,62034,-1
"1376",62035,2017-04-01,2016-10-01,182,1376,3,1,1,0.33,62035,-1
"1377",62040,2017-04-01,2016-11-01,151,1377,1,0,1,0,62040,-1
"1378",62041,2017-04-01,2016-10-01,182,1378,5,3,1,0.6,62041,-1
"1379",62042,2017-04-01,2016-11-01,151,1379,2,0,1,0,62042,-1
"1380",62043,2017-04-01,2016-11-01,151,1380,4,1,1,0.25,62043,0
"1381",62044,2017-04-01,2016-10-01,182,1381,5,3,1,0.6,62044,-1
"1382",62047,2017-04-01,2016-11-01,151,1382,3,1,1,0.33,62047,-1
"1383",62048,2017-01-01,2016-11-01,61,1383,4,1,1,0.25,62048,0
"1384",62049,2017-04-01,2016-10-01,182,1384,3,1,1,0.33,62049,0
"1385",62051,2016-11-01,2016-10-01,31,1385,3,2,1,0.67,62051,-1
"1386",62054,2017-04-01,2016-11-01,151,1386,9,7,1,0.78,62054,-1
"1387",62058,2017-04-01,2016-11-01,151,1387,7,3,1,0.43,62058,-1
"1388",62060,2017-04-01,2016-11-01,151,1388,4,0,1,0,62060,NA
"1389",62061,2017-04-01,2016-12-01,121,1389,5,3,1,0.6,62061,-1
"1390",62064,2017-04-01,2016-11-01,151,1390,4,1,1,0.25,62064,-1
"1391",62065,2017-04-01,2016-11-01,151,1391,2,1,1,0.5,62065,-1
"1392",62067,2017-04-01,2016-11-01,151,1392,4,0,1,0,62067,NA
"1393",62069,2016-12-01,2016-11-01,30,1393,4,0,1,0,62069,NA
"1394",62070,2017-04-01,2016-11-01,151,1394,7,0,1,0,62070,NA
"1395",62071,2017-04-01,2016-11-01,151,1395,3,2,1,0.67,62071,-1
"1396",62072,2017-04-01,2016-11-01,151,1396,6,2,1,0.33,62072,0
"1397",62075,2016-12-01,2016-11-01,30,1397,1,0,1,0,62075,-1
"1398",62077,2017-04-01,2016-11-01,151,1398,3,1,1,0.33,62077,-1
"1399",62078,2017-04-01,2016-11-01,151,1399,4,0,1,0,62078,-1
"1400",62080,2017-04-01,2016-08-01,243,1400,8,4,1,0.5,62080,-1
"1401",62081,2017-04-01,2016-11-01,151,1401,4,1,1,0.25,62081,-1
"1402",62084,2017-04-01,2016-11-01,151,1402,2,1,1,0.5,62084,-1
"1403",62085,2017-04-01,2016-10-01,182,1403,3,2,1,0.67,62085,-1
"1404",62087,2016-12-01,2016-11-01,30,1404,5,3,1,0.6,62087,-1
"1405",62088,2016-12-01,2016-10-01,61,1405,5,1,1,0.2,62088,0
"1406",62089,2016-12-01,2016-10-01,61,1406,4,2,1,0.5,62089,0
"1407",62090,2017-04-01,2016-11-01,151,1407,9,3,1,0.33,62090,-1
"1408",62091,2017-04-01,2016-11-01,151,1408,7,1,1,0.14,62091,0
"1409",62092,2017-04-01,2016-11-01,151,1409,6,1,1,0.17,62092,0
"1410",62093,2016-11-01,2016-10-01,31,1410,4,2,1,0.5,62093,-1
"1411",62094,2016-11-01,2016-10-01,31,1411,4,2,1,0.5,62094,-1
"1412",62095,2017-04-01,2016-10-01,182,1412,5,0,1,0,62095,NA
"1413",62096,2016-11-01,2016-07-01,123,1413,3,2,1,0.67,62096,0
"1414",62097,2016-11-01,2016-11-01,0,1414,4,1,1,0.25,62097,-1
"1415",62098,2017-04-01,2016-11-01,151,1415,3,2,1,0.67,62098,-1
"1416",62099,2017-04-01,2016-11-01,151,1416,3,2,1,0.67,62099,0
"1417",62101,2017-04-01,2016-10-01,182,1417,6,3,1,0.5,62101,-1
"1418",62110,2017-04-01,2016-10-01,182,1418,1,0,1,0,62110,-1
"1419",62112,2016-12-01,2016-11-01,30,1419,4,1,1,0.25,62112,0
"1420",62113,2016-12-01,2016-11-01,30,1420,3,1,1,0.33,62113,0
"1421",62114,2017-04-01,2016-11-01,151,1421,4,0,1,0,62114,NA
"1422",62115,2017-04-01,2016-11-01,151,1422,8,4,1,0.5,62115,-1
"1423",62117,2017-04-01,2016-11-01,151,1423,4,2,1,0.5,62117,0
"1424",62119,2017-04-01,2016-11-01,151,1424,3,1,1,0.33,62119,-1
"1425",62121,2017-04-01,2016-11-01,151,1425,3,1,1,0.33,62121,0
"1426",62122,2017-04-01,2016-11-01,151,1426,4,2,1,0.5,62122,-1
"1427",62123,2017-04-01,2016-11-01,151,1427,6,2,1,0.33,62123,-1
"1428",62124,2017-04-01,2016-11-01,151,1428,6,1,1,0.17,62124,0
"1429",62125,2017-04-01,2016-11-01,151,1429,4,2,1,0.5,62125,0
"1430",62126,2017-04-01,2016-11-01,151,1430,4,0,1,0,62126,0
"1431",62127,2016-12-01,2016-11-01,30,1431,3,1,1,0.33,62127,0
"1432",62132,2017-04-01,2016-11-01,151,1432,3,1,1,0.33,62132,0
"1433",62133,2016-11-01,2016-11-01,0,1433,6,1,1,0.17,62133,0
"1434",62134,2017-04-01,2016-11-01,151,1434,2,1,1,0.5,62134,0
"1435",62135,2016-12-01,2016-11-01,30,1435,5,1,1,0.2,62135,0
"1436",62136,2017-04-01,2016-11-01,151,1436,5,0,1,0,62136,NA
"1437",62137,2016-12-01,2016-11-01,30,1437,6,3,1,0.5,62137,-1
"1438",62138,2017-04-01,2016-11-01,151,1438,3,2,1,0.67,62138,-1
"1439",62144,2017-04-01,2016-11-01,151,1439,4,3,1,0.75,62144,0
"1440",62146,2017-04-01,2016-11-01,151,1440,2,1,1,0.5,62146,-1
"1441",62147,2017-04-01,2016-11-01,151,1441,5,1,1,0.2,62147,-1
"1442",62148,2017-01-01,2016-11-01,61,1442,3,0,1,0,62148,NA
"1443",62149,2016-12-01,2016-11-01,30,1443,6,2,1,0.33,62149,0
"1444",62150,2017-04-01,2016-11-01,151,1444,5,2,1,0.4,62150,-1
"1445",62153,2017-04-01,2016-11-01,151,1445,3,0,1,0,62153,-1
"1446",62156,2017-01-01,2016-11-01,61,1446,4,2,1,0.5,62156,-1
"1447",62158,2016-12-01,2016-11-01,30,1447,5,1,1,0.2,62158,-1
"1448",62163,2017-04-01,2016-12-01,121,1448,3,2,1,0.67,62163,-1
"1449",62165,2017-01-01,2016-11-01,61,1449,4,0,1,0,62165,NA
"1450",62166,2017-04-01,2016-12-01,121,1450,1,0,1,0,62166,0
"1451",62168,2016-12-01,2016-11-01,30,1451,5,4,1,0.8,62168,-1
"1452",62169,2016-12-01,2016-11-01,30,1452,4,2,1,0.5,62169,0
"1453",62173,2017-04-01,2016-12-01,121,1453,4,3,1,0.75,62173,0
"1454",62177,2017-04-01,2016-12-01,121,1454,7,3,1,0.43,62177,0
"1455",62178,2017-04-01,2016-11-01,151,1455,6,3,1,0.5,62178,0
"1456",62179,2017-04-01,2016-12-01,121,1456,6,3,1,0.5,62179,-1
"1457",62181,2017-04-01,2016-11-01,151,1457,3,1,1,0.33,62181,0
"1458",62184,2017-04-01,2016-12-01,121,1458,7,2,1,0.29,62184,-1
"1459",62186,2017-04-01,2016-12-01,121,1459,6,0,1,0,62186,NA
"1460",62188,2017-04-01,2016-12-01,121,1460,5,0,1,0,62188,-1
"1461",62189,2017-04-01,2016-12-01,121,1461,7,5,1,0.71,62189,-1
"1462",62196,2017-04-01,2016-10-01,182,1462,3,0,1,0,62196,-1
"1463",62197,2017-04-01,2016-12-01,121,1463,3,0,1,0,62197,NA
"1464",62198,2016-12-01,2016-11-01,30,1464,3,0,1,0,62198,NA
"1465",62199,2017-01-01,2016-12-01,31,1465,4,2,1,0.5,62199,-1
"1466",62202,2016-12-01,2016-11-01,30,1466,3,2,1,0.67,62202,-1
"1467",62204,2017-04-01,2016-12-01,121,1467,4,2,1,0.5,62204,-1
"1468",62205,2017-04-01,2016-12-01,121,1468,1,0,1,0,62205,-1
"1469",62208,2017-02-01,2016-12-01,62,1469,2,1,1,0.5,62208,0
"1470",62209,2017-04-01,2016-12-01,121,1470,3,1,1,0.33,62209,-1
"1471",62211,2017-04-01,2016-12-01,121,1471,2,1,1,0.5,62211,0
"1472",62212,2017-04-01,2016-12-01,121,1472,3,0,1,0,62212,-1
"1473",62213,2017-04-01,2016-12-01,121,1473,6,1,1,0.17,62213,-1
"1474",62214,2017-04-01,2016-11-01,151,1474,4,2,1,0.5,62214,0
"1475",62219,2016-12-01,2016-11-01,30,1475,6,5,1,0.83,62219,-1
"1476",62220,2016-12-01,2016-12-01,0,1476,1,0,1,0,62220,-1
"1477",62221,2017-04-01,2016-12-01,121,1477,5,0,1,0,62221,NA
"1478",62222,2016-12-01,2016-11-01,30,1478,3,0,1,0,62222,NA
"1479",62228,2017-04-01,2016-12-01,121,1479,5,1,1,0.2,62228,0
"1480",62230,2017-01-01,2016-12-01,31,1480,10,5,1,0.5,62230,-1
"1481",62232,2017-04-01,2016-12-01,121,1481,5,1,1,0.2,62232,-1
"1482",62235,2017-04-01,2016-12-01,121,1482,5,3,1,0.6,62235,-1
"1483",62237,2017-01-01,2016-12-01,31,1483,6,0,1,0,62237,NA
"1484",62244,2017-04-01,2016-11-01,151,1484,5,0,1,0,62244,NA
"1485",62248,2017-04-01,2016-12-01,121,1485,4,1,1,0.25,62248,0
"1486",62249,2017-04-01,2016-12-01,121,1486,3,0,1,0,62249,NA
"1487",62250,2017-04-01,2016-12-01,121,1487,3,1,1,0.33,62250,0
"1488",62251,2017-04-01,2016-12-01,121,1488,3,2,1,0.67,62251,-1
"1489",62252,2016-12-01,2016-11-01,30,1489,4,1,1,0.25,62252,0
"1490",62253,2016-12-01,2016-11-01,30,1490,4,3,1,0.75,62253,-1
"1491",62254,2017-04-01,2016-12-01,121,1491,5,0,1,0,62254,NA
"1492",62255,2017-04-01,2016-12-01,121,1492,5,3,1,0.6,62255,-1
"1493",62258,2017-04-01,2016-12-01,121,1493,3,1,1,0.33,62258,-1
"1494",62262,2017-04-01,2016-12-01,121,1494,2,0,1,0,62262,NA
"1495",62263,2017-04-01,2016-12-01,121,1495,4,0,1,0,62263,NA
"1496",62269,2017-04-01,2016-12-01,121,1496,3,0,1,0,62269,NA
"1497",62271,2016-12-01,2016-12-01,0,1497,3,1,1,0.33,62271,-1
"1498",62274,2016-12-01,2016-12-01,0,1498,4,0,1,0,62274,NA
"1499",62275,2017-04-01,2016-08-01,243,1499,4,2,1,0.5,62275,-1
"1500",62276,2017-04-01,2016-12-01,121,1500,3,1,1,0.33,62276,0
"1501",62277,2017-04-01,2016-12-01,121,1501,5,4,1,0.8,62277,-1
"1502",62279,2017-04-01,2016-12-01,121,1502,4,2,1,0.5,62279,0
"1503",62280,2017-01-01,2016-11-01,61,1503,8,1,1,0.12,62280,0
"1504",62282,2017-04-01,2016-12-01,121,1504,5,0,1,0,62282,NA
"1505",62283,2017-04-01,2016-12-01,121,1505,3,1,1,0.33,62283,-1
"1506",62284,2017-04-01,2016-12-01,121,1506,4,1,1,0.25,62284,0
"1507",62285,2017-04-01,2016-12-01,121,1507,5,0,1,0,62285,NA
"1508",62286,2017-04-01,2016-12-01,121,1508,5,1,1,0.2,62286,0
"1509",62287,2017-04-01,2016-12-01,121,1509,3,0,1,0,62287,NA
"1510",62288,2017-04-01,2016-12-01,121,1510,1,0,1,0,62288,0
"1511",62289,2017-04-01,2016-12-01,121,1511,2,0,1,0,62289,NA
"1512",62290,2017-01-01,2016-12-01,31,1512,3,2,1,0.67,62290,-1
"1513",62291,2017-04-01,2016-12-01,121,1513,7,5,1,0.71,62291,-1
"1514",62292,2017-04-01,2016-12-01,121,1514,3,1,1,0.33,62292,-1
"1515",62293,2017-04-01,2016-12-01,121,1515,4,0,1,0,62293,-1
"1516",62294,2017-04-01,2016-12-01,121,1516,6,1,1,0.17,62294,-1
"1517",62295,2017-04-01,2016-12-01,121,1517,7,0,1,0,62295,NA
"1518",62296,2017-01-01,2016-12-01,31,1518,9,1,1,0.11,62296,-1
"1519",62299,2017-01-01,2016-12-01,31,1519,4,1,1,0.25,62299,-1
"1520",62301,2017-01-01,2016-10-01,92,1520,3,1,1,0.33,62301,0
"1521",62304,2017-01-01,2016-12-01,31,1521,4,2,1,0.5,62304,-1
"1522",62305,2017-04-01,2016-12-01,121,1522,5,4,1,0.8,62305,-1
"1523",62306,2017-01-01,2016-12-01,31,1523,6,1,1,0.17,62306,-1
"1524",62307,2017-04-01,2016-11-01,151,1524,7,0,1,0,62307,NA
"1525",62313,2017-01-01,2016-12-01,31,1525,3,0,1,0,62313,NA
"1526",62314,2017-02-01,2016-12-01,62,1526,2,1,1,0.5,62314,0
"1527",62320,2017-01-01,2016-12-01,31,1527,6,3,1,0.5,62320,-1
"1528",62321,2017-01-01,2016-12-01,31,1528,3,0,1,0,62321,NA
"1529",62323,2017-01-01,2016-12-01,31,1529,5,1,1,0.2,62323,-1
"1530",62327,2017-04-01,2016-12-01,121,1530,4,0,1,0,62327,NA
"1531",62331,2017-01-01,2016-12-01,31,1531,8,2,1,0.25,62331,-1
"1532",62334,2017-04-01,2016-06-01,304,1532,10,0,1,0,62334,NA
"1533",62335,2017-01-01,2016-10-01,92,1533,3,0,1,0,62335,NA
"1534",62336,2017-04-01,2016-08-01,243,1534,4,1,1,0.25,62336,-1
"1535",62337,2017-01-01,2016-10-01,92,1535,6,0,1,0,62337,NA
"1536",62339,2017-04-01,2016-12-01,121,1536,3,1,1,0.33,62339,0
"1537",62349,2017-01-01,2016-12-01,31,1537,4,0,1,0,62349,NA
"1538",62351,2017-01-01,2016-12-01,31,1538,5,2,1,0.4,62351,-1
"1539",62355,2017-01-01,2016-11-01,61,1539,3,2,1,0.67,62355,-1
"1540",62365,2017-04-01,2016-05-01,335,1540,3,2,1,0.67,62365,-1
"1541",62380,2017-01-01,2016-12-01,31,1541,3,2,1,0.67,62380,-1
"1542",62381,2017-01-01,2016-03-01,306,1542,6,0,1,0,62381,NA
"1543",62390,2017-01-01,2016-12-01,31,1543,5,4,1,0.8,62390,-1
"1544",62392,2017-04-01,2016-12-01,121,1544,7,2,1,0.29,62392,0
"1545",62394,2017-01-01,2016-12-01,31,1545,2,0,1,0,62394,-1
"1546",62403,2017-01-01,2016-11-01,61,1546,4,3,1,0.75,62403,-1
"1547",62409,2017-04-01,2016-12-01,121,1547,7,2,1,0.29,62409,0
"1548",62456,2017-02-01,2016-04-01,306,1548,3,2,1,0.67,62456,-1
"1549",62465,2017-04-01,2016-10-01,182,1549,4,1,1,0.25,62465,0
