"","CASE_ID","close_dt","start_dt","duration","X","nClients","nMH","nClose","ratio"
"1",28892,2016-01-01,2009-02-01,2525,1,4,1,3,0.25
"2",28994,2017-01-01,2008-08-01,3075,2,4,1,2,0.25
"3",29003,2017-04-01,2008-03-01,3318,3,4,2,3,0.5
"4",29057,2016-06-01,2008-10-01,2800,4,7,2,3,0.29
"5",29128,2017-04-01,2008-02-01,3347,5,3,1,2,0.33
"6",29164,2017-04-01,2016-12-01,121,6,7,2,3,0.29
"7",29206,2017-04-01,2009-02-01,2981,7,3,2,6,0.67
"8",29350,2017-04-01,2000-09-01,6056,8,10,5,3,0.5
"9",29521,2016-11-01,2005-06-01,4171,9,6,2,2,0.33
"10",29540,2017-04-01,2010-08-01,2435,10,11,2,4,0.18
"11",29578,2017-04-01,2005-10-01,4200,11,3,2,1,0.67
"12",29589,2017-04-01,2016-02-01,425,12,11,6,2,0.55
"13",29594,2017-04-01,2012-02-01,1886,13,5,3,2,0.6
"14",29646,2017-04-01,2007-06-01,3592,14,6,3,2,0.5
"15",29666,2016-10-01,2007-05-01,3441,15,9,6,2,0.67
"16",29668,2017-04-01,2004-09-01,4595,16,11,6,3,0.55
"17",29671,2017-04-01,1996-03-01,7701,17,2,0,2,0
"18",29679,2016-12-01,2009-01-01,2891,18,3,0,2,0
"19",29710,2016-11-01,2013-07-01,1219,19,11,7,2,0.64
"20",29734,2017-04-01,2008-01-01,3378,20,8,5,3,0.62
"21",29901,2017-02-01,2003-10-01,4872,21,3,2,3,0.67
"22",29913,2017-01-01,2008-03-01,3228,22,4,1,1,0.25
"23",29935,2017-01-01,1997-12-01,6971,23,3,0,2,0
"24",29968,2017-04-01,2008-03-01,3318,24,8,5,3,0.62
"25",29980,2016-09-01,2016-02-01,213,25,9,0,3,0
"26",30096,2017-04-01,2008-06-01,3226,26,6,4,3,0.67
"27",30100,2017-04-01,2008-04-01,3287,27,5,3,3,0.6
"28",30102,2016-11-01,2016-06-01,153,28,8,7,4,0.88
"29",30151,2017-04-01,2016-05-01,335,29,6,4,4,0.67
"30",30163,2017-04-01,2016-03-01,396,30,6,4,3,0.67
"31",30171,2017-04-01,2015-02-01,790,31,6,3,5,0.5
"32",30249,2017-04-01,2007-12-01,3409,32,5,2,2,0.4
"33",30290,2017-04-01,2009-01-01,3012,33,5,2,2,0.4
"34",30342,2017-04-01,2008-03-01,3318,34,7,4,2,0.57
"35",30346,2017-04-01,2007-07-01,3562,35,4,1,3,0.25
"36",30368,2017-04-01,2014-08-01,974,36,9,7,3,0.78
"37",30383,2017-04-01,2016-11-01,151,37,6,2,3,0.33
"38",30442,2017-04-01,2007-04-01,3653,38,3,1,2,0.33
"39",30444,2017-04-01,2008-04-01,3287,39,12,4,3,0.33
"40",30452,2017-04-01,2014-04-01,1096,40,13,9,3,0.69
"41",30495,2017-04-01,2008-07-01,3196,41,7,0,2,0
"42",30516,2017-04-01,2000-12-01,5965,42,3,2,3,0.67
"43",30572,2017-04-01,2008-09-01,3134,43,4,3,3,0.75
"44",30643,2016-08-01,2008-12-01,2800,44,4,3,2,0.75
"45",30645,2016-10-01,2002-03-01,5328,45,10,4,3,0.4
"46",30648,2017-01-01,2008-12-01,2953,46,7,3,2,0.43
"47",30670,2016-12-01,2016-04-01,244,47,3,2,2,0.67
"48",30701,2016-10-01,2008-12-01,2861,48,7,2,2,0.29
"49",30737,2017-04-01,2006-05-01,3988,49,10,8,4,0.8
"50",30743,2017-04-01,2009-02-01,2981,50,10,6,3,0.6
"51",30747,2017-04-01,2008-12-01,3043,51,8,7,6,0.88
"52",30772,2016-06-01,2008-12-01,2739,52,5,1,3,0.2
"53",30779,2017-04-01,2009-03-01,2953,53,10,7,3,0.7
"54",30788,2017-04-01,2009-02-01,2981,54,3,1,3,0.33
"55",30869,2017-04-01,2015-10-01,548,55,10,5,5,0.5
"56",30901,2016-10-01,2008-10-01,2922,56,5,2,2,0.4
"57",30902,2017-04-01,2005-11-01,4169,57,6,2,2,0.33
"58",30905,2016-07-01,2008-07-01,2922,58,7,3,2,0.43
"59",30943,2016-03-01,2006-08-01,3500,59,3,2,6,0.67
"60",30990,2017-04-01,2007-10-01,3470,60,6,4,6,0.67
"61",31041,2017-04-01,2008-09-01,3134,61,6,4,2,0.67
"62",31052,2016-02-01,2008-03-01,2893,62,6,3,2,0.5
"63",31053,2017-04-01,2009-04-01,2922,63,9,5,6,0.56
"64",31119,2017-04-01,2007-08-01,3531,64,13,5,3,0.38
"65",31188,2017-04-01,2016-01-01,456,65,3,2,3,0.67
"66",31197,2017-04-01,2008-03-01,3318,66,4,0,2,0
"67",31209,2017-04-01,2006-07-01,3927,67,6,4,4,0.67
"68",31219,2016-09-01,2008-06-01,3014,68,3,1,2,0.33
"69",31258,2017-04-01,2009-02-01,2981,69,10,4,4,0.4
"70",31285,2016-10-01,2008-04-01,3105,70,4,0,3,0
"71",31314,2016-12-01,2016-07-01,153,71,6,4,3,0.67
"72",31316,2016-04-01,2009-04-01,2557,72,5,3,2,0.6
"73",31339,2016-02-01,2005-11-01,3744,73,4,0,3,0
"74",31341,2016-11-01,2006-10-01,3684,74,3,0,4,0
"75",31368,2017-04-01,2014-03-01,1127,75,9,6,4,0.67
"76",31520,2017-04-01,2006-09-01,3865,76,7,3,2,0.43
"77",31523,2017-04-01,2011-04-01,2192,77,4,2,3,0.5
"78",31524,2017-04-01,2006-09-01,3865,78,6,2,3,0.33
"79",31540,2016-10-01,2006-09-01,3683,79,5,0,4,0
"80",31600,2017-04-01,2016-08-01,243,80,7,5,5,0.71
"81",31610,2017-04-01,2016-10-01,182,81,16,5,6,0.31
"82",31652,2017-04-01,2016-05-01,335,82,8,4,3,0.5
"83",31659,2017-01-01,2007-03-01,3594,83,7,2,2,0.29
"84",31661,2017-04-01,2009-04-01,2922,84,7,3,2,0.43
"85",31683,2016-08-01,2007-04-01,3410,85,14,6,3,0.43
"86",31707,2016-03-01,2008-11-01,2677,86,5,1,3,0.2
"87",31712,2016-11-01,2008-11-01,2922,87,5,2,5,0.4
"88",31718,2017-04-01,2007-06-01,3592,88,10,6,5,0.6
"89",31734,2017-04-01,2012-01-01,1917,89,9,4,5,0.44
"90",31772,2017-04-01,2016-02-01,425,90,11,4,2,0.36
"91",31779,2017-04-01,2005-02-01,4442,91,7,5,2,0.71
"92",31782,2017-04-01,2016-12-01,121,92,3,1,3,0.33
"93",31795,2016-09-01,2005-10-01,3988,93,3,1,2,0.33
"94",31796,2017-04-01,2007-09-01,3500,94,5,4,5,0.8
"95",31812,2017-04-01,2015-09-01,578,95,6,2,3,0.33
"96",31826,2017-04-01,2016-01-01,456,96,7,4,4,0.57
"97",31835,2017-04-01,2007-10-01,3470,97,7,4,3,0.57
"98",31837,2016-07-01,2007-11-01,3165,98,5,1,4,0.2
"99",31853,2017-04-01,2007-11-01,3439,99,5,2,2,0.4
"100",31856,2017-04-01,2007-11-01,3439,100,12,5,2,0.42
"101",31869,2016-12-01,2007-11-01,3318,101,3,1,3,0.33
"102",31884,2017-04-01,2007-12-01,3409,102,11,3,3,0.27
"103",31942,2016-07-01,2008-06-01,2952,103,3,2,3,0.67
"104",31962,2017-04-01,2009-04-01,2922,104,3,2,4,0.67
"105",31978,2017-04-01,2008-03-01,3318,105,7,5,2,0.71
"106",31991,2017-04-01,2009-03-01,2953,106,10,2,4,0.2
"107",31999,2016-10-01,2016-01-01,274,107,4,3,2,0.75
"108",32007,2017-04-01,2009-05-01,2892,108,7,5,4,0.71
"109",32048,2017-04-01,2016-11-01,151,109,5,3,2,0.6
"110",32055,2016-06-01,2016-03-01,92,110,4,3,2,0.75
"111",32078,2016-09-01,2008-07-01,2984,111,6,3,3,0.5
"112",32086,2017-04-01,2015-08-01,609,112,6,2,4,0.33
"113",32091,2017-04-01,2008-06-01,3226,113,7,4,3,0.57
"114",32095,2016-08-01,2008-06-01,2983,114,8,4,3,0.5
"115",32124,2017-04-01,2008-07-01,3196,115,5,3,2,0.6
"116",32169,2017-04-01,2009-03-01,2953,116,3,0,3,0
"117",32209,2017-04-01,2008-08-01,3165,117,5,3,2,0.6
"118",32274,2016-08-01,2008-10-01,2861,118,4,2,2,0.5
"119",32301,2017-04-01,2008-11-01,3073,119,3,2,2,0.67
"120",32324,2017-04-01,2008-11-01,3073,120,8,4,5,0.5
"121",32334,2017-04-01,2016-06-01,304,121,14,6,5,0.43
"122",32397,2017-04-01,2009-01-01,3012,122,6,2,2,0.33
"123",32418,2016-05-01,2009-02-01,2646,123,7,2,3,0.29
"124",32428,2017-04-01,2009-02-01,2981,124,7,5,2,0.71
"125",32478,2017-04-01,2009-03-01,2953,125,8,4,2,0.5
"126",32542,2016-10-01,2014-07-01,823,126,12,8,5,0.67
"127",32604,2017-04-01,2008-09-01,3134,127,6,0,2,0
"128",32613,2017-04-01,2009-04-01,2922,128,13,7,3,0.54
"129",32615,2016-04-01,2008-12-01,2678,129,6,5,4,0.83
"130",32659,2017-04-01,2008-09-01,3134,130,4,3,4,0.75
"131",32668,2016-07-01,2008-11-01,2799,131,6,1,5,0.17
"132",32680,2016-09-01,2012-10-01,1431,132,11,7,4,0.64
"133",32716,2017-01-01,2008-12-01,2953,133,5,2,3,0.4
"134",32731,2016-07-01,2011-09-01,1765,134,4,1,4,0.25
"135",32754,2017-04-01,2009-03-01,2953,135,7,5,3,0.71
"136",32790,2017-04-01,2012-01-01,1917,136,8,5,3,0.62
"137",32801,2017-04-01,2009-05-01,2892,137,7,1,3,0.14
"138",32809,2016-11-01,2009-01-01,2861,138,4,2,2,0.5
"139",32839,2016-05-01,2008-01-01,3043,139,6,2,3,0.33
"140",32902,2017-04-01,2009-06-01,2861,140,5,2,6,0.4
"141",32945,2017-04-01,2009-07-01,2831,141,6,2,4,0.33
"142",32961,2016-11-01,2009-07-01,2680,142,4,3,2,0.75
"143",32980,2016-09-01,2016-07-01,62,143,5,1,2,0.2
"144",32993,2017-04-01,2009-07-01,2831,144,5,1,2,0.2
"145",33098,2017-04-01,2009-08-01,2800,145,10,6,2,0.6
"146",33101,2017-04-01,2009-08-01,2800,146,5,2,2,0.4
"147",33102,2016-09-01,2009-08-01,2588,147,6,3,3,0.5
"148",33135,2017-04-01,2009-08-01,2800,148,13,8,6,0.62
"149",33138,2017-04-01,2009-08-01,2800,149,9,3,2,0.33
"150",33139,2017-04-01,2009-08-01,2800,150,15,7,4,0.47
"151",33170,2016-06-01,2009-08-01,2496,151,4,3,3,0.75
"152",33197,2016-12-01,2009-09-01,2648,152,5,2,2,0.4
"153",33255,2017-04-01,2009-09-01,2769,153,5,4,2,0.8
"154",33268,2017-04-01,2009-09-01,2769,154,6,3,2,0.5
"155",33274,2017-04-01,2009-09-01,2769,155,4,2,2,0.5
"156",33289,2016-07-01,2009-09-01,2495,156,4,0,3,0
"157",33301,2017-04-01,2009-09-01,2769,157,5,2,3,0.4
"158",33339,2017-04-01,2009-09-01,2769,158,9,3,3,0.33
"159",33342,2017-04-01,2009-09-01,2769,159,7,2,2,0.29
"160",33349,2017-04-01,2009-09-01,2769,160,4,3,4,0.75
"161",33366,2017-04-01,2016-04-01,365,161,11,2,2,0.18
"162",33405,2017-04-01,2015-09-01,578,162,4,1,2,0.25
"163",33410,2017-04-01,2009-10-01,2739,163,4,0,5,0
"164",33413,2016-10-01,2012-02-01,1704,164,8,2,3,0.25
"165",33453,2017-04-01,2009-10-01,2739,165,9,3,3,0.33
"166",33472,2017-04-01,2009-11-01,2708,166,4,1,3,0.25
"167",33514,2017-04-01,2009-11-01,2708,167,6,2,3,0.33
"168",33598,2016-05-01,2016-02-01,90,168,12,7,4,0.58
"169",33624,2017-04-01,2009-12-01,2678,169,4,0,2,0
"170",33648,2017-04-01,2009-12-01,2678,170,11,5,4,0.45
"171",33651,2016-12-01,2009-12-01,2557,171,2,0,4,0
"172",33671,2017-04-01,2011-09-01,2039,172,7,2,5,0.29
"173",33673,2017-04-01,2010-01-01,2647,173,9,6,5,0.67
"174",33692,2017-04-01,2009-07-01,2831,174,6,1,3,0.17
"175",33693,2016-05-01,2010-01-01,2312,175,3,0,2,0
"176",33700,2016-07-01,2010-01-01,2373,176,5,1,2,0.2
"177",33724,2016-08-01,2010-01-01,2404,177,5,2,5,0.4
"178",33771,2016-12-01,2010-01-01,2526,178,7,1,2,0.14
"179",33809,2016-12-01,2010-02-01,2495,179,8,2,2,0.25
"180",33820,2016-07-01,2016-02-01,151,180,9,3,4,0.33
"181",33824,2017-04-01,2010-02-01,2616,181,7,4,3,0.57
"182",33841,2016-12-01,2010-02-01,2495,182,6,4,2,0.67
"183",33876,2016-10-01,2010-02-01,2434,183,5,4,2,0.8
"184",33902,2016-08-01,2010-03-01,2345,184,4,2,2,0.5
"185",33904,2017-04-01,2010-03-01,2588,185,3,0,2,0
"186",33941,2017-04-01,2010-03-01,2588,186,6,0,2,0
"187",33950,2017-04-01,2010-03-01,2588,187,7,1,2,0.14
"188",33958,2017-04-01,2010-03-01,2588,188,2,1,2,0.5
"189",34021,2017-01-01,2010-04-01,2467,189,5,3,2,0.6
"190",34082,2017-04-01,2010-04-01,2557,190,8,4,3,0.5
"191",34126,2017-04-01,2010-04-01,2557,191,6,0,2,0
"192",34145,2016-12-01,2010-05-01,2406,192,8,4,3,0.5
"193",34154,2017-04-01,2016-03-01,396,193,9,8,2,0.89
"194",34155,2017-04-01,2010-05-01,2527,194,6,3,3,0.5
"195",34193,2016-12-01,2010-05-01,2406,195,16,2,5,0.12
"196",34279,2017-04-01,2010-05-01,2527,196,9,5,5,0.56
"197",34312,2017-04-01,2010-05-01,2527,197,4,1,3,0.25
"198",34319,2017-04-01,2016-10-01,182,198,6,5,2,0.83
"199",34341,2016-12-01,2010-05-01,2406,199,6,1,3,0.17
"200",34622,2017-04-01,2004-04-01,4748,200,4,3,3,0.75
"201",34771,2017-04-01,2010-06-01,2496,201,5,4,3,0.8
"202",34779,2017-04-01,2010-06-01,2496,202,7,6,3,0.86
"203",34815,2017-04-01,2010-06-01,2496,203,7,2,2,0.29
"204",34842,2017-04-01,2010-06-01,2496,204,3,1,2,0.33
"205",34851,2016-10-01,2016-09-01,30,205,7,4,3,0.57
"206",34866,2017-04-01,2010-07-01,2466,206,10,6,4,0.6
"207",34868,2016-12-01,2010-07-01,2345,207,14,5,2,0.36
"208",34871,2017-04-01,2016-08-01,243,208,5,0,4,0
"209",34889,2016-10-01,2010-07-01,2284,209,5,2,2,0.4
"210",34896,2017-04-01,2010-07-01,2466,210,6,4,3,0.67
"211",34902,2017-04-01,2010-07-01,2466,211,5,2,4,0.4
"212",34933,2017-04-01,2013-12-01,1217,212,10,4,3,0.4
"213",34938,2016-05-01,2010-07-01,2131,213,3,2,2,0.67
"214",35045,2017-04-01,2016-05-01,335,214,4,2,2,0.5
"215",35070,2016-03-01,2008-03-01,2922,215,5,4,2,0.8
"216",35095,2017-04-01,2009-07-01,2831,216,5,4,2,0.8
"217",35137,2017-04-01,2010-08-01,2435,217,3,1,2,0.33
"218",35211,2016-04-01,2010-08-01,2070,218,3,2,3,0.67
"219",35279,2016-12-01,2010-09-01,2283,219,14,5,3,0.36
"220",35292,2017-04-01,2016-10-01,182,220,9,4,2,0.44
"221",35343,2017-04-01,2014-10-01,913,221,8,3,4,0.38
"222",35460,2017-04-01,2016-07-01,274,222,7,4,3,0.57
"223",35475,2017-04-01,2010-11-01,2343,223,10,7,3,0.7
"224",35485,2016-07-01,2010-11-01,2069,224,5,3,3,0.6
"225",35486,2017-04-01,2010-11-01,2343,225,3,0,3,0
"226",35495,2016-01-01,2010-11-01,1887,226,7,5,4,0.71
"227",36008,2016-02-01,2016-01-01,31,227,5,2,3,0.4
"228",36714,2017-04-01,2009-01-01,3012,228,3,1,2,0.33
"229",37967,2017-04-01,2012-12-01,1582,229,5,3,4,0.6
"230",38507,2017-04-01,2010-07-01,2466,230,3,2,2,0.67
"231",39033,2017-04-01,2003-09-01,4961,231,5,1,2,0.2
"232",39138,2017-04-01,2004-03-01,4779,232,4,1,2,0.25
"233",39146,2017-04-01,2005-04-01,4383,233,4,3,2,0.75
"234",39179,2017-04-01,2004-07-01,4657,234,6,3,3,0.5
"235",39962,2017-04-01,2007-05-01,3623,235,8,5,2,0.62
"236",40541,2017-04-01,2016-07-01,274,236,7,0,2,0
"237",40747,2017-04-01,2010-10-01,2374,237,4,3,1,0.75
"238",41622,2017-04-01,2012-04-01,1826,238,9,5,2,0.56
"239",41785,2016-08-01,2004-11-01,4291,239,5,3,3,0.6
"240",42009,2017-04-01,2016-01-01,456,240,6,4,1,0.67
"241",42049,2016-02-01,2008-07-01,2771,241,8,4,2,0.5
"242",42175,2017-04-01,2016-08-01,243,242,5,3,2,0.6
"243",43069,2017-04-01,2007-04-01,3653,243,4,0,3,0
"244",43283,2017-04-01,2016-05-01,335,244,3,0,2,0
"245",47057,2017-04-01,2010-12-01,2313,245,5,0,2,0
"246",47089,2017-04-01,2010-12-01,2313,246,8,4,2,0.5
"247",47106,2016-10-01,2010-12-01,2131,247,5,1,2,0.2
"248",47149,2017-04-01,2011-01-01,2282,248,6,3,3,0.5
"249",47157,2017-04-01,2011-01-01,2282,249,7,4,4,0.57
"250",47220,2017-04-01,2016-05-01,335,250,9,4,3,0.44
"251",47253,2017-04-01,2011-01-01,2282,251,4,3,2,0.75
"252",47271,2016-04-01,2011-01-01,1917,252,4,1,3,0.25
"253",47289,2017-04-01,2011-02-01,2251,253,5,2,3,0.4
"254",47530,2017-04-01,2011-02-01,2251,254,5,3,2,0.6
"255",47536,2017-04-01,2011-02-01,2251,255,1,0,2,0
"256",47572,2017-04-01,2016-11-01,151,256,7,4,3,0.57
"257",47573,2016-06-01,2012-09-01,1369,257,6,2,4,0.33
"258",47590,2017-04-01,2011-02-01,2251,258,8,3,2,0.38
"259",47592,2017-04-01,2011-02-01,2251,259,7,1,3,0.14
"260",47653,2017-04-01,2011-03-01,2223,260,5,1,3,0.2
"261",47655,2016-10-01,2015-09-01,396,261,11,5,3,0.45
"262",47678,2017-04-01,2011-03-01,2223,262,10,2,3,0.2
"263",47740,2016-09-01,2011-03-01,2011,263,5,2,2,0.4
"264",47767,2016-08-01,2011-03-01,1980,264,10,8,2,0.8
"265",47775,2016-11-01,2011-03-01,2072,265,12,4,3,0.33
"266",47804,2017-04-01,2016-10-01,182,266,3,2,2,0.67
"267",47829,2016-09-01,2009-02-01,2769,267,4,3,2,0.75
"268",48227,2017-04-01,2010-02-01,2616,268,3,2,5,0.67
"269",48241,2017-04-01,2010-02-01,2616,269,7,2,2,0.29
"270",48256,2016-06-01,2009-08-01,2496,270,5,1,2,0.2
"271",48289,2017-04-01,2016-09-01,212,271,6,3,2,0.5
"272",48296,2017-04-01,2016-05-01,335,272,9,8,2,0.89
"273",48337,2017-04-01,2011-02-01,2251,273,4,3,2,0.75
"274",48361,2017-01-01,2009-04-01,2832,274,6,4,3,0.67
"275",48366,2016-04-01,2008-05-01,2892,275,5,1,2,0.2
"276",48398,2017-04-01,2009-05-01,2892,276,5,2,2,0.4
"277",48433,2017-04-01,2009-03-01,2953,277,7,4,3,0.57
"278",48475,2017-04-01,2009-04-01,2922,278,7,5,3,0.71
"279",48488,2017-04-01,2009-11-01,2708,279,6,0,2,0
"280",48526,2017-04-01,2011-01-01,2282,280,5,4,3,0.8
"281",48532,2017-04-01,2010-03-01,2588,281,6,1,3,0.17
"282",48539,2017-04-01,2009-02-01,2981,282,4,2,2,0.5
"283",48555,2016-08-01,2008-09-01,2891,283,6,3,3,0.5
"284",48565,2016-05-01,2009-03-01,2618,284,3,0,2,0
"285",48613,2017-01-01,2010-02-01,2526,285,4,0,2,0
"286",48665,2017-04-01,2009-06-01,2861,286,3,0,2,0
"287",48717,2017-04-01,2009-04-01,2922,287,9,5,4,0.56
"288",48721,2016-05-01,2011-01-01,1947,288,5,4,4,0.8
"289",48753,2016-12-01,2008-08-01,3044,289,7,2,2,0.29
"290",48756,2017-04-01,2009-12-01,2678,290,6,4,3,0.67
"291",48776,2016-03-01,2009-05-01,2496,291,9,0,2,0
"292",48782,2016-12-01,2010-04-01,2436,292,3,1,2,0.33
"293",48805,2017-04-01,2013-04-01,1461,293,11,8,3,0.73
"294",48810,2017-04-01,2008-07-01,3196,294,7,1,3,0.14
"295",48817,2016-11-01,2008-11-01,2922,295,7,5,2,0.71
"296",48820,2016-08-01,2008-10-01,2861,296,5,1,2,0.2
"297",48828,2017-04-01,2010-12-01,2313,297,5,3,3,0.6
"298",48851,2017-04-01,2016-12-01,121,298,6,1,4,0.17
"299",48879,2017-01-01,2009-09-01,2679,299,15,3,2,0.2
"300",48947,2017-01-01,2007-08-01,3441,300,7,3,2,0.43
"301",49016,2017-04-01,2015-12-01,487,301,5,2,2,0.4
"302",49055,2016-06-01,2009-05-01,2588,302,4,2,3,0.5
"303",49081,2016-09-01,2008-04-01,3075,303,7,1,2,0.14
"304",49086,2017-04-01,2008-10-01,3104,304,4,1,2,0.25
"305",49188,2016-06-01,2008-06-01,2922,305,7,0,3,0
"306",49410,2017-04-01,2016-01-01,456,306,11,3,2,0.27
"307",49447,2017-01-01,2009-05-01,2802,307,8,1,4,0.12
"308",49456,2017-04-01,2009-02-01,2981,308,6,2,2,0.33
"309",49551,2017-04-01,2009-04-01,2922,309,4,1,2,0.25
"310",49562,2017-04-01,2010-12-01,2313,310,3,0,2,0
"311",49568,2017-04-01,2009-05-01,2892,311,6,4,4,0.67
"312",49584,2016-11-01,2009-05-01,2741,312,5,4,3,0.8
"313",49634,2017-04-01,2009-06-01,2861,313,6,2,2,0.33
"314",49662,2016-03-01,2009-07-01,2435,314,7,3,3,0.43
"315",49678,2017-04-01,2009-07-01,2831,315,6,2,2,0.33
"316",49680,2017-04-01,2016-04-01,365,316,5,2,2,0.4
"317",49689,2016-12-01,2009-07-01,2710,317,5,1,2,0.2
"318",49740,2017-01-01,2015-10-01,458,318,5,3,2,0.6
"319",49870,2016-06-01,2010-10-01,2070,319,4,1,4,0.25
"320",49946,2016-02-01,2016-01-01,31,320,8,4,2,0.5
"321",50096,2016-04-01,2010-07-01,2101,321,4,2,2,0.5
"322",50199,2017-04-01,2010-10-01,2374,322,8,2,3,0.25
"323",50263,2017-01-01,2010-12-01,2223,323,7,4,2,0.57
"324",50545,2017-01-01,2012-06-01,1675,324,3,2,3,0.67
"325",50644,2017-04-01,2009-09-01,2769,325,8,4,2,0.5
"326",50647,2017-01-01,2006-07-01,3837,326,4,3,3,0.75
"327",50662,2017-04-01,2006-09-01,3865,327,6,4,3,0.67
"328",50805,2017-04-01,2011-04-01,2192,328,5,4,2,0.8
"329",50813,2016-10-01,2011-04-01,2010,329,5,4,5,0.8
"330",50815,2017-04-01,2011-04-01,2192,330,9,4,3,0.44
"331",50867,2017-04-01,2012-06-01,1765,331,6,3,3,0.5
"332",50874,2017-04-01,2011-04-01,2192,332,6,4,2,0.67
"333",50942,2017-01-01,2011-05-01,2072,333,8,1,2,0.12
"334",50985,2016-06-01,2009-11-01,2404,334,4,1,2,0.25
"335",51053,2017-04-01,2011-05-01,2162,335,7,5,2,0.71
"336",51085,2017-04-01,2016-10-01,182,336,8,3,3,0.38
"337",51098,2016-10-01,2011-06-01,1949,337,7,5,2,0.71
"338",51129,2016-06-01,2011-06-01,1827,338,7,2,4,0.29
"339",51132,2017-04-01,2011-06-01,2131,339,5,4,2,0.8
"340",51178,2017-04-01,2011-06-01,2131,340,3,1,2,0.33
"341",51184,2017-04-01,2011-06-01,2131,341,5,4,2,0.8
"342",51196,2017-04-01,2011-06-01,2131,342,4,2,2,0.5
"343",51306,2017-04-01,2011-07-01,2101,343,8,3,2,0.38
"344",51334,2016-06-01,2016-04-01,61,344,6,1,2,0.17
"345",51337,2016-11-01,2011-07-01,1950,345,5,0,2,0
"346",51343,2016-04-01,2016-02-01,60,346,5,3,2,0.6
"347",51388,2017-04-01,2011-07-01,2101,347,3,0,2,0
"348",51404,2016-03-01,2011-07-01,1705,348,6,2,3,0.33
"349",51416,2016-09-01,2011-07-01,1889,349,5,3,2,0.6
"350",51473,2017-04-01,2011-08-01,2070,350,7,3,2,0.43
"351",51485,2016-08-01,2016-02-01,182,351,3,0,1,0
"352",51645,2017-04-01,2011-08-01,2070,352,9,4,3,0.44
"353",51650,2016-07-01,2011-08-01,1796,353,8,4,2,0.5
"354",51689,2016-09-01,2011-08-01,1858,354,3,2,4,0.67
"355",51692,2016-10-01,2011-08-01,1888,355,5,0,2,0
"356",51693,2016-12-01,2011-08-01,1949,356,7,2,2,0.29
"357",51696,2017-01-01,2011-08-01,1980,357,5,2,2,0.4
"358",51908,2017-04-01,2011-09-01,2039,358,6,2,4,0.33
"359",51910,2017-04-01,2011-09-01,2039,359,7,5,1,0.71
"360",51922,2016-02-01,2011-09-01,1614,360,6,1,2,0.17
"361",51950,2017-04-01,2016-12-01,121,361,10,4,5,0.4
"362",52005,2017-04-01,2011-09-01,2039,362,4,1,2,0.25
"363",52058,2017-04-01,2011-09-01,2039,363,6,2,4,0.33
"364",52085,2017-04-01,2016-07-01,274,364,9,4,4,0.44
"365",52145,2017-04-01,2011-10-01,2009,365,7,5,3,0.71
"366",52184,2016-06-01,2011-10-01,1705,366,6,2,2,0.33
"367",52204,2017-04-01,2016-09-01,212,367,4,3,2,0.75
"368",52223,2016-08-01,2011-10-01,1766,368,5,1,3,0.2
"369",52239,2017-04-01,2016-09-01,212,369,14,2,2,0.14
"370",52276,2016-03-01,2011-11-01,1582,370,5,2,2,0.4
"371",52283,2016-10-01,2011-11-01,1796,371,5,3,2,0.6
"372",52302,2016-09-01,2016-03-01,184,372,9,4,2,0.44
"373",52338,2017-04-01,2011-11-01,1978,373,4,3,2,0.75
"374",52343,2016-11-01,2011-11-01,1827,374,6,3,2,0.5
"375",52359,2017-04-01,2016-10-01,182,375,6,2,2,0.33
"376",52372,2017-04-01,2011-11-01,1978,376,6,2,2,0.33
"377",52375,2017-04-01,2011-11-01,1978,377,5,2,2,0.4
"378",52396,2016-05-01,2016-03-01,61,378,5,1,2,0.2
"379",52405,2017-04-01,2015-12-01,487,379,5,3,3,0.6
"380",52485,2016-12-01,2011-12-01,1827,380,3,0,4,0
"381",52546,2016-03-01,2011-12-01,1552,381,5,3,3,0.6
"382",52552,2016-12-01,2011-12-01,1827,382,8,3,2,0.38
"383",52761,2016-03-01,2012-02-01,1490,383,8,1,3,0.12
"384",52926,2017-04-01,2012-02-01,1886,384,5,1,2,0.2
"385",52937,2016-08-01,2012-02-01,1643,385,4,3,3,0.75
"386",52947,2016-06-01,2015-07-01,336,386,6,2,4,0.33
"387",52964,2017-04-01,2012-03-01,1857,387,4,0,3,0
"388",52971,2016-12-01,2012-03-01,1736,388,5,0,2,0
"389",52976,2016-04-01,2011-11-01,1613,389,6,1,2,0.17
"390",53000,2017-04-01,2012-03-01,1857,390,3,2,2,0.67
"391",53005,2016-07-01,2012-03-01,1583,391,9,5,2,0.56
"392",53054,2017-04-01,2012-03-01,1857,392,3,2,2,0.67
"393",53115,2016-12-01,2012-03-01,1736,393,5,2,2,0.4
"394",53194,2016-03-01,2012-04-01,1430,394,4,1,2,0.25
"395",53200,2017-04-01,2012-04-01,1826,395,7,2,2,0.29
"396",53205,2017-04-01,2012-04-01,1826,396,10,5,1,0.5
"397",53215,2016-08-01,2012-04-01,1583,397,3,1,2,0.33
"398",53264,2017-04-01,2012-04-01,1826,398,4,2,2,0.5
"399",53266,2017-04-01,2012-04-01,1826,399,5,1,2,0.2
"400",53282,2017-04-01,2012-04-01,1826,400,8,4,2,0.5
"401",53305,2017-04-01,2012-04-01,1826,401,8,2,2,0.25
"402",53410,2017-01-01,2012-05-01,1706,402,5,0,2,0
"403",53426,2017-04-01,2012-05-01,1796,403,6,2,2,0.33
"404",53432,2017-04-01,2012-05-01,1796,404,10,5,2,0.5
"405",53446,2017-04-01,2012-05-01,1796,405,4,2,2,0.5
"406",53534,2016-04-01,2012-05-01,1431,406,5,4,3,0.8
"407",53561,2017-04-01,2012-05-01,1796,407,7,5,2,0.71
"408",53573,2017-01-01,2012-06-01,1675,408,5,1,2,0.2
"409",53575,2017-04-01,2012-06-01,1765,409,7,5,4,0.71
"410",53603,2016-01-01,2012-06-01,1309,410,8,3,2,0.38
"411",53659,2017-04-01,2012-06-01,1765,411,5,3,3,0.6
"412",53673,2017-04-01,2012-06-01,1765,412,6,3,2,0.5
"413",53679,2017-04-01,2016-05-01,335,413,3,1,1,0.33
"414",53688,2017-04-01,2016-10-01,182,414,6,0,3,0
"415",53742,2017-04-01,2012-06-01,1765,415,6,2,2,0.33
"416",53793,2017-01-01,2016-04-01,275,416,9,5,3,0.56
"417",53838,2017-04-01,2012-07-01,1735,417,3,1,3,0.33
"418",53929,2016-05-01,2012-07-01,1400,418,4,3,2,0.75
"419",53948,2016-09-01,2012-07-01,1523,419,5,2,2,0.4
"420",54075,2017-01-01,2014-08-01,884,420,5,1,3,0.2
"421",54083,2017-04-01,2016-02-01,425,421,7,4,2,0.57
"422",54120,2017-04-01,2016-07-01,274,422,6,1,2,0.17
"423",54125,2016-06-01,2012-08-01,1400,423,4,1,2,0.25
"424",54158,2017-01-01,2012-08-01,1614,424,5,2,2,0.4
"425",54179,2017-04-01,2012-08-01,1704,425,10,7,3,0.7
"426",54207,2017-04-01,2013-10-01,1278,426,6,5,2,0.83
"427",54231,2017-04-01,2013-03-01,1492,427,7,1,3,0.14
"428",54237,2016-07-01,2012-09-01,1399,428,2,1,3,0.5
"429",54256,2017-01-01,2012-09-01,1583,429,5,1,2,0.2
"430",54269,2016-07-01,2016-04-01,91,430,10,6,3,0.6
"431",54285,2017-04-01,2016-09-01,212,431,4,0,2,0
"432",54390,2016-09-01,2016-07-01,62,432,10,7,2,0.7
"433",54394,2016-11-01,2012-12-01,1431,433,6,3,2,0.5
"434",54427,2017-04-01,2012-10-01,1643,434,8,4,2,0.5
"435",54505,2017-04-01,2012-10-01,1643,435,7,4,3,0.57
"436",54538,2017-04-01,2013-09-01,1308,436,8,1,1,0.12
"437",54586,2016-10-01,2014-02-01,973,437,7,3,4,0.43
"438",54600,2017-04-01,2012-10-01,1643,438,6,1,2,0.17
"439",54642,2016-12-01,2012-11-01,1491,439,6,5,2,0.83
"440",54680,2017-04-01,2011-05-01,2162,440,5,3,3,0.6
"441",54686,2017-04-01,2012-11-01,1612,441,6,4,2,0.67
"442",54748,2016-05-01,2012-11-01,1277,442,4,3,2,0.75
"443",54758,2016-12-01,2016-09-01,91,443,7,4,3,0.57
"444",54781,2017-04-01,2012-11-01,1612,444,7,3,1,0.43
"445",54788,2016-05-01,2012-12-01,1247,445,5,3,2,0.6
"446",54814,2017-04-01,2012-12-01,1582,446,3,0,2,0
"447",54856,2016-10-01,2016-10-01,0,447,5,2,1,0.4
"448",54859,2017-04-01,2012-12-01,1582,448,7,2,2,0.29
"449",54874,2017-04-01,2012-12-01,1582,449,15,4,3,0.27
"450",54935,2017-04-01,2013-01-01,1551,450,7,1,3,0.14
"451",54949,2016-11-01,2013-01-01,1400,451,5,4,2,0.8
"452",54950,2017-04-01,2013-01-01,1551,452,11,6,2,0.55
"453",54954,2016-04-01,2013-01-01,1186,453,9,2,3,0.22
"454",54968,2017-04-01,2013-01-01,1551,454,5,1,3,0.2
"455",55040,2016-08-01,2016-10-01,-61,455,12,5,4,0.42
"456",55059,2017-04-01,2013-01-01,1551,456,4,2,2,0.5
"457",55101,2016-06-01,2013-01-01,1247,457,4,2,2,0.5
"458",55112,2017-04-01,2016-10-01,182,458,10,6,2,0.6
"459",55133,2017-04-01,2016-12-01,121,459,5,3,2,0.6
"460",55136,2016-08-01,2012-12-01,1339,460,5,2,2,0.4
"461",55175,2017-04-01,2013-01-01,1551,461,5,3,3,0.6
"462",55198,2016-03-01,2016-01-01,60,462,6,5,3,0.83
"463",55219,2017-04-01,2012-11-01,1612,463,6,2,3,0.33
"464",55236,2016-06-01,2013-02-01,1216,464,5,4,2,0.8
"465",55245,2017-04-01,2013-02-01,1520,465,1,0,3,0
"466",55273,2017-04-01,2013-02-01,1520,466,3,1,2,0.33
"467",55335,2017-04-01,2016-05-01,335,467,7,2,3,0.29
"468",55383,2017-04-01,2013-03-01,1492,468,6,1,2,0.17
"469",55392,2017-04-01,2013-03-01,1492,469,5,0,3,0
"470",55504,2016-06-01,2013-03-01,1188,470,5,2,2,0.4
"471",55525,2016-09-01,2013-03-01,1280,471,3,2,2,0.67
"472",55600,2017-04-01,2014-12-01,852,472,13,8,3,0.62
"473",55615,2016-08-01,2013-04-01,1218,473,3,2,2,0.67
"474",55623,2017-04-01,2016-06-01,304,474,6,2,2,0.33
"475",55700,2016-08-01,2013-04-01,1218,475,8,3,3,0.38
"476",55719,2017-04-01,2016-08-01,243,476,11,6,4,0.55
"477",55823,2017-04-01,2013-05-01,1431,477,8,2,2,0.25
"478",55839,2017-04-01,2013-05-01,1431,478,3,1,3,0.33
"479",55841,2016-04-01,2013-02-01,1155,479,8,0,2,0
"480",55869,2017-04-01,2013-05-01,1431,480,4,0,2,0
"481",55881,2017-04-01,2013-05-01,1431,481,10,9,2,0.9
"482",55993,2016-07-01,2013-06-01,1126,482,8,5,2,0.62
"483",56007,2017-04-01,2013-06-01,1400,483,5,2,2,0.4
"484",56008,2017-04-01,2013-06-01,1400,484,7,3,3,0.43
"485",56103,2017-04-01,2013-07-01,1370,485,4,2,3,0.5
"486",56115,2016-02-01,2013-06-01,975,486,5,1,2,0.2
"487",56122,2017-04-01,2013-07-01,1370,487,6,1,3,0.17
"488",56127,2016-12-01,2016-07-01,153,488,5,2,2,0.4
"489",56141,2017-04-01,2013-07-01,1370,489,3,1,2,0.33
"490",56156,2017-02-01,2013-07-01,1311,490,9,1,2,0.11
"491",56183,2017-04-01,2013-06-01,1400,491,3,1,2,0.33
"492",56191,2017-04-01,2016-02-01,425,492,6,0,3,0
"493",56197,2016-09-01,2013-07-01,1158,493,3,2,2,0.67
"494",56237,2017-04-01,2013-06-01,1400,494,6,3,2,0.5
"495",56265,2017-01-01,2013-07-01,1280,495,3,1,1,0.33
"496",56306,2017-04-01,2013-07-01,1370,496,11,1,2,0.09
"497",56314,2017-01-01,2013-07-01,1280,497,4,2,2,0.5
"498",56318,2017-04-01,2013-07-01,1370,498,7,4,2,0.57
"499",56319,2017-04-01,2013-07-01,1370,499,6,2,2,0.33
"500",56370,2016-09-01,2013-08-01,1127,500,5,2,2,0.4
"501",56397,2017-04-01,2012-11-01,1612,501,8,5,3,0.62
"502",56405,2017-04-01,2013-08-01,1339,502,5,3,2,0.6
"503",56490,2016-09-01,2013-08-01,1127,503,4,2,2,0.5
"504",56499,2016-04-01,2013-08-01,974,504,3,2,2,0.67
"505",56504,2017-04-01,2016-07-01,274,505,5,1,2,0.2
"506",56525,2017-04-01,2016-08-01,243,506,5,1,3,0.2
"507",56531,2017-04-01,2013-05-01,1431,507,7,2,3,0.29
"508",56538,2017-01-01,2013-08-01,1249,508,3,2,2,0.67
"509",56549,2016-08-01,2013-09-01,1065,509,9,3,2,0.33
"510",56561,2017-01-01,2013-09-01,1218,510,4,3,2,0.75
"511",56588,2017-04-01,2013-09-01,1308,511,8,3,2,0.38
"512",56638,2017-04-01,2016-01-01,456,512,10,4,2,0.4
"513",56660,2016-05-01,2016-03-01,61,513,9,6,2,0.67
"514",56685,2017-04-01,2013-10-01,1278,514,6,2,2,0.33
"515",56693,2017-04-01,2013-10-01,1278,515,9,1,3,0.11
"516",56725,2016-12-01,2013-10-01,1157,516,9,1,2,0.11
"517",56744,2017-04-01,2013-10-01,1278,517,5,1,2,0.2
"518",56768,2017-01-01,2013-10-01,1188,518,6,2,2,0.33
"519",56799,2017-04-01,2013-09-01,1308,519,5,2,2,0.4
"520",56804,2017-04-01,2013-11-01,1247,520,5,2,3,0.4
"521",56813,2017-04-01,2013-11-01,1247,521,9,5,2,0.56
"522",56840,2017-04-01,2014-11-01,882,522,9,5,3,0.56
"523",56847,2016-06-01,2013-11-01,943,523,5,2,2,0.4
"524",56860,2016-11-01,2013-11-01,1096,524,5,2,3,0.4
"525",56865,2017-01-01,2013-11-01,1157,525,3,2,2,0.67
"526",56912,2016-03-01,2016-02-01,29,526,5,2,2,0.4
"527",56925,2016-06-01,2013-12-01,913,527,6,2,2,0.33
"528",57046,2017-04-01,2013-12-01,1217,528,3,0,2,0
"529",57088,2016-11-01,2016-02-01,274,529,6,2,2,0.33
"530",57145,2016-08-01,2014-01-01,943,530,3,0,2,0
"531",57158,2016-02-01,2014-01-01,761,531,3,2,2,0.67
"532",57164,2017-04-01,2016-10-01,182,532,9,3,2,0.33
"533",57171,2016-12-01,2016-12-01,0,533,3,0,2,0
"534",57217,2017-04-01,2014-01-01,1186,534,3,2,2,0.67
"535",57274,2016-12-01,2016-09-01,91,535,4,3,2,0.75
"536",57303,2016-11-01,2014-02-01,1004,536,6,4,3,0.67
"537",57410,2016-10-01,2013-12-01,1035,537,6,2,2,0.33
"538",57436,2016-04-01,2014-02-01,790,538,3,1,2,0.33
"539",57444,2017-01-01,2013-11-01,1157,539,3,1,3,0.33
"540",57490,2017-01-01,2014-03-01,1037,540,5,0,2,0
"541",57492,2017-04-01,2016-05-01,335,541,9,1,2,0.11
"542",57509,2017-04-01,2014-03-01,1127,542,8,3,3,0.38
"543",57525,2017-04-01,2014-03-01,1127,543,4,1,2,0.25
"544",57556,2017-04-01,2014-03-01,1127,544,7,2,3,0.29
"545",57623,2016-06-01,2014-04-01,792,545,4,2,3,0.5
"546",57630,2017-04-01,2016-01-01,456,546,10,4,4,0.4
"547",57663,2017-04-01,2014-04-01,1096,547,4,1,3,0.25
"548",57683,2017-04-01,2014-04-01,1096,548,8,3,3,0.38
"549",57697,2017-04-01,2014-04-01,1096,549,12,8,1,0.67
"550",57698,2017-01-01,2016-08-01,153,550,7,3,2,0.43
"551",57728,2017-04-01,2014-05-01,1066,551,6,1,2,0.17
"552",57732,2017-01-01,2015-10-01,458,552,4,3,3,0.75
"553",57744,2017-04-01,2014-03-01,1127,553,3,2,2,0.67
"554",57759,2017-04-01,2016-12-01,121,554,6,0,2,0
"555",57816,2017-04-01,2014-04-01,1096,555,4,1,2,0.25
"556",57840,2017-04-01,2014-04-01,1096,556,6,3,3,0.5
"557",57870,2017-04-01,2016-03-01,396,557,5,2,1,0.4
"558",57887,2016-10-01,2016-07-01,92,558,3,2,2,0.67
"559",57972,2017-04-01,2016-06-01,304,559,4,3,2,0.75
"560",58022,2017-04-01,2014-04-01,1096,560,6,2,2,0.33
"561",58040,2016-11-01,2014-06-01,884,561,5,0,2,0
"562",58080,2017-04-01,2014-06-01,1035,562,4,2,3,0.5
"563",58092,2017-04-01,2014-07-01,1005,563,4,3,2,0.75
"564",58181,2017-04-01,2014-07-01,1005,564,5,1,2,0.2
"565",58232,2017-04-01,2016-08-01,243,565,11,4,2,0.36
"566",58245,2016-08-01,2014-07-01,762,566,5,3,3,0.6
"567",58280,2017-04-01,2015-11-01,517,567,7,0,3,0
"568",58291,2017-04-01,2014-07-01,1005,568,11,2,3,0.18
"569",58302,2016-10-01,2014-08-01,792,569,3,0,2,0
"570",58339,2017-04-01,2015-02-01,790,570,8,5,2,0.62
"571",58347,2017-04-01,2016-11-01,151,571,7,2,1,0.29
"572",58379,2017-04-01,2016-05-01,335,572,6,4,4,0.67
"573",58381,2016-10-01,2016-03-01,214,573,3,1,2,0.33
"574",58383,2016-10-01,2014-08-01,792,574,7,2,2,0.29
"575",58406,2017-04-01,2014-08-01,974,575,3,2,2,0.67
"576",58427,2016-10-01,2014-09-01,761,576,3,2,2,0.67
"577",58428,2017-04-01,2016-07-01,274,577,7,3,3,0.43
"578",58431,2016-12-01,2016-10-01,61,578,8,4,1,0.5
"579",58447,2016-11-01,2016-09-01,61,579,9,1,2,0.11
"580",58451,2016-12-01,2014-09-01,822,580,4,2,2,0.5
"581",58463,2016-06-01,2014-08-01,670,581,5,3,2,0.6
"582",58492,2017-04-01,2014-09-01,943,582,4,1,2,0.25
"583",58552,2017-04-01,2016-06-01,304,583,8,3,2,0.38
"584",58561,2017-04-01,2014-09-01,943,584,6,3,2,0.5
"585",58583,2017-04-01,2016-08-01,243,585,14,6,3,0.43
"586",58618,2017-04-01,2014-10-01,913,586,6,2,2,0.33
"587",58638,2017-04-01,2014-10-01,913,587,5,3,3,0.6
"588",58643,2017-04-01,2014-10-01,913,588,8,2,2,0.25
"589",58668,2017-01-01,2014-10-01,823,589,3,0,2,0
"590",58697,2017-04-01,2014-10-01,913,590,6,0,1,0
"591",58702,2016-10-01,2014-10-01,731,591,3,2,2,0.67
"592",58704,2016-06-01,2014-10-01,609,592,6,4,2,0.67
"593",58712,2017-02-01,2014-10-01,854,593,7,2,3,0.29
"594",58723,2017-04-01,2016-08-01,243,594,5,4,1,0.8
"595",58734,2016-04-01,2016-03-01,31,595,4,2,2,0.5
"596",58735,2016-05-01,2015-03-01,427,596,6,2,3,0.33
"597",58761,2017-04-01,2015-09-01,578,597,1,0,3,0
"598",58784,2016-12-01,2014-10-01,792,598,8,4,2,0.5
"599",58787,2017-04-01,2016-03-01,396,599,5,0,1,0
"600",58802,2016-09-01,2014-11-01,670,600,4,3,3,0.75
"601",58824,2017-04-01,2016-12-01,121,601,14,5,3,0.36
"602",58844,2016-11-01,2014-12-01,701,602,5,3,2,0.6
"603",58857,2017-04-01,2014-12-01,852,603,8,2,2,0.25
"604",58973,2017-04-01,2014-12-01,852,604,4,0,2,0
"605",58994,2016-08-01,2015-01-01,578,605,6,3,2,0.5
"606",58998,2017-04-01,2014-12-01,852,606,5,3,2,0.6
"607",58999,2016-06-01,2015-01-01,517,607,3,1,2,0.33
"608",59012,2017-04-01,2016-01-01,456,608,5,3,2,0.6
"609",59034,2016-06-01,2016-03-01,92,609,6,2,2,0.33
"610",59036,2016-05-01,2016-03-01,61,610,7,5,2,0.71
"611",59054,2017-04-01,2015-01-01,821,611,5,3,2,0.6
"612",59086,2016-04-01,2015-01-01,456,612,3,1,2,0.33
"613",59093,2016-09-01,2015-01-01,609,613,8,4,2,0.5
"614",59110,2017-04-01,2014-12-01,852,614,3,2,2,0.67
"615",59156,2016-12-01,2015-02-01,669,615,4,3,2,0.75
"616",59162,2016-10-01,2016-10-01,0,616,12,3,2,0.25
"617",59180,2016-04-01,2016-02-01,60,617,5,2,2,0.4
"618",59226,2017-04-01,2015-02-01,790,618,11,3,2,0.27
"619",59233,2016-04-01,2016-02-01,60,619,6,5,2,0.83
"620",59263,2016-04-01,2014-07-01,640,620,8,1,3,0.12
"621",59282,2017-04-01,2015-01-01,821,621,5,1,1,0.2
"622",59384,2017-04-01,2015-04-01,731,622,4,2,2,0.5
"623",59398,2017-04-01,2016-12-01,121,623,5,2,2,0.4
"624",59433,2017-04-01,2015-04-01,731,624,6,2,2,0.33
"625",59457,2017-04-01,2015-04-01,731,625,7,4,3,0.57
"626",59458,2017-04-01,2015-09-01,578,626,8,4,2,0.5
"627",59465,2017-04-01,2015-04-01,731,627,5,0,2,0
"628",59476,2016-06-01,2015-04-01,427,628,9,1,2,0.11
"629",59486,2017-04-01,2015-04-01,731,629,6,4,2,0.67
"630",59512,2017-04-01,2015-05-01,701,630,3,2,2,0.67
"631",59576,2016-06-01,2015-05-01,397,631,5,2,2,0.4
"632",59592,2017-04-01,2016-12-01,121,632,7,4,2,0.57
"633",59605,2017-04-01,2015-05-01,701,633,3,2,2,0.67
"634",59632,2017-04-01,2016-08-01,243,634,3,2,2,0.67
"635",59661,2016-12-01,2015-05-01,580,635,3,2,2,0.67
"636",59663,2017-04-01,2015-05-01,701,636,2,1,2,0.5
"637",59677,2017-04-01,2015-05-01,701,637,4,1,2,0.25
"638",59679,2017-04-01,2015-06-01,670,638,7,3,2,0.43
"639",59693,2017-04-01,2016-01-01,456,639,10,6,1,0.6
"640",59697,2017-04-01,2015-06-01,670,640,8,2,2,0.25
"641",59717,2017-04-01,2015-06-01,670,641,4,2,1,0.5
"642",59722,2017-04-01,2015-06-01,670,642,7,3,2,0.43
"643",59765,2016-12-01,2015-06-01,549,643,5,1,2,0.2
"644",59783,2017-04-01,2015-06-01,670,644,3,1,1,0.33
"645",59798,2017-04-01,2015-06-01,670,645,8,4,2,0.5
"646",59815,2017-04-01,2015-06-01,670,646,7,3,2,0.43
"647",59841,2017-04-01,2015-07-01,640,647,5,2,2,0.4
"648",59855,2017-04-01,2015-07-01,640,648,5,2,2,0.4
"649",59883,2017-04-01,2015-07-01,640,649,4,2,2,0.5
"650",59888,2017-04-01,2016-12-01,121,650,10,4,2,0.4
"651",59899,2016-12-01,2015-07-01,519,651,6,1,2,0.17
"652",59906,2017-01-01,2015-07-01,550,652,10,5,2,0.5
"653",60003,2016-11-01,2015-08-01,458,653,5,1,2,0.2
"654",60033,2017-04-01,2015-07-01,640,654,4,0,2,0
"655",60035,2017-04-01,2015-08-01,609,655,5,3,2,0.6
"656",60064,2017-04-01,2015-08-01,609,656,3,2,2,0.67
"657",60071,2017-04-01,2015-08-01,609,657,4,0,2,0
"658",60083,2016-10-01,2015-08-01,427,658,3,1,2,0.33
"659",60090,2016-07-01,2015-08-01,335,659,5,3,2,0.6
"660",60103,2016-08-01,2016-04-01,122,660,4,3,1,0.75
"661",60111,2017-04-01,2015-08-01,609,661,5,3,2,0.6
"662",60132,2017-04-01,2015-09-01,578,662,3,2,2,0.67
"663",60133,2016-02-01,2015-08-01,184,663,3,1,2,0.33
"664",60166,2017-04-01,2015-07-01,640,664,8,5,2,0.62
"665",60173,2017-04-01,2015-09-01,578,665,5,1,2,0.2
"666",60180,2017-04-01,2016-10-01,182,666,5,2,2,0.4
"667",60205,2017-04-01,2015-09-01,578,667,6,3,2,0.5
"668",60250,2017-04-01,2016-12-01,121,668,4,2,2,0.5
"669",60298,2016-10-01,2016-08-01,61,669,7,3,2,0.43
"670",60334,2016-12-01,2016-07-01,153,670,4,2,2,0.5
"671",60372,2017-04-01,2015-10-01,548,671,5,1,2,0.2
"672",60374,2017-04-01,2016-12-01,121,672,13,9,2,0.69
"673",60380,2017-04-01,2015-10-01,548,673,5,2,2,0.4
"674",60383,2017-04-01,2015-10-01,548,674,5,2,2,0.4
"675",60400,2016-08-01,2015-10-01,305,675,5,0,2,0
"676",60410,2017-04-01,2016-11-01,151,676,11,3,2,0.27
"677",60414,2016-11-01,2015-10-01,397,677,6,2,2,0.33
"678",60416,2017-04-01,2015-10-01,548,678,3,0,2,0
"679",60441,2017-04-01,2015-11-01,517,679,3,1,2,0.33
"680",60456,2017-04-01,2015-11-01,517,680,8,4,2,0.5
"681",60497,2017-04-01,2015-11-01,517,681,7,4,2,0.57
"682",60516,2017-04-01,2015-11-01,517,682,7,5,2,0.71
"683",60533,2017-01-01,2015-11-01,427,683,3,2,2,0.67
"684",60543,2017-01-01,2016-10-01,92,684,6,1,2,0.17
"685",60549,2017-04-01,2015-12-01,487,685,5,2,2,0.4
"686",60604,2017-04-01,2015-12-01,487,686,4,0,2,0
"687",60612,2017-04-01,2015-12-01,487,687,6,2,2,0.33
"688",60633,2017-04-01,2015-12-01,487,688,3,2,2,0.67
"689",60639,2017-04-01,2016-02-01,425,689,12,5,2,0.42
"690",60643,2017-04-01,2015-12-01,487,690,2,0,2,0
"691",60671,2016-04-01,2015-12-01,122,691,4,0,2,0
"692",60680,2017-04-01,2015-12-01,487,692,7,4,2,0.57
"693",60694,2017-04-01,2015-11-01,517,693,4,3,1,0.75
"694",60697,2016-01-01,2016-01-01,0,694,5,1,1,0.2
"695",60699,2016-02-01,2016-01-01,31,695,3,0,1,0
"696",60700,2017-04-01,2015-12-01,487,696,10,3,2,0.3
"697",60701,2016-03-01,2016-01-01,60,697,2,1,1,0.5
"698",60706,2017-04-01,2016-01-01,456,698,5,2,2,0.4
"699",60707,2017-04-01,2016-01-01,456,699,3,0,1,0
"700",60710,2017-04-01,2016-01-01,456,700,7,2,1,0.29
"701",60713,2017-04-01,2016-01-01,456,701,4,3,1,0.75
"702",60715,2016-01-01,2016-01-01,0,702,4,2,1,0.5
"703",60718,2016-05-01,2016-01-01,121,703,6,4,1,0.67
"704",60719,2016-01-01,2016-01-01,0,704,6,0,1,0
"705",60720,2016-05-01,2016-01-01,121,705,10,1,1,0.1
"706",60723,2016-05-01,2016-01-01,121,706,4,2,1,0.5
"707",60729,2016-05-01,2016-01-01,121,707,3,2,1,0.67
"708",60730,2017-04-01,2016-01-01,456,708,4,1,1,0.25
"709",60731,2016-11-01,2016-06-01,153,709,14,7,1,0.5
"710",60735,2016-01-01,2016-01-01,0,710,6,4,1,0.67
"711",60736,2016-08-01,2016-01-01,213,711,5,1,1,0.2
"712",60738,2016-09-01,2016-01-01,244,712,4,0,1,0
"713",60740,2016-08-01,2016-01-01,213,713,3,0,1,0
"714",60741,2016-07-01,2016-01-01,182,714,5,3,1,0.6
"715",60743,2017-04-01,2016-01-01,456,715,5,0,1,0
"716",60744,2016-04-01,2016-01-01,91,716,4,2,1,0.5
"717",60745,2017-04-01,2016-01-01,456,717,4,0,1,0
"718",60747,2016-02-01,2016-01-01,31,718,7,1,1,0.14
"719",60750,2016-03-01,2016-01-01,60,719,6,3,1,0.5
"720",60752,2016-07-01,2016-01-01,182,720,3,2,1,0.67
"721",60753,2016-02-01,2016-01-01,31,721,9,2,1,0.22
"722",60755,2016-04-01,2016-01-01,91,722,2,1,1,0.5
"723",60756,2016-03-01,2016-01-01,60,723,5,1,1,0.2
"724",60760,2016-02-01,2016-01-01,31,724,1,0,1,0
"725",60762,2016-11-01,2016-01-01,305,725,5,2,1,0.4
"726",60764,2017-04-01,2016-01-01,456,726,4,3,1,0.75
"727",60766,2016-05-01,2016-01-01,121,727,4,0,1,0
"728",60767,2016-07-01,2016-01-01,182,728,3,2,1,0.67
"729",60770,2016-02-01,2016-01-01,31,729,4,0,1,0
"730",60771,2016-03-01,2016-01-01,60,730,6,4,1,0.67
"731",60772,2017-04-01,2016-01-01,456,731,4,3,1,0.75
"732",60774,2016-05-01,2016-01-01,121,732,3,0,1,0
"733",60777,2016-12-01,2016-01-01,335,733,4,1,1,0.25
"734",60781,2016-11-01,2016-01-01,305,734,3,1,1,0.33
"735",60782,2016-10-01,2016-01-01,274,735,7,1,1,0.14
"736",60787,2016-06-01,2016-01-01,152,736,2,1,1,0.5
"737",60788,2016-06-01,2016-03-01,92,737,6,2,1,0.33
"738",60789,2017-04-01,2016-01-01,456,738,7,4,1,0.57
"739",60793,2017-04-01,2016-02-01,425,739,7,2,1,0.29
"740",60794,2017-04-01,2016-02-01,425,740,3,1,1,0.33
"741",60799,2016-09-01,2016-02-01,213,741,5,2,1,0.4
"742",60806,2016-09-01,2016-02-01,213,742,3,2,1,0.67
"743",60807,2016-05-01,2016-01-01,121,743,4,0,1,0
"744",60811,2016-10-01,2016-02-01,243,744,3,0,1,0
"745",60814,2016-04-01,2016-01-01,91,745,5,1,1,0.2
"746",60817,2016-11-01,2016-01-01,305,746,8,0,2,0
"747",60818,2016-06-01,2016-02-01,121,747,7,4,1,0.57
"748",60820,2017-04-01,2016-01-01,456,748,5,0,1,0
"749",60821,2016-02-01,2016-01-01,31,749,4,3,1,0.75
"750",60822,2017-04-01,2016-02-01,425,750,4,2,1,0.5
"751",60823,2017-04-01,2016-02-01,425,751,4,1,1,0.25
"752",60825,2017-04-01,2016-02-01,425,752,3,1,1,0.33
"753",60829,2016-02-01,2016-01-01,31,753,4,0,1,0
"754",60836,2016-06-01,2016-02-01,121,754,4,2,1,0.5
"755",60838,2016-09-01,2016-02-01,213,755,3,2,2,0.67
"756",60839,2016-07-01,2016-02-01,151,756,3,2,1,0.67
"757",60841,2016-03-01,2016-02-01,29,757,1,0,1,0
"758",60842,2016-11-01,2016-02-01,274,758,3,1,1,0.33
"759",60843,2016-04-01,2016-02-01,60,759,7,6,1,0.86
"760",60847,2016-12-01,2016-02-01,304,760,5,2,1,0.4
"761",60850,2016-10-01,2016-01-01,274,761,5,3,1,0.6
"762",60852,2017-04-01,2016-01-01,456,762,4,1,1,0.25
"763",60853,2016-02-01,2016-02-01,0,763,3,1,1,0.33
"764",60854,2016-04-01,2016-01-01,91,764,5,1,1,0.2
"765",60856,2017-04-01,2016-04-01,365,765,6,1,1,0.17
"766",60857,2016-09-01,2016-01-01,244,766,5,2,1,0.4
"767",60859,2016-08-01,2016-02-01,182,767,3,0,1,0
"768",60862,2017-04-01,2016-02-01,425,768,4,2,1,0.5
"769",60863,2017-04-01,2016-02-01,425,769,5,1,1,0.2
"770",60864,2016-12-01,2016-10-01,61,770,6,5,2,0.83
"771",60869,2016-02-01,2016-02-01,0,771,4,1,1,0.25
"772",60870,2017-04-01,2016-02-01,425,772,3,2,1,0.67
"773",60871,2017-04-01,2016-02-01,425,773,4,3,1,0.75
"774",60872,2016-05-01,2016-02-01,90,774,5,4,1,0.8
"775",60873,2016-06-01,2016-02-01,121,775,4,3,1,0.75
"776",60874,2016-06-01,2016-02-01,121,776,3,0,1,0
"777",60875,2016-03-01,2016-02-01,29,777,3,0,1,0
"778",60876,2016-06-01,2016-02-01,121,778,5,2,1,0.4
"779",60877,2016-04-01,2016-02-01,60,779,3,0,1,0
"780",60878,2017-04-01,2016-02-01,425,780,3,1,1,0.33
"781",60882,2017-04-01,2016-02-01,425,781,3,1,1,0.33
"782",60883,2016-12-01,2016-02-01,304,782,7,3,2,0.43
"783",60884,2016-05-01,2016-02-01,90,783,5,1,1,0.2
"784",60885,2016-04-01,2016-02-01,60,784,5,0,1,0
"785",60888,2017-04-01,2016-02-01,425,785,3,1,2,0.33
"786",60889,2016-04-01,2016-02-01,60,786,6,0,1,0
"787",60890,2017-04-01,2016-02-01,425,787,4,2,1,0.5
"788",60893,2016-08-01,2016-02-01,182,788,4,0,1,0
"789",60895,2016-10-01,2016-02-01,243,789,2,1,1,0.5
"790",60896,2017-04-01,2016-02-01,425,790,5,1,1,0.2
"791",60897,2016-07-01,2016-02-01,151,791,3,2,1,0.67
"792",60900,2017-04-01,2016-05-01,335,792,14,2,2,0.14
"793",60901,2016-02-01,2016-02-01,0,793,3,1,1,0.33
"794",60902,2017-04-01,2016-02-01,425,794,2,1,1,0.5
"795",60903,2017-04-01,2016-02-01,425,795,7,3,1,0.43
"796",60904,2016-04-01,2016-02-01,60,796,4,2,1,0.5
"797",60906,2016-11-01,2016-02-01,274,797,2,1,1,0.5
"798",60907,2017-04-01,2016-06-01,304,798,15,8,1,0.53
"799",60908,2016-04-01,2016-02-01,60,799,5,3,1,0.6
"800",60909,2017-04-01,2016-02-01,425,800,8,1,1,0.12
"801",60914,2017-04-01,2016-02-01,425,801,7,4,1,0.57
"802",60915,2017-04-01,2016-02-01,425,802,3,0,2,0
"803",60916,2016-05-01,2016-02-01,90,803,5,1,1,0.2
"804",60919,2017-04-01,2016-09-01,212,804,5,1,1,0.2
"805",60920,2017-04-01,2016-03-01,396,805,2,1,1,0.5
"806",60921,2016-02-01,2016-02-01,0,806,5,3,1,0.6
"807",60923,2016-04-01,2016-03-01,31,807,6,1,1,0.17
"808",60925,2016-07-01,2016-03-01,122,808,7,2,1,0.29
"809",60928,2016-07-01,2016-03-01,122,809,4,0,1,0
"810",60929,2017-02-01,2016-03-01,337,810,3,0,1,0
"811",60930,2017-04-01,2016-01-01,456,811,3,1,1,0.33
"812",60932,2017-04-01,2016-03-01,396,812,4,2,1,0.5
"813",60937,2016-11-01,2016-02-01,274,813,4,3,1,0.75
"814",60938,2016-03-01,2016-03-01,0,814,7,0,1,0
"815",60943,2017-04-01,2016-03-01,396,815,4,1,1,0.25
"816",60945,2016-05-01,2016-03-01,61,816,4,1,1,0.25
"817",60946,2017-04-01,2016-03-01,396,817,7,1,1,0.14
"818",60948,2017-04-01,2016-03-01,396,818,5,3,1,0.6
"819",60949,2017-04-01,2016-03-01,396,819,4,2,1,0.5
"820",60950,2016-12-01,2016-03-01,275,820,7,3,2,0.43
"821",60951,2016-05-01,2016-03-01,61,821,3,1,1,0.33
"822",60953,2017-04-01,2016-03-01,396,822,6,4,1,0.67
"823",60961,2016-04-01,2016-03-01,31,823,2,1,1,0.5
"824",60962,2016-07-01,2016-03-01,122,824,5,2,1,0.4
"825",60964,2016-06-01,2016-03-01,92,825,5,1,1,0.2
"826",60966,2016-06-01,2016-03-01,92,826,3,2,1,0.67
"827",60967,2016-05-01,2016-03-01,61,827,4,2,1,0.5
"828",60968,2016-07-01,2016-03-01,122,828,4,0,1,0
"829",60969,2017-04-01,2016-03-01,396,829,5,1,1,0.2
"830",60970,2016-05-01,2016-03-01,61,830,6,2,1,0.33
"831",60971,2016-06-01,2016-03-01,92,831,5,0,1,0
"832",60972,2016-03-01,2016-03-01,0,832,6,2,1,0.33
"833",60975,2016-05-01,2016-03-01,61,833,6,5,1,0.83
"834",60978,2017-04-01,2016-03-01,396,834,9,3,3,0.33
"835",60979,2017-04-01,2016-03-01,396,835,6,0,1,0
"836",60980,2016-05-01,2016-03-01,61,836,4,0,1,0
"837",60983,2016-07-01,2016-03-01,122,837,5,1,1,0.2
"838",60984,2016-08-01,2016-03-01,153,838,4,2,1,0.5
"839",60986,2016-08-01,2016-03-01,153,839,6,5,1,0.83
"840",60988,2016-11-01,2016-03-01,245,840,3,1,1,0.33
"841",60989,2016-04-01,2016-03-01,31,841,6,5,1,0.83
"842",60990,2017-04-01,2016-03-01,396,842,6,1,1,0.17
"843",60991,2016-11-01,2016-03-01,245,843,3,2,1,0.67
"844",60994,2017-04-01,2016-03-01,396,844,8,1,1,0.12
"845",60995,2016-10-01,2016-03-01,214,845,4,2,1,0.5
"846",60996,2016-04-01,2016-03-01,31,846,4,1,1,0.25
"847",60998,2016-03-01,2016-03-01,0,847,2,0,1,0
"848",61000,2017-04-01,2016-03-01,396,848,3,0,1,0
"849",61002,2017-04-01,2016-07-01,274,849,4,1,1,0.25
"850",61003,2017-04-01,2016-03-01,396,850,5,3,1,0.6
"851",61005,2016-04-01,2016-03-01,31,851,4,1,1,0.25
"852",61006,2017-04-01,2016-03-01,396,852,4,0,1,0
"853",61010,2016-08-01,2016-03-01,153,853,2,0,1,0
"854",61011,2017-04-01,2016-03-01,396,854,5,1,1,0.2
"855",61014,2017-04-01,2016-03-01,396,855,4,2,2,0.5
"856",61015,2016-08-01,2016-03-01,153,856,3,1,1,0.33
"857",61020,2016-07-01,2016-03-01,122,857,3,1,1,0.33
"858",61022,2016-07-01,2016-03-01,122,858,4,1,1,0.25
"859",61023,2017-04-01,2016-03-01,396,859,6,1,1,0.17
"860",61024,2016-07-01,2016-03-01,122,860,3,2,1,0.67
"861",61025,2017-04-01,2016-10-01,182,861,10,5,1,0.5
"862",61026,2016-04-01,2016-03-01,31,862,4,2,1,0.5
"863",61029,2017-04-01,2016-03-01,396,863,5,4,1,0.8
"864",61033,2017-04-01,2016-03-01,396,864,3,0,1,0
"865",61035,2016-04-01,2016-01-01,91,865,5,1,1,0.2
"866",61037,2017-01-01,2016-03-01,306,866,9,2,1,0.22
"867",61039,2016-10-01,2016-03-01,214,867,4,3,1,0.75
"868",61040,2016-05-01,2016-03-01,61,868,7,2,1,0.29
"869",61041,2016-05-01,2016-03-01,61,869,7,1,1,0.14
"870",61043,2017-04-01,2016-03-01,396,870,7,2,1,0.29
"871",61044,2016-04-01,2016-03-01,31,871,5,2,1,0.4
"872",61045,2017-04-01,2016-03-01,396,872,3,1,1,0.33
"873",61047,2016-09-01,2016-03-01,184,873,4,2,1,0.5
"874",61053,2016-05-01,2016-04-01,30,874,3,0,1,0
"875",61054,2016-11-01,2016-04-01,214,875,3,1,1,0.33
"876",61055,2016-05-01,2016-03-01,61,876,5,1,1,0.2
"877",61056,2016-04-01,2016-03-01,31,877,5,3,1,0.6
"878",61057,2017-04-01,2016-04-01,365,878,6,2,1,0.33
"879",61058,2016-07-01,2016-04-01,91,879,5,1,1,0.2
"880",61060,2016-07-01,2016-04-01,91,880,5,2,1,0.4
"881",61061,2016-05-01,2016-04-01,30,881,5,1,1,0.2
"882",61062,2016-08-01,2016-04-01,122,882,3,0,1,0
"883",61063,2017-04-01,2016-03-01,396,883,3,2,1,0.67
"884",61064,2017-04-01,2016-04-01,365,884,6,3,1,0.5
"885",61065,2017-04-01,2016-04-01,365,885,4,2,1,0.5
"886",61066,2016-10-01,2016-04-01,183,886,4,2,1,0.5
"887",61067,2016-07-01,2016-04-01,91,887,7,2,1,0.29
"888",61068,2017-04-01,2016-04-01,365,888,3,2,1,0.67
"889",61071,2017-04-01,2016-04-01,365,889,5,2,1,0.4
"890",61073,2017-04-01,2016-04-01,365,890,6,2,1,0.33
"891",61074,2016-07-01,2016-04-01,91,891,8,3,1,0.38
"892",61080,2016-10-01,2016-04-01,183,892,5,1,1,0.2
"893",61083,2017-04-01,2016-04-01,365,893,6,3,2,0.5
"894",61084,2017-04-01,2016-04-01,365,894,3,1,1,0.33
"895",61085,2016-05-01,2016-04-01,30,895,3,1,1,0.33
"896",61086,2016-04-01,2016-04-01,0,896,4,0,1,0
"897",61089,2016-09-01,2016-04-01,153,897,5,0,1,0
"898",61095,2016-09-01,2016-04-01,153,898,6,3,1,0.5
"899",61096,2017-04-01,2016-04-01,365,899,4,1,2,0.25
"900",61100,2017-04-01,2016-04-01,365,900,4,2,1,0.5
"901",61101,2017-04-01,2016-04-01,365,901,4,1,1,0.25
"902",61103,2016-08-01,2016-04-01,122,902,3,0,1,0
"903",61104,2016-08-01,2016-04-01,122,903,5,1,1,0.2
"904",61106,2016-04-01,2016-04-01,0,904,9,5,1,0.56
"905",61109,2016-08-01,2016-04-01,122,905,5,1,1,0.2
"906",61110,2016-11-01,2016-06-01,153,906,12,4,1,0.33
"907",61111,2016-12-01,2016-04-01,244,907,3,0,1,0
"908",61112,2017-04-01,2016-04-01,365,908,6,3,1,0.5
"909",61115,2016-09-01,2016-04-01,153,909,3,0,1,0
"910",61116,2016-11-01,2016-04-01,214,910,5,3,1,0.6
"911",61117,2017-04-01,2016-04-01,365,911,11,4,1,0.36
"912",61118,2016-07-01,2016-04-01,91,912,4,3,1,0.75
"913",61119,2016-04-01,2016-04-01,0,913,2,0,1,0
"914",61120,2017-04-01,2016-04-01,365,914,1,0,1,0
"915",61121,2017-04-01,2016-04-01,365,915,6,4,1,0.67
"916",61122,2016-07-01,2016-04-01,91,916,4,1,1,0.25
"917",61123,2016-07-01,2016-04-01,91,917,3,0,1,0
"918",61128,2017-04-01,2016-04-01,365,918,6,1,1,0.17
"919",61129,2017-04-01,2016-05-01,335,919,7,3,1,0.43
"920",61130,2016-06-01,2016-04-01,61,920,3,0,1,0
"921",61133,2016-08-01,2016-04-01,122,921,4,0,1,0
"922",61134,2016-04-01,2016-03-01,31,922,10,5,1,0.5
"923",61135,2016-06-01,2016-04-01,61,923,3,0,1,0
"924",61136,2016-05-01,2016-04-01,30,924,4,0,1,0
"925",61137,2016-06-01,2016-04-01,61,925,6,5,1,0.83
"926",61142,2016-10-01,2016-04-01,183,926,7,1,1,0.14
"927",61144,2017-04-01,2016-04-01,365,927,6,0,1,0
"928",61145,2017-04-01,2016-04-01,365,928,5,2,1,0.4
"929",61146,2016-06-01,2016-04-01,61,929,3,1,1,0.33
"930",61148,2017-04-01,2016-04-01,365,930,7,4,1,0.57
"931",61151,2017-01-01,2016-04-01,275,931,4,1,1,0.25
"932",61152,2016-12-01,2016-04-01,244,932,7,4,1,0.57
"933",61156,2017-04-01,2016-04-01,365,933,5,3,1,0.6
"934",61158,2017-04-01,2016-04-01,365,934,16,7,1,0.44
"935",61159,2016-06-01,2016-04-01,61,935,4,0,1,0
"936",61160,2017-04-01,2016-04-01,365,936,2,0,1,0
"937",61162,2017-04-01,2016-06-01,304,937,3,2,1,0.67
"938",61163,2017-04-01,2016-04-01,365,938,7,1,1,0.14
"939",61164,2016-07-01,2016-04-01,91,939,1,0,1,0
"940",61166,2017-04-01,2016-04-01,365,940,5,3,1,0.6
"941",61167,2016-12-01,2016-05-01,214,941,3,1,1,0.33
"942",61168,2016-12-01,2016-05-01,214,942,6,1,1,0.17
"943",61170,2016-08-01,2016-05-01,92,943,5,1,1,0.2
"944",61171,2016-07-01,2016-05-01,61,944,5,1,1,0.2
"945",61175,2016-09-01,2016-05-01,123,945,3,1,1,0.33
"946",61176,2016-11-01,2016-05-01,184,946,3,1,1,0.33
"947",61179,2017-04-01,2016-05-01,335,947,6,4,1,0.67
"948",61180,2016-06-01,2016-06-01,0,948,2,1,1,0.5
"949",61181,2016-11-01,2016-05-01,184,949,6,2,1,0.33
"950",61186,2016-12-01,2016-05-01,214,950,10,2,1,0.2
"951",61190,2017-04-01,2016-07-01,274,951,5,4,1,0.8
"952",61191,2017-04-01,2016-05-01,335,952,7,2,1,0.29
"953",61192,2017-04-01,2016-05-01,335,953,5,2,1,0.4
"954",61198,2016-05-01,2016-04-01,30,954,2,0,1,0
"955",61200,2016-05-01,2016-04-01,30,955,4,0,1,0
"956",61206,2016-06-01,2016-05-01,31,956,3,1,1,0.33
"957",61208,2017-04-01,2016-06-01,304,957,5,1,1,0.2
"958",61210,2016-09-01,2016-05-01,123,958,4,2,1,0.5
"959",61212,2016-05-01,2016-05-01,0,959,4,0,1,0
"960",61214,2016-09-01,2016-09-01,0,960,1,0,1,0
"961",61215,2017-04-01,2016-05-01,335,961,2,1,1,0.5
"962",61216,2016-12-01,2016-05-01,214,962,5,1,1,0.2
"963",61217,2017-01-01,2016-05-01,245,963,3,2,1,0.67
"964",61218,2016-08-01,2016-05-01,92,964,8,1,1,0.12
"965",61219,2016-08-01,2016-05-01,92,965,5,2,1,0.4
"966",61220,2017-04-01,2016-05-01,335,966,3,1,1,0.33
"967",61224,2016-10-01,2016-05-01,153,967,3,2,1,0.67
"968",61227,2016-05-01,2016-05-01,0,968,3,1,1,0.33
"969",61235,2016-10-01,2016-05-01,153,969,3,2,1,0.67
"970",61240,2017-04-01,2016-05-01,335,970,3,2,1,0.67
"971",61242,2017-04-01,2016-05-01,335,971,4,2,1,0.5
"972",61243,2016-09-01,2016-05-01,123,972,4,1,1,0.25
"973",61246,2016-08-01,2016-05-01,92,973,3,2,1,0.67
"974",61247,2017-04-01,2016-05-01,335,974,3,1,1,0.33
"975",61249,2017-04-01,2016-05-01,335,975,3,1,1,0.33
"976",61253,2017-04-01,2016-05-01,335,976,1,0,1,0
"977",61254,2016-06-01,2016-05-01,31,977,9,2,1,0.22
"978",61255,2017-04-01,2016-05-01,335,978,5,4,1,0.8
"979",61256,2016-08-01,2016-04-01,122,979,5,2,1,0.4
"980",61257,2016-07-01,2016-05-01,61,980,4,2,1,0.5
"981",61260,2016-06-01,2016-04-01,61,981,5,2,1,0.4
"982",61261,2017-01-01,2016-05-01,245,982,5,2,1,0.4
"983",61262,2017-04-01,2016-05-01,335,983,16,5,1,0.31
"984",61264,2017-04-01,2016-05-01,335,984,2,0,1,0
"985",61265,2017-04-01,2016-05-01,335,985,4,2,1,0.5
"986",61269,2017-04-01,2016-05-01,335,986,5,1,1,0.2
"987",61271,2016-10-01,2016-05-01,153,987,3,2,1,0.67
"988",61274,2017-04-01,2016-08-01,243,988,8,4,1,0.5
"989",61275,2016-07-01,2016-05-01,61,989,3,1,1,0.33
"990",61278,2017-04-01,2016-05-01,335,990,3,1,1,0.33
"991",61279,2016-06-01,2016-05-01,31,991,4,2,1,0.5
"992",61282,2017-04-01,2016-06-01,304,992,1,0,1,0
"993",61283,2017-04-01,2016-06-01,304,993,3,1,1,0.33
"994",61285,2017-04-01,2016-05-01,335,994,9,2,1,0.22
"995",61286,2017-04-01,2016-05-01,335,995,10,4,1,0.4
"996",61290,2016-11-01,2016-05-01,184,996,6,3,1,0.5
"997",61295,2017-04-01,2016-05-01,335,997,4,3,1,0.75
"998",61296,2017-04-01,2016-05-01,335,998,1,0,1,0
"999",61297,2017-04-01,2016-06-01,304,999,4,0,1,0
"1000",61301,2016-06-01,2016-05-01,31,1000,4,2,1,0.5
"1001",61303,2017-04-01,2016-05-01,335,1001,4,2,1,0.5
"1002",61308,2016-09-01,2016-06-01,92,1002,4,2,1,0.5
"1003",61309,2017-04-01,2016-06-01,304,1003,5,3,1,0.6
"1004",61311,2016-06-01,2016-06-01,0,1004,4,2,1,0.5
"1005",61312,2016-08-01,2016-06-01,61,1005,4,0,1,0
"1006",61315,2017-04-01,2016-06-01,304,1006,2,0,1,0
"1007",61320,2017-04-01,2016-06-01,304,1007,6,2,1,0.33
"1008",61321,2017-04-01,2016-06-01,304,1008,9,4,1,0.44
"1009",61325,2016-08-01,2016-05-01,92,1009,6,3,1,0.5
"1010",61328,2017-04-01,2016-06-01,304,1010,3,1,1,0.33
"1011",61330,2017-04-01,2016-06-01,304,1011,2,0,1,0
"1012",61331,2017-04-01,2016-08-01,243,1012,4,2,1,0.5
"1013",61338,2016-10-01,2016-06-01,122,1013,5,2,1,0.4
"1014",61342,2017-04-01,2016-12-01,121,1014,6,2,1,0.33
"1015",61343,2017-04-01,2016-06-01,304,1015,10,5,1,0.5
"1016",61345,2017-04-01,2016-06-01,304,1016,3,1,1,0.33
"1017",61346,2016-11-01,2016-06-01,153,1017,4,1,1,0.25
"1018",61347,2016-06-01,2016-06-01,0,1018,7,5,1,0.71
"1019",61348,2016-09-01,2016-05-01,123,1019,3,2,1,0.67
"1020",61349,2016-08-01,2016-06-01,61,1020,3,1,1,0.33
"1021",61350,2016-09-01,2016-05-01,123,1021,4,2,1,0.5
"1022",61351,2016-12-01,2016-06-01,183,1022,5,4,1,0.8
"1023",61352,2017-04-01,2016-06-01,304,1023,5,2,1,0.4
"1024",61359,2017-04-01,2016-06-01,304,1024,3,1,1,0.33
"1025",61360,2017-01-01,2016-06-01,214,1025,2,0,1,0
"1026",61361,2017-04-01,2016-06-01,304,1026,2,1,1,0.5
"1027",61362,2017-04-01,2016-06-01,304,1027,6,4,1,0.67
"1028",61363,2017-04-01,2016-06-01,304,1028,4,0,1,0
"1029",61370,2017-04-01,2016-06-01,304,1029,3,1,1,0.33
"1030",61374,2016-06-01,2016-06-01,0,1030,3,1,1,0.33
"1031",61375,2016-06-01,2016-06-01,0,1031,2,0,1,0
"1032",61381,2016-12-01,2016-06-01,183,1032,8,4,1,0.5
"1033",61385,2017-04-01,2016-06-01,304,1033,5,1,1,0.2
"1034",61386,2017-04-01,2016-06-01,304,1034,5,3,1,0.6
"1035",61388,2016-07-01,2016-06-01,30,1035,3,0,1,0
"1036",61391,2017-04-01,2016-06-01,304,1036,7,3,1,0.43
"1037",61392,2017-04-01,2016-06-01,304,1037,7,4,1,0.57
"1038",61395,2016-09-01,2016-06-01,92,1038,5,2,1,0.4
"1039",61396,2016-09-01,2016-06-01,92,1039,3,2,1,0.67
"1040",61398,2017-04-01,2016-06-01,304,1040,8,2,2,0.25
"1041",61399,2017-04-01,2016-06-01,304,1041,3,2,1,0.67
"1042",61400,2016-07-01,2016-06-01,30,1042,1,0,1,0
"1043",61401,2017-04-01,2016-06-01,304,1043,4,2,1,0.5
"1044",61402,2016-10-01,2016-06-01,122,1044,2,0,1,0
"1045",61403,2017-04-01,2016-07-01,274,1045,2,0,1,0
"1046",61404,2017-04-01,2016-06-01,304,1046,5,4,1,0.8
"1047",61405,2017-04-01,2016-06-01,304,1047,3,1,1,0.33
"1048",61407,2016-08-01,2016-06-01,61,1048,3,2,1,0.67
"1049",61408,2017-04-01,2016-06-01,304,1049,3,2,1,0.67
"1050",61409,2016-07-01,2016-06-01,30,1050,3,2,1,0.67
"1051",61410,2016-07-01,2016-06-01,30,1051,3,1,1,0.33
"1052",61412,2016-09-01,2016-06-01,92,1052,3,1,1,0.33
"1053",61413,2017-04-01,2016-07-01,274,1053,4,0,1,0
"1054",61414,2017-04-01,2016-06-01,304,1054,12,2,1,0.17
"1055",61415,2016-07-01,2016-06-01,30,1055,4,3,1,0.75
"1056",61416,2016-07-01,2016-06-01,30,1056,6,1,1,0.17
"1057",61417,2016-08-01,2016-07-01,31,1057,3,0,1,0
"1058",61420,2017-04-01,2016-07-01,274,1058,3,2,1,0.67
"1059",61421,2017-04-01,2016-07-01,274,1059,5,0,1,0
"1060",61422,2017-04-01,2016-11-01,151,1060,5,0,1,0
"1061",61423,2017-04-01,2016-06-01,304,1061,3,2,2,0.67
"1062",61427,2017-04-01,2016-06-01,304,1062,4,1,1,0.25
"1063",61428,2017-04-01,2016-07-01,274,1063,7,1,1,0.14
"1064",61429,2017-04-01,2016-07-01,274,1064,11,4,1,0.36
"1065",61431,2016-10-01,2016-07-01,92,1065,4,0,1,0
"1066",61438,2017-04-01,2016-07-01,274,1066,5,2,1,0.4
"1067",61439,2017-04-01,2016-07-01,274,1067,3,0,1,0
"1068",61441,2016-08-01,2016-07-01,31,1068,10,3,1,0.3
"1069",61442,2017-04-01,2016-07-01,274,1069,3,2,1,0.67
"1070",61443,2017-04-01,2016-07-01,274,1070,6,3,1,0.5
"1071",61444,2017-04-01,2016-07-01,274,1071,6,0,1,0
"1072",61445,2017-04-01,2016-07-01,274,1072,5,1,1,0.2
"1073",61447,2017-04-01,2016-07-01,274,1073,6,1,1,0.17
"1074",61448,2016-09-01,2016-07-01,62,1074,5,0,1,0
"1075",61450,2017-04-01,2016-07-01,274,1075,9,5,1,0.56
"1076",61451,2016-12-01,2016-07-01,153,1076,7,2,1,0.29
"1077",61452,2017-04-01,2016-07-01,274,1077,5,3,1,0.6
"1078",61454,2016-10-01,2016-06-01,122,1078,3,1,1,0.33
"1079",61455,2016-08-01,2016-06-01,61,1079,4,1,1,0.25
"1080",61456,2017-01-01,2016-07-01,184,1080,3,1,1,0.33
"1081",61457,2017-01-01,2016-07-01,184,1081,7,2,1,0.29
"1082",61461,2017-04-01,2016-07-01,274,1082,12,7,1,0.58
"1083",61465,2017-04-01,2016-07-01,274,1083,11,4,1,0.36
"1084",61469,2016-07-01,2016-06-01,30,1084,5,0,1,0
"1085",61472,2016-07-01,2016-07-01,0,1085,2,1,1,0.5
"1086",61473,2017-04-01,2016-07-01,274,1086,7,5,1,0.71
"1087",61474,2017-04-01,2016-07-01,274,1087,3,1,1,0.33
"1088",61475,2017-04-01,2016-07-01,274,1088,2,0,1,0
"1089",61476,2016-07-01,2016-07-01,0,1089,3,0,1,0
"1090",61478,2016-08-01,2016-07-01,31,1090,1,0,1,0
"1091",61479,2016-10-01,2016-07-01,92,1091,3,1,1,0.33
"1092",61480,2017-04-01,2016-07-01,274,1092,4,3,1,0.75
"1093",61481,2016-09-01,2016-07-01,62,1093,4,1,1,0.25
"1094",61482,2017-04-01,2016-07-01,274,1094,3,0,1,0
"1095",61483,2017-04-01,2016-07-01,274,1095,2,1,1,0.5
"1096",61484,2016-09-01,2016-07-01,62,1096,5,0,1,0
"1097",61485,2016-07-01,2016-05-01,61,1097,4,2,1,0.5
"1098",61486,2017-04-01,2016-07-01,274,1098,3,2,1,0.67
"1099",61487,2017-04-01,2016-07-01,274,1099,5,2,1,0.4
"1100",61489,2016-10-01,2016-07-01,92,1100,3,0,1,0
"1101",61490,2017-04-01,2016-07-01,274,1101,3,1,1,0.33
"1102",61492,2017-01-01,2016-07-01,184,1102,1,0,2,0
"1103",61493,2017-04-01,2016-08-01,243,1103,2,0,1,0
"1104",61495,2016-11-01,2016-07-01,123,1104,7,4,1,0.57
"1105",61496,2016-12-01,2016-07-01,153,1105,4,0,1,0
"1106",61497,2017-04-01,2016-07-01,274,1106,2,0,1,0
"1107",61499,2017-01-01,2016-07-01,184,1107,4,1,1,0.25
"1108",61500,2016-07-01,2016-06-01,30,1108,8,4,1,0.5
"1109",61501,2016-09-01,2016-07-01,62,1109,7,1,1,0.14
"1110",61503,2017-01-01,2016-07-01,184,1110,5,4,1,0.8
"1111",61506,2016-11-01,2016-07-01,123,1111,6,4,1,0.67
"1112",61511,2016-08-01,2016-07-01,31,1112,5,1,1,0.2
"1113",61512,2017-04-01,2016-08-01,243,1113,4,1,1,0.25
"1114",61513,2017-04-01,2016-08-01,243,1114,7,2,1,0.29
"1115",61515,2017-04-01,2016-07-01,274,1115,3,0,1,0
"1116",61516,2016-09-01,2016-08-01,31,1116,1,0,1,0
"1117",61517,2016-09-01,2016-08-01,31,1117,3,1,1,0.33
"1118",61521,2016-09-01,2016-07-01,62,1118,3,0,1,0
"1119",61522,2017-04-01,2016-07-01,274,1119,2,1,1,0.5
"1120",61523,2016-08-01,2016-06-01,61,1120,6,5,1,0.83
"1121",61524,2017-04-01,2016-08-01,243,1121,4,1,1,0.25
"1122",61527,2017-04-01,2016-08-01,243,1122,8,4,1,0.5
"1123",61528,2017-04-01,2016-08-01,243,1123,5,1,1,0.2
"1124",61529,2016-12-01,2016-08-01,122,1124,3,1,1,0.33
"1125",61530,2017-04-01,2016-08-01,243,1125,6,2,1,0.33
"1126",61533,2016-09-01,2016-07-01,62,1126,3,1,1,0.33
"1127",61534,2017-04-01,2016-08-01,243,1127,5,2,1,0.4
"1128",61535,2016-09-01,2016-08-01,31,1128,6,2,1,0.33
"1129",61538,2017-04-01,2016-08-01,243,1129,6,0,1,0
"1130",61539,2017-04-01,2016-08-01,243,1130,2,1,1,0.5
"1131",61540,2016-12-01,2016-08-01,122,1131,7,4,1,0.57
"1132",61542,2016-10-01,2016-08-01,61,1132,6,4,1,0.67
"1133",61544,2017-04-01,2016-08-01,243,1133,3,1,1,0.33
"1134",61546,2017-04-01,2016-08-01,243,1134,4,2,1,0.5
"1135",61547,2016-09-01,2016-08-01,31,1135,6,0,1,0
"1136",61548,2017-04-01,2016-08-01,243,1136,4,2,1,0.5
"1137",61549,2017-04-01,2016-07-01,274,1137,3,0,1,0
"1138",61551,2017-04-01,2016-08-01,243,1138,6,2,1,0.33
"1139",61554,2016-09-01,2016-07-01,62,1139,2,0,1,0
"1140",61555,2017-04-01,2016-08-01,243,1140,3,1,1,0.33
"1141",61556,2017-04-01,2016-08-01,243,1141,7,4,1,0.57
"1142",61557,2017-04-01,2016-08-01,243,1142,4,1,1,0.25
"1143",61560,2017-04-01,2016-08-01,243,1143,7,1,1,0.14
"1144",61561,2017-04-01,2016-08-01,243,1144,3,2,1,0.67
"1145",61562,2016-11-01,2016-08-01,92,1145,2,0,1,0
"1146",61563,2017-04-01,2016-08-01,243,1146,5,1,1,0.2
"1147",61565,2016-08-01,2016-07-01,31,1147,1,0,1,0
"1148",61566,2016-12-01,2016-08-01,122,1148,3,1,1,0.33
"1149",61569,2017-04-01,2016-08-01,243,1149,4,3,1,0.75
"1150",61571,2016-11-01,2016-08-01,92,1150,4,3,1,0.75
"1151",61572,2017-04-01,2016-08-01,243,1151,8,6,1,0.75
"1152",61573,2017-04-01,2016-08-01,243,1152,4,2,1,0.5
"1153",61575,2017-01-01,2016-08-01,153,1153,5,2,1,0.4
"1154",61584,2017-01-01,2016-08-01,153,1154,7,2,1,0.29
"1155",61587,2016-12-01,2016-07-01,153,1155,6,3,2,0.5
"1156",61588,2017-04-01,2016-08-01,243,1156,5,3,1,0.6
"1157",61589,2017-04-01,2016-08-01,243,1157,4,0,1,0
"1158",61590,2017-04-01,2016-08-01,243,1158,3,1,1,0.33
"1159",61594,2016-12-01,2016-08-01,122,1159,7,0,1,0
"1160",61600,2017-04-01,2016-08-01,243,1160,3,2,1,0.67
"1161",61602,2016-10-01,2016-08-01,61,1161,3,0,1,0
"1162",61606,2017-04-01,2016-08-01,243,1162,8,2,1,0.25
"1163",61608,2017-04-01,2016-08-01,243,1163,6,2,1,0.33
"1164",61609,2016-11-01,2016-08-01,92,1164,3,1,1,0.33
"1165",61610,2017-04-01,2016-08-01,243,1165,4,1,2,0.25
"1166",61611,2016-10-01,2016-07-01,92,1166,6,2,1,0.33
"1167",61612,2017-04-01,2016-08-01,243,1167,5,1,1,0.2
"1168",61613,2017-04-01,2016-08-01,243,1168,3,1,1,0.33
"1169",61616,2016-09-01,2016-08-01,31,1169,4,1,1,0.25
"1170",61618,2017-04-01,2016-08-01,243,1170,4,2,1,0.5
"1171",61622,2016-12-01,2016-08-01,122,1171,2,1,1,0.5
"1172",61626,2017-04-01,2016-08-01,243,1172,3,2,1,0.67
"1173",61627,2016-10-01,2016-08-01,61,1173,4,0,1,0
"1174",61629,2017-04-01,2016-08-01,243,1174,7,4,1,0.57
"1175",61631,2016-08-01,2016-06-01,61,1175,7,0,1,0
"1176",61634,2016-09-01,2016-07-01,62,1176,4,3,1,0.75
"1177",61635,2017-04-01,2016-08-01,243,1177,6,3,1,0.5
"1178",61637,2016-11-01,2016-08-01,92,1178,4,1,1,0.25
"1179",61638,2017-04-01,2016-08-01,243,1179,3,2,1,0.67
"1180",61639,2017-01-01,2016-08-01,153,1180,4,0,1,0
"1181",61640,2017-01-01,2016-08-01,153,1181,3,1,1,0.33
"1182",61643,2017-01-01,2016-08-01,153,1182,6,3,1,0.5
"1183",61649,2017-01-01,2016-08-01,153,1183,3,2,1,0.67
"1184",61650,2017-04-01,2016-08-01,243,1184,4,2,1,0.5
"1185",61651,2017-04-01,2016-08-01,243,1185,5,3,1,0.6
"1186",61653,2016-08-01,2016-08-01,0,1186,5,2,1,0.4
"1187",61654,2017-04-01,2016-08-01,243,1187,3,0,1,0
"1188",61655,2016-09-01,2016-08-01,31,1188,3,1,1,0.33
"1189",61656,2017-04-01,2016-08-01,243,1189,4,0,1,0
"1190",61657,2017-04-01,2016-08-01,243,1190,6,0,1,0
"1191",61658,2016-10-01,2016-08-01,61,1191,3,0,1,0
"1192",61659,2017-04-01,2016-08-01,243,1192,3,2,1,0.67
"1193",61660,2017-04-01,2016-08-01,243,1193,1,0,1,0
"1194",61661,2017-04-01,2016-08-01,243,1194,3,0,1,0
"1195",61662,2016-10-01,2016-08-01,61,1195,5,2,1,0.4
"1196",61665,2016-09-01,2016-08-01,31,1196,6,1,1,0.17
"1197",61666,2017-04-01,2016-08-01,243,1197,5,0,1,0
"1198",61668,2016-10-01,2016-08-01,61,1198,3,2,1,0.67
"1199",61669,2017-01-01,2016-08-01,153,1199,2,0,1,0
"1200",61671,2016-08-01,2016-08-01,0,1200,4,0,1,0
"1201",61674,2017-04-01,2016-08-01,243,1201,3,2,1,0.67
"1202",61675,2017-04-01,2016-08-01,243,1202,4,3,1,0.75
"1203",61676,2017-04-01,2016-08-01,243,1203,5,1,1,0.2
"1204",61677,2016-10-01,2016-08-01,61,1204,4,2,1,0.5
"1205",61678,2016-11-01,2016-08-01,92,1205,4,2,1,0.5
"1206",61679,2016-09-01,2016-08-01,31,1206,5,1,1,0.2
"1207",61680,2016-09-01,2016-08-01,31,1207,5,3,1,0.6
"1208",61681,2017-04-01,2016-08-01,243,1208,4,2,1,0.5
"1209",61682,2016-09-01,2016-08-01,31,1209,1,0,1,0
"1210",61684,2016-12-01,2016-08-01,122,1210,7,2,1,0.29
"1211",61685,2016-09-01,2016-08-01,31,1211,4,1,1,0.25
"1212",61686,2017-04-01,2016-12-01,121,1212,3,2,2,0.67
"1213",61687,2016-11-01,2016-09-01,61,1213,7,6,1,0.86
"1214",61688,2017-04-01,2016-08-01,243,1214,5,2,1,0.4
"1215",61689,2016-10-01,2016-08-01,61,1215,3,0,1,0
"1216",61693,2016-10-01,2016-09-01,30,1216,5,2,1,0.4
"1217",61697,2017-04-01,2016-09-01,212,1217,3,1,1,0.33
"1218",61701,2017-01-01,2016-09-01,122,1218,4,3,1,0.75
"1219",61702,2017-04-01,2016-08-01,243,1219,5,3,1,0.6
"1220",61703,2017-04-01,2016-09-01,212,1220,8,5,1,0.62
"1221",61708,2016-11-01,2016-08-01,92,1221,4,2,1,0.5
"1222",61709,2017-04-01,2016-08-01,243,1222,3,1,1,0.33
"1223",61710,2016-09-01,2016-07-01,62,1223,4,2,1,0.5
"1224",61711,2017-04-01,2016-09-01,212,1224,6,4,1,0.67
"1225",61714,2017-01-01,2016-08-01,153,1225,8,3,1,0.38
"1226",61715,2016-12-01,2016-09-01,91,1226,4,3,1,0.75
"1227",61716,2016-12-01,2016-09-01,91,1227,5,0,1,0
"1228",61718,2017-04-01,2016-08-01,243,1228,12,3,1,0.25
"1229",61719,2017-04-01,2016-09-01,212,1229,9,6,1,0.67
"1230",61722,2017-04-01,2016-09-01,212,1230,4,0,1,0
"1231",61723,2017-04-01,2016-09-01,212,1231,4,0,1,0
"1232",61724,2017-04-01,2016-09-01,212,1232,4,2,1,0.5
"1233",61726,2016-10-01,2016-09-01,30,1233,2,1,1,0.5
"1234",61728,2016-09-01,2016-09-01,0,1234,4,1,1,0.25
"1235",61730,2017-04-01,2016-09-01,212,1235,4,2,1,0.5
"1236",61731,2016-12-01,2016-09-01,91,1236,4,0,1,0
"1237",61732,2017-04-01,2016-09-01,212,1237,1,0,1,0
"1238",61738,2016-09-01,2016-09-01,0,1238,3,1,1,0.33
"1239",61739,2017-04-01,2016-08-01,243,1239,2,1,1,0.5
"1240",61740,2016-10-01,2016-09-01,30,1240,4,0,1,0
"1241",61745,2017-04-01,2016-12-01,121,1241,5,2,1,0.4
"1242",61746,2017-04-01,2016-08-01,243,1242,4,3,1,0.75
"1243",61747,2017-04-01,2016-09-01,212,1243,7,2,1,0.29
"1244",61748,2016-09-01,2016-07-01,62,1244,3,1,1,0.33
"1245",61749,2017-04-01,2016-09-01,212,1245,3,2,1,0.67
"1246",61750,2016-11-01,2016-08-01,92,1246,5,4,1,0.8
"1247",61752,2017-04-01,2016-09-01,212,1247,3,1,1,0.33
"1248",61753,2017-04-01,2016-09-01,212,1248,4,1,1,0.25
"1249",61765,2017-04-01,2016-09-01,212,1249,8,4,1,0.5
"1250",61768,2017-04-01,2016-09-01,212,1250,4,1,1,0.25
"1251",61778,2016-09-01,2016-08-01,31,1251,3,2,1,0.67
"1252",61779,2016-10-01,2016-09-01,30,1252,3,0,1,0
"1253",61780,2017-04-01,2016-09-01,212,1253,3,2,1,0.67
"1254",61781,2016-11-01,2016-07-01,123,1254,2,0,1,0
"1255",61782,2017-01-01,2016-09-01,122,1255,5,2,1,0.4
"1256",61789,2016-10-01,2016-08-01,61,1256,5,1,1,0.2
"1257",61790,2017-04-01,2016-09-01,212,1257,3,2,1,0.67
"1258",61792,2016-10-01,2016-09-01,30,1258,3,1,1,0.33
"1259",61794,2016-10-01,2016-05-01,153,1259,2,1,1,0.5
"1260",61795,2016-10-01,2016-05-01,153,1260,2,0,1,0
"1261",61797,2017-04-01,2016-09-01,212,1261,2,1,1,0.5
"1262",61800,2017-04-01,2016-09-01,212,1262,3,0,1,0
"1263",61813,2017-01-01,2016-09-01,122,1263,7,2,1,0.29
"1264",61814,2017-04-01,2016-09-01,212,1264,4,2,1,0.5
"1265",61816,2016-12-01,2016-09-01,91,1265,5,1,1,0.2
"1266",61817,2017-04-01,2016-09-01,212,1266,3,0,1,0
"1267",61818,2016-12-01,2016-09-01,91,1267,4,1,1,0.25
"1268",61819,2017-04-01,2016-09-01,212,1268,5,0,1,0
"1269",61825,2017-04-01,2016-09-01,212,1269,4,1,1,0.25
"1270",61828,2017-04-01,2016-09-01,212,1270,7,3,1,0.43
"1271",61830,2016-11-01,2016-09-01,61,1271,5,2,1,0.4
"1272",61831,2017-04-01,2016-09-01,212,1272,5,1,1,0.2
"1273",61839,2017-04-01,2016-09-01,212,1273,3,0,1,0
"1274",61840,2016-11-01,2016-09-01,61,1274,4,1,1,0.25
"1275",61842,2017-04-01,2016-09-01,212,1275,4,0,1,0
"1276",61843,2017-01-01,2016-09-01,122,1276,5,0,1,0
"1277",61844,2017-04-01,2016-09-01,212,1277,4,2,1,0.5
"1278",61848,2017-02-01,2016-09-01,153,1278,4,1,1,0.25
"1279",61849,2017-04-01,2016-10-01,182,1279,4,2,1,0.5
"1280",61858,2016-10-01,2016-09-01,30,1280,5,0,1,0
"1281",61859,2017-04-01,2016-09-01,212,1281,4,0,1,0
"1282",61860,2017-04-01,2016-10-01,182,1282,5,3,1,0.6
"1283",61865,2017-04-01,2016-10-01,182,1283,4,1,1,0.25
"1284",61867,2017-04-01,2016-10-01,182,1284,4,0,1,0
"1285",61869,2016-10-01,2016-01-01,274,1285,4,3,1,0.75
"1286",61870,2017-02-01,2016-09-01,153,1286,5,1,1,0.2
"1287",61871,2017-01-01,2016-09-01,122,1287,4,2,1,0.5
"1288",61873,2016-11-01,2016-10-01,31,1288,5,2,1,0.4
"1289",61877,2017-04-01,2016-10-01,182,1289,9,1,1,0.11
"1290",61879,2016-09-01,2016-10-01,-30,1290,4,0,1,0
"1291",61881,2017-04-01,2016-09-01,212,1291,2,1,1,0.5
"1292",61882,2017-04-01,2016-10-01,182,1292,5,4,1,0.8
"1293",61887,2016-12-01,2016-10-01,61,1293,4,2,1,0.5
"1294",61888,2017-04-01,2016-10-01,182,1294,3,2,1,0.67
"1295",61889,2017-04-01,2016-10-01,182,1295,12,6,1,0.5
"1296",61890,2017-04-01,2016-10-01,182,1296,3,0,1,0
"1297",61891,2017-04-01,2016-10-01,182,1297,4,2,1,0.5
"1298",61892,2017-04-01,2016-10-01,182,1298,7,1,1,0.14
"1299",61893,2017-04-01,2016-09-01,212,1299,3,1,1,0.33
"1300",61894,2017-04-01,2016-10-01,182,1300,3,1,1,0.33
"1301",61896,2017-04-01,2016-10-01,182,1301,2,1,1,0.5
"1302",61897,2016-11-01,2016-10-01,31,1302,4,1,1,0.25
"1303",61900,2017-04-01,2016-10-01,182,1303,7,2,1,0.29
"1304",61902,2016-10-01,2016-09-01,30,1304,4,0,1,0
"1305",61903,2016-11-01,2016-08-01,92,1305,3,2,1,0.67
"1306",61905,2017-04-01,2016-10-01,182,1306,4,0,1,0
"1307",61906,2017-04-01,2016-10-01,182,1307,9,3,1,0.33
"1308",61908,2016-12-01,2016-10-01,61,1308,4,1,1,0.25
"1309",61910,2016-10-01,2016-10-01,0,1309,3,0,1,0
"1310",61911,2017-04-01,2016-10-01,182,1310,2,1,1,0.5
"1311",61912,2017-04-01,2016-10-01,182,1311,1,0,1,0
"1312",61913,2017-04-01,2016-10-01,182,1312,8,2,1,0.25
"1313",61914,2017-04-01,2016-10-01,182,1313,5,3,1,0.6
"1314",61916,2017-04-01,2016-09-01,212,1314,3,0,1,0
"1315",61919,2017-01-01,2016-10-01,92,1315,9,3,1,0.33
"1316",61922,2017-04-01,2016-10-01,182,1316,3,2,1,0.67
"1317",61923,2016-11-01,2016-10-01,31,1317,2,1,1,0.5
"1318",61924,2016-10-01,2016-10-01,0,1318,3,2,1,0.67
"1319",61925,2017-02-01,2016-10-01,123,1319,7,3,1,0.43
"1320",61926,2017-04-01,2016-10-01,182,1320,5,1,1,0.2
"1321",61927,2017-04-01,2016-09-01,212,1321,3,1,1,0.33
"1322",61929,2017-04-01,2016-10-01,182,1322,1,0,1,0
"1323",61930,2017-04-01,2016-10-01,182,1323,5,1,1,0.2
"1324",61931,2017-04-01,2016-10-01,182,1324,6,2,1,0.33
"1325",61932,2017-04-01,2016-09-01,212,1325,2,1,1,0.5
"1326",61933,2017-04-01,2016-10-01,182,1326,3,2,1,0.67
"1327",61934,2017-04-01,2016-10-01,182,1327,2,0,1,0
"1328",61935,2016-10-01,2016-10-01,0,1328,6,2,1,0.33
"1329",61936,2016-10-01,2016-09-01,30,1329,5,2,1,0.4
"1330",61937,2017-04-01,2016-10-01,182,1330,3,2,1,0.67
"1331",61943,2016-10-01,2016-10-01,0,1331,2,1,1,0.5
"1332",61944,2016-10-01,2016-07-01,92,1332,6,3,1,0.5
"1333",61945,2016-10-01,2016-09-01,30,1333,3,2,1,0.67
"1334",61946,2017-04-01,2016-09-01,212,1334,3,1,1,0.33
"1335",61950,2017-01-01,2016-10-01,92,1335,5,3,1,0.6
"1336",61951,2017-04-01,2016-10-01,182,1336,3,2,1,0.67
"1337",61952,2017-04-01,2016-12-01,121,1337,5,3,1,0.6
"1338",61953,2017-04-01,2016-10-01,182,1338,4,1,1,0.25
"1339",61954,2017-04-01,2016-10-01,182,1339,5,3,1,0.6
"1340",61955,2016-10-01,2016-10-01,0,1340,4,3,1,0.75
"1341",61959,2017-04-01,2016-10-01,182,1341,3,1,1,0.33
"1342",61960,2017-04-01,2016-10-01,182,1342,5,0,1,0
"1343",61963,2017-04-01,2016-10-01,182,1343,8,4,1,0.5
"1344",61966,2017-04-01,2016-10-01,182,1344,4,1,1,0.25
"1345",61967,2016-10-01,2016-10-01,0,1345,4,1,1,0.25
"1346",61968,2016-10-01,2016-10-01,0,1346,4,1,1,0.25
"1347",61969,2016-10-01,2016-10-01,0,1347,4,1,1,0.25
"1348",61973,2017-01-01,2016-09-01,122,1348,1,0,1,0
"1349",61979,2017-04-01,2016-09-01,212,1349,4,1,1,0.25
"1350",61980,2016-10-01,2016-10-01,0,1350,3,1,1,0.33
"1351",61981,2017-04-01,2016-10-01,182,1351,4,1,1,0.25
"1352",61983,2017-01-01,2016-10-01,92,1352,2,1,1,0.5
"1353",61985,2017-04-01,2016-10-01,182,1353,6,4,1,0.67
"1354",61986,2016-10-01,2016-10-01,0,1354,8,1,1,0.12
"1355",61987,2016-10-01,2016-10-01,0,1355,3,2,1,0.67
"1356",61988,2017-04-01,2016-10-01,182,1356,4,1,1,0.25
"1357",61990,2016-10-01,2016-10-01,0,1357,4,1,1,0.25
"1358",61991,2017-04-01,2016-10-01,182,1358,3,2,1,0.67
"1359",61992,2017-04-01,2016-10-01,182,1359,9,0,1,0
"1360",61993,2017-01-01,2016-10-01,92,1360,3,0,1,0
"1361",61994,2017-01-01,2016-10-01,92,1361,6,3,1,0.5
"1362",61995,2017-04-01,2016-10-01,182,1362,7,1,1,0.14
"1363",61996,2016-11-01,2016-09-01,61,1363,5,1,1,0.2
"1364",61997,2016-12-01,2016-10-01,61,1364,3,2,1,0.67
"1365",61998,2016-10-01,2016-10-01,0,1365,3,0,1,0
"1366",61999,2017-04-01,2016-10-01,182,1366,6,0,1,0
"1367",62007,2017-04-01,2016-12-01,121,1367,5,2,1,0.4
"1368",62008,2017-04-01,2016-10-01,182,1368,3,2,1,0.67
"1369",62014,2017-04-01,2016-10-01,182,1369,3,2,1,0.67
"1370",62016,2016-12-01,2016-10-01,61,1370,8,3,1,0.38
"1371",62030,2017-04-01,2016-10-01,182,1371,4,0,1,0
"1372",62031,2016-12-01,2016-10-01,61,1372,3,0,1,0
"1373",62032,2016-11-01,2016-07-01,123,1373,4,1,1,0.25
"1374",62033,2017-04-01,2016-10-01,182,1374,4,1,1,0.25
"1375",62034,2017-04-01,2016-11-01,151,1375,5,3,1,0.6
"1376",62035,2017-04-01,2016-10-01,182,1376,3,1,1,0.33
"1377",62040,2017-04-01,2016-11-01,151,1377,1,0,1,0
"1378",62041,2017-04-01,2016-10-01,182,1378,5,3,1,0.6
"1379",62042,2017-04-01,2016-11-01,151,1379,2,0,1,0
"1380",62043,2017-04-01,2016-11-01,151,1380,4,1,1,0.25
"1381",62044,2017-04-01,2016-10-01,182,1381,5,3,1,0.6
"1382",62047,2017-04-01,2016-11-01,151,1382,3,1,1,0.33
"1383",62048,2017-01-01,2016-11-01,61,1383,4,1,1,0.25
"1384",62049,2017-04-01,2016-10-01,182,1384,3,1,1,0.33
"1385",62051,2016-11-01,2016-10-01,31,1385,3,2,1,0.67
"1386",62054,2017-04-01,2016-11-01,151,1386,9,7,1,0.78
"1387",62058,2017-04-01,2016-11-01,151,1387,7,3,1,0.43
"1388",62060,2017-04-01,2016-11-01,151,1388,4,0,1,0
"1389",62061,2017-04-01,2016-12-01,121,1389,5,3,1,0.6
"1390",62064,2017-04-01,2016-11-01,151,1390,4,1,1,0.25
"1391",62065,2017-04-01,2016-11-01,151,1391,2,1,1,0.5
"1392",62067,2017-04-01,2016-11-01,151,1392,4,0,1,0
"1393",62069,2016-12-01,2016-11-01,30,1393,4,0,1,0
"1394",62070,2017-04-01,2016-11-01,151,1394,7,0,1,0
"1395",62071,2017-04-01,2016-11-01,151,1395,3,2,1,0.67
"1396",62072,2017-04-01,2016-11-01,151,1396,6,2,1,0.33
"1397",62075,2016-12-01,2016-11-01,30,1397,1,0,1,0
"1398",62077,2017-04-01,2016-11-01,151,1398,3,1,1,0.33
"1399",62078,2017-04-01,2016-11-01,151,1399,4,0,1,0
"1400",62080,2017-04-01,2016-08-01,243,1400,8,4,1,0.5
"1401",62081,2017-04-01,2016-11-01,151,1401,4,1,1,0.25
"1402",62084,2017-04-01,2016-11-01,151,1402,2,1,1,0.5
"1403",62085,2017-04-01,2016-10-01,182,1403,3,2,1,0.67
"1404",62087,2016-12-01,2016-11-01,30,1404,5,3,1,0.6
"1405",62088,2016-12-01,2016-10-01,61,1405,5,1,1,0.2
"1406",62089,2016-12-01,2016-10-01,61,1406,4,2,1,0.5
"1407",62090,2017-04-01,2016-11-01,151,1407,9,3,1,0.33
"1408",62091,2017-04-01,2016-11-01,151,1408,7,1,1,0.14
"1409",62092,2017-04-01,2016-11-01,151,1409,6,1,1,0.17
"1410",62093,2016-11-01,2016-10-01,31,1410,4,2,1,0.5
"1411",62094,2016-11-01,2016-10-01,31,1411,4,2,1,0.5
"1412",62095,2017-04-01,2016-10-01,182,1412,5,0,1,0
"1413",62096,2016-11-01,2016-07-01,123,1413,3,2,1,0.67
"1414",62097,2016-11-01,2016-11-01,0,1414,4,1,1,0.25
"1415",62098,2017-04-01,2016-11-01,151,1415,3,2,1,0.67
"1416",62099,2017-04-01,2016-11-01,151,1416,3,2,1,0.67
"1417",62101,2017-04-01,2016-10-01,182,1417,6,3,1,0.5
"1418",62110,2017-04-01,2016-10-01,182,1418,1,0,1,0
"1419",62112,2016-12-01,2016-11-01,30,1419,4,1,1,0.25
"1420",62113,2016-12-01,2016-11-01,30,1420,3,1,1,0.33
"1421",62114,2017-04-01,2016-11-01,151,1421,4,0,1,0
"1422",62115,2017-04-01,2016-11-01,151,1422,8,4,1,0.5
"1423",62117,2017-04-01,2016-11-01,151,1423,4,2,1,0.5
"1424",62119,2017-04-01,2016-11-01,151,1424,3,1,1,0.33
"1425",62121,2017-04-01,2016-11-01,151,1425,3,1,1,0.33
"1426",62122,2017-04-01,2016-11-01,151,1426,4,2,1,0.5
"1427",62123,2017-04-01,2016-11-01,151,1427,6,2,1,0.33
"1428",62124,2017-04-01,2016-11-01,151,1428,6,1,1,0.17
"1429",62125,2017-04-01,2016-11-01,151,1429,4,2,1,0.5
"1430",62126,2017-04-01,2016-11-01,151,1430,4,0,1,0
"1431",62127,2016-12-01,2016-11-01,30,1431,3,1,1,0.33
"1432",62132,2017-04-01,2016-11-01,151,1432,3,1,1,0.33
"1433",62133,2016-11-01,2016-11-01,0,1433,6,1,1,0.17
"1434",62134,2017-04-01,2016-11-01,151,1434,2,1,1,0.5
"1435",62135,2016-12-01,2016-11-01,30,1435,5,1,1,0.2
"1436",62136,2017-04-01,2016-11-01,151,1436,5,0,1,0
"1437",62137,2016-12-01,2016-11-01,30,1437,6,3,1,0.5
"1438",62138,2017-04-01,2016-11-01,151,1438,3,2,1,0.67
"1439",62144,2017-04-01,2016-11-01,151,1439,4,3,1,0.75
"1440",62146,2017-04-01,2016-11-01,151,1440,2,1,1,0.5
"1441",62147,2017-04-01,2016-11-01,151,1441,5,1,1,0.2
"1442",62148,2017-01-01,2016-11-01,61,1442,3,0,1,0
"1443",62149,2016-12-01,2016-11-01,30,1443,6,2,1,0.33
"1444",62150,2017-04-01,2016-11-01,151,1444,5,2,1,0.4
"1445",62153,2017-04-01,2016-11-01,151,1445,3,0,1,0
"1446",62156,2017-01-01,2016-11-01,61,1446,4,2,1,0.5
"1447",62158,2016-12-01,2016-11-01,30,1447,5,1,1,0.2
"1448",62163,2017-04-01,2016-12-01,121,1448,3,2,1,0.67
"1449",62165,2017-01-01,2016-11-01,61,1449,4,0,1,0
"1450",62166,2017-04-01,2016-12-01,121,1450,1,0,1,0
"1451",62168,2016-12-01,2016-11-01,30,1451,5,4,1,0.8
"1452",62169,2016-12-01,2016-11-01,30,1452,4,2,1,0.5
"1453",62173,2017-04-01,2016-12-01,121,1453,4,3,1,0.75
"1454",62177,2017-04-01,2016-12-01,121,1454,7,3,1,0.43
"1455",62178,2017-04-01,2016-11-01,151,1455,6,3,1,0.5
"1456",62179,2017-04-01,2016-12-01,121,1456,6,3,1,0.5
"1457",62181,2017-04-01,2016-11-01,151,1457,3,1,1,0.33
"1458",62184,2017-04-01,2016-12-01,121,1458,7,2,1,0.29
"1459",62186,2017-04-01,2016-12-01,121,1459,6,0,1,0
"1460",62188,2017-04-01,2016-12-01,121,1460,5,0,1,0
"1461",62189,2017-04-01,2016-12-01,121,1461,7,5,1,0.71
"1462",62196,2017-04-01,2016-10-01,182,1462,3,0,1,0
"1463",62197,2017-04-01,2016-12-01,121,1463,3,0,1,0
"1464",62198,2016-12-01,2016-11-01,30,1464,3,0,1,0
"1465",62199,2017-01-01,2016-12-01,31,1465,4,2,1,0.5
"1466",62202,2016-12-01,2016-11-01,30,1466,3,2,1,0.67
"1467",62204,2017-04-01,2016-12-01,121,1467,4,2,1,0.5
"1468",62205,2017-04-01,2016-12-01,121,1468,1,0,1,0
"1469",62208,2017-02-01,2016-12-01,62,1469,2,1,1,0.5
"1470",62209,2017-04-01,2016-12-01,121,1470,3,1,1,0.33
"1471",62211,2017-04-01,2016-12-01,121,1471,2,1,1,0.5
"1472",62212,2017-04-01,2016-12-01,121,1472,3,0,1,0
"1473",62213,2017-04-01,2016-12-01,121,1473,6,1,1,0.17
"1474",62214,2017-04-01,2016-11-01,151,1474,4,2,1,0.5
"1475",62219,2016-12-01,2016-11-01,30,1475,6,5,1,0.83
"1476",62220,2016-12-01,2016-12-01,0,1476,1,0,1,0
"1477",62221,2017-04-01,2016-12-01,121,1477,5,0,1,0
"1478",62222,2016-12-01,2016-11-01,30,1478,3,0,1,0
"1479",62228,2017-04-01,2016-12-01,121,1479,5,1,1,0.2
"1480",62230,2017-01-01,2016-12-01,31,1480,10,5,1,0.5
"1481",62232,2017-04-01,2016-12-01,121,1481,5,1,1,0.2
"1482",62235,2017-04-01,2016-12-01,121,1482,5,3,1,0.6
"1483",62237,2017-01-01,2016-12-01,31,1483,6,0,1,0
"1484",62244,2017-04-01,2016-11-01,151,1484,5,0,1,0
"1485",62248,2017-04-01,2016-12-01,121,1485,4,1,1,0.25
"1486",62249,2017-04-01,2016-12-01,121,1486,3,0,1,0
"1487",62250,2017-04-01,2016-12-01,121,1487,3,1,1,0.33
"1488",62251,2017-04-01,2016-12-01,121,1488,3,2,1,0.67
"1489",62252,2016-12-01,2016-11-01,30,1489,4,1,1,0.25
"1490",62253,2016-12-01,2016-11-01,30,1490,4,3,1,0.75
"1491",62254,2017-04-01,2016-12-01,121,1491,5,0,1,0
"1492",62255,2017-04-01,2016-12-01,121,1492,5,3,1,0.6
"1493",62258,2017-04-01,2016-12-01,121,1493,3,1,1,0.33
"1494",62262,2017-04-01,2016-12-01,121,1494,2,0,1,0
"1495",62263,2017-04-01,2016-12-01,121,1495,4,0,1,0
"1496",62269,2017-04-01,2016-12-01,121,1496,3,0,1,0
"1497",62271,2016-12-01,2016-12-01,0,1497,3,1,1,0.33
"1498",62274,2016-12-01,2016-12-01,0,1498,4,0,1,0
"1499",62275,2017-04-01,2016-08-01,243,1499,4,2,1,0.5
"1500",62276,2017-04-01,2016-12-01,121,1500,3,1,1,0.33
"1501",62277,2017-04-01,2016-12-01,121,1501,5,4,1,0.8
"1502",62279,2017-04-01,2016-12-01,121,1502,4,2,1,0.5
"1503",62280,2017-01-01,2016-11-01,61,1503,8,1,1,0.12
"1504",62282,2017-04-01,2016-12-01,121,1504,5,0,1,0
"1505",62283,2017-04-01,2016-12-01,121,1505,3,1,1,0.33
"1506",62284,2017-04-01,2016-12-01,121,1506,4,1,1,0.25
"1507",62285,2017-04-01,2016-12-01,121,1507,5,0,1,0
"1508",62286,2017-04-01,2016-12-01,121,1508,5,1,1,0.2
"1509",62287,2017-04-01,2016-12-01,121,1509,3,0,1,0
"1510",62288,2017-04-01,2016-12-01,121,1510,1,0,1,0
"1511",62289,2017-04-01,2016-12-01,121,1511,2,0,1,0
"1512",62290,2017-01-01,2016-12-01,31,1512,3,2,1,0.67
"1513",62291,2017-04-01,2016-12-01,121,1513,7,5,1,0.71
"1514",62292,2017-04-01,2016-12-01,121,1514,3,1,1,0.33
"1515",62293,2017-04-01,2016-12-01,121,1515,4,0,1,0
"1516",62294,2017-04-01,2016-12-01,121,1516,6,1,1,0.17
"1517",62295,2017-04-01,2016-12-01,121,1517,7,0,1,0
"1518",62296,2017-01-01,2016-12-01,31,1518,9,1,1,0.11
"1519",62299,2017-01-01,2016-12-01,31,1519,4,1,1,0.25
"1520",62301,2017-01-01,2016-10-01,92,1520,3,1,1,0.33
"1521",62304,2017-01-01,2016-12-01,31,1521,4,2,1,0.5
"1522",62305,2017-04-01,2016-12-01,121,1522,5,4,1,0.8
"1523",62306,2017-01-01,2016-12-01,31,1523,6,1,1,0.17
"1524",62307,2017-04-01,2016-11-01,151,1524,7,0,1,0
"1525",62313,2017-01-01,2016-12-01,31,1525,3,0,1,0
"1526",62314,2017-02-01,2016-12-01,62,1526,2,1,1,0.5
"1527",62320,2017-01-01,2016-12-01,31,1527,6,3,1,0.5
"1528",62321,2017-01-01,2016-12-01,31,1528,3,0,1,0
"1529",62323,2017-01-01,2016-12-01,31,1529,5,1,1,0.2
"1530",62327,2017-04-01,2016-12-01,121,1530,4,0,1,0
"1531",62331,2017-01-01,2016-12-01,31,1531,8,2,1,0.25
"1532",62334,2017-04-01,2016-06-01,304,1532,10,0,1,0
"1533",62335,2017-01-01,2016-10-01,92,1533,3,0,1,0
"1534",62336,2017-04-01,2016-08-01,243,1534,4,1,1,0.25
"1535",62337,2017-01-01,2016-10-01,92,1535,6,0,1,0
"1536",62339,2017-04-01,2016-12-01,121,1536,3,1,1,0.33
"1537",62349,2017-01-01,2016-12-01,31,1537,4,0,1,0
"1538",62351,2017-01-01,2016-12-01,31,1538,5,2,1,0.4
"1539",62355,2017-01-01,2016-11-01,61,1539,3,2,1,0.67
"1540",62365,2017-04-01,2016-05-01,335,1540,3,2,1,0.67
"1541",62380,2017-01-01,2016-12-01,31,1541,3,2,1,0.67
"1542",62381,2017-01-01,2016-03-01,306,1542,6,0,1,0
"1543",62390,2017-01-01,2016-12-01,31,1543,5,4,1,0.8
"1544",62392,2017-04-01,2016-12-01,121,1544,7,2,1,0.29
"1545",62394,2017-01-01,2016-12-01,31,1545,2,0,1,0
"1546",62403,2017-01-01,2016-11-01,61,1546,4,3,1,0.75
"1547",62409,2017-04-01,2016-12-01,121,1547,7,2,1,0.29
"1548",62456,2017-02-01,2016-04-01,306,1548,3,2,1,0.67
"1549",62465,2017-04-01,2016-10-01,182,1549,4,1,1,0.25
